campaign_id,household_id,audience_group,send_date,delivered,opened,clicked,responded,converted,conversion_value,contact_cost
CMP_001,HH_000002,Target,2026-03-10,1,1,1,1,0,0.0,0.5
CMP_001,HH_000003,Target,2026-03-20,1,1,1,1,0,0.0,0.5
CMP_001,HH_000004,Target,2026-03-08,1,0,0,0,0,0.0,0.5
CMP_001,HH_000005,Target,2026-03-10,1,0,0,1,1,8640.73,0.5
CMP_001,HH_000008,Target,2026-03-06,1,1,0,1,1,5659.49,0.5
CMP_001,HH_000011,Target,2026-03-10,1,0,0,0,0,0.0,0.5
CMP_001,HH_000015,Target,2026-03-14,0,,,0,0,0.0,0.5
CMP_001,HH_000016,Target,2026-03-22,1,0,0,0,0,0.0,0.5
CMP_001,HH_000020,Target,2026-03-03,1,0,0,0,0,0.0,0.5
CMP_001,HH_000023,Holdout,,0,,,0,0,0.0,0.0
CMP_001,HH_000028,Target,2026-03-28,1,1,0,1,0,0.0,0.5
CMP_001,HH_000030,Holdout,,0,,,0,0,0.0,0.0
CMP_001,HH_000031,Target,2026-03-07,1,0,0,0,0,0.0,0.5
CMP_001,HH_000035,Holdout,,0,,,0,0,0.0,0.0
CMP_001,HH_000037,Target,2026-03-03,1,1,1,1,0,0.0,0.5
CMP_001,HH_000039,Target,2026-03-20,1,0,0,0,0,0.0,0.5
CMP_001,HH_000041,Target,2026-03-31,1,0,0,0,0,0.0,0.5
CMP_001,HH_000044,Target,2026-03-19,1,1,0,0,0,0.0,0.5
CMP_001,HH_000045,Target,2026-03-18,0,,,0,0,0.0,0.5
CMP_001,HH_000047,Target,2026-03-29,1,1,0,0,0,0.0,0.5
CMP_001,HH_000048,Target,2026-03-16,1,0,0,0,0,0.0,0.5
CMP_001,HH_000050,Holdout,,0,,,0,0,0.0,0.0
CMP_001,HH_000054,Target,2026-03-10,1,0,0,0,0,0.0,0.5
CMP_001,HH_000057,Target,2026-03-02,1,0,0,0,0,0.0,0.5
CMP_001,HH_000060,Target,2026-03-07,1,0,0,0,0,0.0,0.5
CMP_001,HH_000062,Target,2026-03-18,1,0,0,0,0,0.0,0.5
CMP_001,HH_000065,Target,2026-03-26,1,0,0,0,0,0.0,0.5
CMP_001,HH_000068,Target,2026-03-05,1,0,0,0,0,0.0,0.5
CMP_001,HH_000073,Target,2026-03-03,1,1,0,0,0,0.0,0.5
CMP_001,HH_000075,Target,2026-03-19,0,,,0,0,0.0,0.5
CMP_001,HH_000076,Target,2026-03-17,1,0,0,0,0,0.0,0.5
CMP_001,HH_000078,Target,2026-03-08,1,0,0,0,0,0.0,0.5
CMP_001,HH_000079,Target,2026-03-14,1,0,0,0,0,0.0,0.5
CMP_001,HH_000080,Target,2026-03-05,1,1,1,1,1,2018.63,0.5
CMP_001,HH_000083,Target,2026-03-24,1,0,0,0,0,0.0,0.5
CMP_001,HH_000084,Holdout,,0,,,0,0,0.0,0.0
CMP_001,HH_000087,Target,2026-03-08,1,0,0,0,0,0.0,0.5
CMP_001,HH_000090,Holdout,,0,,,0,0,0.0,0.0
CMP_001,HH_000092,Target,2026-03-05,1,1,0,0,0,0.0,0.5
CMP_001,HH_000093,Target,2026-03-22,1,1,0,0,0,0.0,0.5
CMP_001,HH_000094,Target,2026-03-16,1,1,1,1,0,0.0,0.5
CMP_001,HH_000095,Holdout,,0,,,0,0,0.0,0.0
CMP_001,HH_000097,Holdout,,0,,,0,0,0.0,0.0
CMP_001,HH_000100,Target,2026-03-04,1,0,0,0,0,0.0,0.5
CMP_001,HH_000108,Target,2026-03-08,1,0,0,0,0,0.0,0.5
CMP_001,HH_000109,Target,2026-03-14,1,1,0,0,0,0.0,0.5
CMP_001,HH_000112,Holdout,,0,,,0,0,0.0,0.0
CMP_001,HH_000113,Target,2026-03-11,1,1,1,1,0,0.0,0.5
CMP_001,HH_000114,Target,2026-03-03,1,0,0,0,0,0.0,0.5
CMP_001,HH_000122,Holdout,,0,,,0,0,0.0,0.0
CMP_001,HH_000125,Target,2026-03-21,1,1,0,0,0,0.0,0.5
CMP_001,HH_000127,Target,2026-03-03,1,0,0,0,0,0.0,0.5
CMP_001,HH_000128,Target,2026-03-31,1,1,0,1,0,0.0,0.5
CMP_001,HH_000129,Target,2026-03-16,1,0,0,0,0,0.0,0.5
CMP_001,HH_000131,Target,2026-03-20,1,0,0,0,0,0.0,0.5
CMP_001,HH_000132,Target,2026-03-31,1,1,1,1,0,0.0,0.5
CMP_001,HH_000133,Target,2026-03-19,1,0,0,0,0,0.0,0.5
CMP_001,HH_000135,Holdout,,0,,,0,1,8719.73,0.0
CMP_001,HH_000137,Target,2026-03-30,1,1,1,1,0,0.0,0.5
CMP_001,HH_000140,Target,2026-03-21,1,1,0,0,0,0.0,0.5
CMP_001,HH_000141,Target,2026-03-31,1,0,0,0,0,0.0,0.5
CMP_001,HH_000143,Target,2026-03-02,1,1,1,1,0,0.0,0.5
CMP_001,HH_000144,Target,2026-03-24,1,0,0,1,1,965.54,0.5
CMP_001,HH_000148,Holdout,,0,,,0,0,0.0,0.0
CMP_001,HH_000149,Target,2026-03-06,1,1,1,1,0,0.0,0.5
CMP_001,HH_000152,Holdout,,0,,,0,0,0.0,0.0
CMP_001,HH_000154,Target,2026-03-23,1,1,0,0,0,0.0,0.5
CMP_001,HH_000161,Target,2026-03-31,1,1,1,1,0,0.0,0.5
CMP_001,HH_000163,Target,2026-03-07,1,0,0,0,0,0.0,0.5
CMP_001,HH_000164,Holdout,,0,,,0,0,0.0,0.0
CMP_001,HH_000165,Target,2026-03-27,1,0,0,0,0,0.0,0.5
CMP_001,HH_000167,Target,2026-03-08,1,0,0,0,0,0.0,0.5
CMP_001,HH_000170,Target,2026-03-09,1,1,0,1,0,0.0,0.5
CMP_001,HH_000171,Target,2026-03-13,1,0,0,0,0,0.0,0.5
CMP_001,HH_000173,Holdout,,0,,,0,0,0.0,0.0
CMP_001,HH_000174,Target,2026-03-07,0,,,0,0,0.0,0.5
CMP_001,HH_000176,Target,2026-03-03,0,,,0,0,0.0,0.5
CMP_001,HH_000177,Target,2026-03-25,1,0,0,0,0,0.0,0.5
CMP_001,HH_000179,Holdout,,0,,,0,0,0.0,0.0
CMP_001,HH_000181,Target,2026-03-15,1,1,0,0,0,0.0,0.5
CMP_001,HH_000182,Target,2026-03-13,1,0,0,0,0,0.0,0.5
CMP_001,HH_000183,Holdout,,0,,,0,0,0.0,0.0
CMP_001,HH_000189,Target,2026-03-18,1,1,0,1,0,0.0,0.5
CMP_001,HH_000190,Target,2026-03-14,1,0,0,0,0,0.0,0.5
CMP_001,HH_000191,Target,2026-03-19,1,0,0,0,0,0.0,0.5
CMP_001,HH_000195,Target,2026-03-21,1,0,0,0,0,0.0,0.5
CMP_001,HH_000196,Target,2026-03-17,1,0,0,0,0,0.0,0.5
CMP_001,HH_000199,Target,2026-03-11,1,0,0,0,0,0.0,0.5
CMP_001,HH_000201,Target,2026-03-26,1,1,0,1,0,0.0,0.5
CMP_001,HH_000205,Target,2026-03-21,0,,,0,0,0.0,0.5
CMP_001,HH_000206,Target,2026-03-15,1,0,0,0,0,0.0,0.5
CMP_001,HH_000208,Target,2026-03-14,1,1,0,1,1,2452.12,0.5
CMP_001,HH_000209,Target,2026-03-15,1,1,0,0,0,0.0,0.5
CMP_001,HH_000213,Target,2026-03-05,1,0,0,0,0,0.0,0.5
CMP_001,HH_000215,Target,2026-03-21,0,,,0,0,0.0,0.5
CMP_001,HH_000217,Target,2026-03-16,1,0,0,0,0,0.0,0.5
CMP_001,HH_000219,Target,2026-03-19,1,0,0,0,0,0.0,0.5
CMP_001,HH_000223,Holdout,,0,,,0,0,0.0,0.0
CMP_001,HH_000228,Target,2026-03-26,1,0,0,0,0,0.0,0.5
CMP_001,HH_000230,Target,2026-03-11,1,1,0,1,0,0.0,0.5
CMP_001,HH_000232,Target,2026-03-06,1,0,0,0,0,0.0,0.5
CMP_001,HH_000233,Target,2026-03-15,1,1,0,0,0,0.0,0.5
CMP_001,HH_000236,Holdout,,0,,,0,0,0.0,0.0
CMP_001,HH_000239,Target,2026-03-13,1,0,0,0,0,0.0,0.5
CMP_001,HH_000246,Holdout,,0,,,0,0,0.0,0.0
CMP_001,HH_000247,Target,2026-03-30,1,1,1,1,0,0.0,0.5
CMP_001,HH_000248,Target,2026-03-23,1,0,0,0,0,0.0,0.5
CMP_001,HH_000252,Target,2026-03-21,1,0,0,0,0,0.0,0.5
CMP_001,HH_000254,Target,2026-03-04,1,0,0,0,0,0.0,0.5
CMP_001,HH_000256,Target,2026-03-14,1,0,0,0,0,0.0,0.5
CMP_001,HH_000259,Target,2026-03-10,1,0,0,0,0,0.0,0.5
CMP_001,HH_000261,Target,2026-03-02,1,0,0,1,1,2894.22,0.5
CMP_001,HH_000262,Target,2026-03-22,1,1,1,1,0,0.0,0.5
CMP_001,HH_000265,Target,2026-03-09,1,1,0,1,0,0.0,0.5
CMP_001,HH_000272,Target,2026-03-07,1,0,0,0,0,0.0,0.5
CMP_001,HH_000274,Target,2026-03-07,1,0,0,0,0,0.0,0.5
CMP_001,HH_000275,Target,2026-03-23,1,0,0,0,0,0.0,0.5
CMP_001,HH_000276,Holdout,,0,,,0,0,0.0,0.0
CMP_001,HH_000279,Target,2026-03-24,1,0,0,0,0,0.0,0.5
CMP_001,HH_000282,Target,2026-03-20,1,0,0,0,0,0.0,0.5
CMP_001,HH_000283,Target,2026-03-18,1,0,0,1,1,1724.13,0.5
CMP_001,HH_000285,Target,2026-03-13,1,0,0,0,0,0.0,0.5
CMP_001,HH_000289,Target,2026-03-25,1,0,0,0,0,0.0,0.5
CMP_001,HH_000290,Target,2026-03-26,1,0,0,0,0,0.0,0.5
CMP_001,HH_000293,Target,2026-03-29,1,1,0,0,0,0.0,0.5
CMP_001,HH_000294,Target,2026-03-23,1,1,1,1,0,0.0,0.5
CMP_001,HH_000295,Target,2026-03-27,1,0,0,0,0,0.0,0.5
CMP_001,HH_000296,Target,2026-03-19,1,1,0,0,0,0.0,0.5
CMP_001,HH_000297,Target,2026-03-24,1,1,0,1,0,0.0,0.5
CMP_001,HH_000298,Target,2026-03-09,1,0,0,0,0,0.0,0.5
CMP_001,HH_000299,Target,2026-03-15,1,0,0,0,0,0.0,0.5
CMP_001,HH_000301,Target,2026-03-11,1,1,1,1,0,0.0,0.5
CMP_001,HH_000302,Target,2026-03-26,1,0,0,0,0,0.0,0.5
CMP_001,HH_000306,Target,2026-03-20,1,0,0,0,0,0.0,0.5
CMP_001,HH_000307,Target,2026-03-08,1,0,0,0,0,0.0,0.5
CMP_001,HH_000311,Target,2026-03-06,1,1,0,0,0,0.0,0.5
CMP_001,HH_000314,Target,2026-03-17,1,1,1,1,0,0.0,0.5
CMP_001,HH_000315,Target,2026-03-03,1,1,0,1,0,0.0,0.5
CMP_001,HH_000316,Target,2026-03-23,1,1,1,1,0,0.0,0.5
CMP_001,HH_000317,Target,2026-03-05,0,,,0,0,0.0,0.5
CMP_001,HH_000319,Target,2026-03-21,1,0,0,0,0,0.0,0.5
CMP_001,HH_000320,Target,2026-03-16,1,1,0,0,0,0.0,0.5
CMP_001,HH_000322,Target,2026-03-05,1,0,0,0,0,0.0,0.5
CMP_001,HH_000326,Target,2026-03-07,1,1,0,0,0,0.0,0.5
CMP_001,HH_000327,Target,2026-03-03,1,1,0,0,0,0.0,0.5
CMP_001,HH_000330,Target,2026-03-27,1,0,0,0,0,0.0,0.5
CMP_001,HH_000331,Target,2026-03-05,1,0,0,0,0,0.0,0.5
CMP_001,HH_000332,Holdout,,0,,,0,0,0.0,0.0
CMP_001,HH_000335,Target,2026-03-25,1,0,0,0,0,0.0,0.5
CMP_001,HH_000337,Target,2026-03-11,1,0,0,0,0,0.0,0.5
CMP_001,HH_000339,Target,2026-03-04,1,0,0,0,0,0.0,0.5
CMP_001,HH_000341,Target,2026-03-02,1,1,0,0,0,0.0,0.5
CMP_001,HH_000342,Holdout,,0,,,0,0,0.0,0.0
CMP_001,HH_000343,Target,2026-03-26,1,1,0,1,0,0.0,0.5
CMP_001,HH_000345,Holdout,,0,,,0,0,0.0,0.0
CMP_001,HH_000346,Holdout,,0,,,0,0,0.0,0.0
CMP_001,HH_000347,Target,2026-03-07,1,1,0,0,0,0.0,0.5
CMP_001,HH_000348,Target,2026-03-16,1,1,1,1,0,0.0,0.5
CMP_001,HH_000349,Target,2026-03-28,1,0,0,0,0,0.0,0.5
CMP_001,HH_000350,Target,2026-03-08,1,0,0,0,0,0.0,0.5
CMP_001,HH_000351,Target,2026-03-03,1,1,0,0,0,0.0,0.5
CMP_001,HH_000352,Target,2026-03-22,1,0,0,0,0,0.0,0.5
CMP_001,HH_000356,Target,2026-03-19,1,0,0,0,0,0.0,0.5
CMP_001,HH_000361,Target,2026-03-05,1,0,0,0,0,0.0,0.5
CMP_001,HH_000362,Holdout,,0,,,0,0,0.0,0.0
CMP_001,HH_000363,Target,2026-03-17,1,0,0,0,0,0.0,0.5
CMP_001,HH_000364,Target,2026-03-18,1,0,0,0,0,0.0,0.5
CMP_001,HH_000367,Target,2026-03-29,1,0,0,0,0,0.0,0.5
CMP_001,HH_000368,Target,2026-03-11,1,0,0,0,0,0.0,0.5
CMP_001,HH_000369,Target,2026-03-29,1,1,0,0,0,0.0,0.5
CMP_001,HH_000374,Target,2026-03-12,1,0,0,0,0,0.0,0.5
CMP_001,HH_000375,Target,2026-03-29,1,0,0,1,1,8212.94,0.5
CMP_001,HH_000377,Target,2026-03-14,1,0,0,0,0,0.0,0.5
CMP_001,HH_000379,Target,2026-03-03,1,1,0,1,0,0.0,0.5
CMP_001,HH_000380,Target,2026-03-31,1,0,0,0,0,0.0,0.5
CMP_001,HH_000381,Target,2026-03-06,1,1,0,0,0,0.0,0.5
CMP_001,HH_000388,Target,2026-03-12,1,0,0,0,0,0.0,0.5
CMP_001,HH_000389,Target,2026-03-24,1,0,0,0,0,0.0,0.5
CMP_001,HH_000391,Target,2026-03-09,1,0,0,0,0,0.0,0.5
CMP_001,HH_000393,Holdout,,0,,,0,0,0.0,0.0
CMP_001,HH_000395,Target,2026-03-29,1,1,1,1,0,0.0,0.5
CMP_001,HH_000397,Target,2026-03-03,1,1,0,0,0,0.0,0.5
CMP_001,HH_000398,Target,2026-03-07,1,1,0,0,0,0.0,0.5
CMP_001,HH_000400,Target,2026-03-09,1,0,0,0,0,0.0,0.5
CMP_001,HH_000405,Target,2026-03-27,1,0,0,0,0,0.0,0.5
CMP_001,HH_000406,Target,2026-03-13,1,0,0,0,0,0.0,0.5
CMP_001,HH_000409,Holdout,,0,,,0,0,0.0,0.0
CMP_001,HH_000411,Target,2026-03-29,0,,,0,0,0.0,0.5
CMP_001,HH_000412,Target,2026-03-20,1,0,0,0,0,0.0,0.5
CMP_001,HH_000414,Target,2026-03-28,1,0,0,0,0,0.0,0.5
CMP_001,HH_000416,Target,2026-03-25,1,0,0,0,0,0.0,0.5
CMP_001,HH_000417,Target,2026-03-30,1,1,0,0,0,0.0,0.5
CMP_001,HH_000418,Target,2026-03-23,1,0,0,0,0,0.0,0.5
CMP_001,HH_000424,Target,2026-03-05,1,0,0,0,0,0.0,0.5
CMP_001,HH_000426,Target,2026-03-20,1,1,1,1,0,0.0,0.5
CMP_001,HH_000428,Target,2026-03-08,1,1,0,0,0,0.0,0.5
CMP_001,HH_000429,Holdout,,0,,,0,0,0.0,0.0
CMP_001,HH_000432,Target,2026-03-27,1,1,0,0,0,0.0,0.5
CMP_001,HH_000433,Target,2026-03-09,1,0,0,0,0,0.0,0.5
CMP_001,HH_000437,Holdout,,0,,,0,0,0.0,0.0
CMP_001,HH_000438,Target,2026-03-02,1,0,0,0,0,0.0,0.5
CMP_001,HH_000439,Target,2026-03-10,1,0,0,0,0,0.0,0.5
CMP_001,HH_000440,Holdout,,0,,,0,0,0.0,0.0
CMP_001,HH_000441,Target,2026-03-19,1,0,0,0,0,0.0,0.5
CMP_001,HH_000442,Target,2026-03-16,1,0,0,0,0,0.0,0.5
CMP_001,HH_000444,Target,2026-03-03,1,1,0,0,0,0.0,0.5
CMP_001,HH_000446,Target,2026-03-23,1,0,0,0,0,0.0,0.5
CMP_001,HH_000449,Target,2026-03-25,1,1,0,0,0,0.0,0.5
CMP_001,HH_000452,Target,2026-03-03,1,0,0,0,0,0.0,0.5
CMP_001,HH_000458,Target,2026-03-13,1,1,0,0,0,0.0,0.5
CMP_001,HH_000459,Target,2026-03-08,1,0,0,0,0,0.0,0.5
CMP_001,HH_000462,Target,2026-03-08,1,0,0,0,0,0.0,0.5
CMP_001,HH_000464,Target,2026-03-09,1,0,0,0,0,0.0,0.5
CMP_001,HH_000465,Target,2026-03-19,1,1,1,1,0,0.0,0.5
CMP_001,HH_000466,Target,2026-03-30,1,0,0,0,0,0.0,0.5
CMP_001,HH_000467,Holdout,,0,,,0,0,0.0,0.0
CMP_001,HH_000469,Target,2026-03-29,1,1,1,1,0,0.0,0.5
CMP_001,HH_000470,Target,2026-03-07,1,1,1,1,0,0.0,0.5
CMP_001,HH_000474,Target,2026-03-16,1,0,0,0,0,0.0,0.5
CMP_001,HH_000476,Target,2026-03-21,1,1,0,0,0,0.0,0.5
CMP_001,HH_000478,Target,2026-03-03,1,0,0,0,0,0.0,0.5
CMP_001,HH_000479,Target,2026-03-24,1,0,0,1,1,3565.53,0.5
CMP_001,HH_000485,Target,2026-03-10,1,0,0,0,0,0.0,0.5
CMP_001,HH_000486,Target,2026-03-21,1,0,0,0,0,0.0,0.5
CMP_001,HH_000487,Target,2026-03-24,1,1,0,0,0,0.0,0.5
CMP_001,HH_000489,Holdout,,0,,,0,0,0.0,0.0
CMP_001,HH_000491,Target,2026-03-14,1,0,0,0,0,0.0,0.5
CMP_001,HH_000492,Target,2026-03-13,1,0,0,0,0,0.0,0.5
CMP_001,HH_000493,Target,2026-03-04,1,1,1,1,0,0.0,0.5
CMP_001,HH_000496,Target,2026-03-20,1,0,0,0,0,0.0,0.5
CMP_001,HH_000498,Target,2026-03-29,1,0,0,0,0,0.0,0.5
CMP_001,HH_000499,Holdout,,0,,,0,0,0.0,0.0
CMP_001,HH_000500,Target,2026-03-20,1,0,0,0,0,0.0,0.5
CMP_001,HH_000501,Target,2026-03-13,1,0,0,0,0,0.0,0.5
CMP_001,HH_000502,Target,2026-03-27,1,0,0,0,0,0.0,0.5
CMP_001,HH_000503,Target,2026-03-23,1,0,0,1,1,2843.99,0.5
CMP_001,HH_000504,Target,2026-03-07,1,1,0,0,0,0.0,0.5
CMP_001,HH_000507,Target,2026-03-23,1,0,0,0,0,0.0,0.5
CMP_001,HH_000508,Target,2026-03-25,1,0,0,0,0,0.0,0.5
CMP_001,HH_000511,Target,2026-03-11,1,0,0,0,0,0.0,0.5
CMP_001,HH_000516,Target,2026-03-03,1,1,0,1,1,979.48,0.5
CMP_001,HH_000518,Target,2026-03-21,1,0,0,0,0,0.0,0.5
CMP_001,HH_000529,Target,2026-03-15,1,1,0,0,0,0.0,0.5
CMP_001,HH_000532,Target,2026-03-21,1,1,1,1,0,0.0,0.5
CMP_001,HH_000534,Target,2026-03-11,1,1,1,1,0,0.0,0.5
CMP_001,HH_000537,Target,2026-03-24,1,1,0,0,0,0.0,0.5
CMP_001,HH_000539,Target,2026-03-15,1,1,0,0,0,0.0,0.5
CMP_001,HH_000540,Target,2026-03-15,1,1,0,1,0,0.0,0.5
CMP_001,HH_000541,Holdout,,0,,,0,0,0.0,0.0
CMP_001,HH_000543,Target,2026-03-05,1,1,0,0,0,0.0,0.5
CMP_001,HH_000544,Target,2026-03-12,1,0,0,0,0,0.0,0.5
CMP_001,HH_000549,Target,2026-03-08,1,0,0,0,0,0.0,0.5
CMP_001,HH_000556,Target,2026-03-28,1,1,1,1,0,0.0,0.5
CMP_001,HH_000558,Target,2026-03-26,1,0,0,0,0,0.0,0.5
CMP_001,HH_000559,Target,2026-03-26,1,0,0,0,0,0.0,0.5
CMP_001,HH_000567,Target,2026-03-22,1,0,0,0,0,0.0,0.5
CMP_001,HH_000568,Holdout,,0,,,0,0,0.0,0.0
CMP_001,HH_000569,Target,2026-03-11,1,0,0,0,0,0.0,0.5
CMP_001,HH_000572,Target,2026-03-16,1,0,0,1,1,8821.88,0.5
CMP_001,HH_000578,Target,2026-03-29,1,1,0,0,0,0.0,0.5
CMP_001,HH_000579,Holdout,,0,,,0,0,0.0,0.0
CMP_001,HH_000580,Holdout,,0,,,0,0,0.0,0.0
CMP_001,HH_000581,Target,2026-03-03,1,1,0,0,0,0.0,0.5
CMP_001,HH_000582,Target,2026-03-03,1,1,0,0,0,0.0,0.5
CMP_001,HH_000583,Target,2026-03-11,1,1,0,1,0,0.0,0.5
CMP_001,HH_000586,Target,2026-03-12,1,1,0,0,0,0.0,0.5
CMP_001,HH_000588,Target,2026-03-29,1,1,1,1,0,0.0,0.5
CMP_001,HH_000590,Holdout,,0,,,0,0,0.0,0.0
CMP_001,HH_000591,Target,2026-03-24,1,0,0,0,0,0.0,0.5
CMP_001,HH_000596,Target,2026-03-28,1,1,0,0,0,0.0,0.5
CMP_001,HH_000597,Holdout,,0,,,0,0,0.0,0.0
CMP_001,HH_000598,Target,2026-03-11,1,1,1,1,0,0.0,0.5
CMP_001,HH_000599,Target,2026-03-06,1,1,0,0,0,0.0,0.5
CMP_001,HH_000601,Target,2026-03-18,1,1,0,1,0,0.0,0.5
CMP_001,HH_000602,Target,2026-03-28,1,0,0,0,0,0.0,0.5
CMP_001,HH_000604,Holdout,,0,,,0,0,0.0,0.0
CMP_001,HH_000605,Target,2026-03-16,1,0,0,0,0,0.0,0.5
CMP_001,HH_000606,Target,2026-03-09,1,0,0,0,0,0.0,0.5
CMP_001,HH_000609,Target,2026-03-13,1,0,0,0,0,0.0,0.5
CMP_001,HH_000611,Target,2026-03-26,1,1,0,0,0,0.0,0.5
CMP_001,HH_000614,Target,2026-03-10,1,1,0,0,0,0.0,0.5
CMP_001,HH_000615,Target,2026-03-05,1,0,0,0,0,0.0,0.5
CMP_001,HH_000616,Target,2026-03-06,1,0,0,0,0,0.0,0.5
CMP_001,HH_000618,Holdout,,0,,,0,0,0.0,0.0
CMP_001,HH_000619,Holdout,,0,,,0,0,0.0,0.0
CMP_001,HH_000620,Target,2026-03-04,1,1,1,1,0,0.0,0.5
CMP_001,HH_000621,Target,2026-03-27,1,1,1,1,0,0.0,0.5
CMP_001,HH_000625,Target,2026-03-26,1,0,0,0,0,0.0,0.5
CMP_001,HH_000627,Target,2026-03-10,1,1,1,1,0,0.0,0.5
CMP_001,HH_000631,Target,2026-03-26,1,1,0,1,1,1723.62,0.5
CMP_001,HH_000632,Target,2026-03-05,1,0,0,0,0,0.0,0.5
CMP_001,HH_000634,Target,2026-03-20,1,1,1,1,0,0.0,0.5
CMP_001,HH_000640,Target,2026-03-15,1,1,0,0,0,0.0,0.5
CMP_001,HH_000641,Holdout,,0,,,0,0,0.0,0.0
CMP_001,HH_000642,Target,2026-03-29,1,0,0,0,0,0.0,0.5
CMP_001,HH_000643,Holdout,,0,,,0,0,0.0,0.0
CMP_001,HH_000648,Target,2026-03-25,1,0,0,0,0,0.0,0.5
CMP_001,HH_000649,Target,2026-03-06,1,1,0,1,0,0.0,0.5
CMP_001,HH_000650,Target,2026-03-24,1,0,0,0,0,0.0,0.5
CMP_001,HH_000652,Target,2026-03-16,1,1,1,1,0,0.0,0.5
CMP_001,HH_000656,Holdout,,0,,,0,0,0.0,0.0
CMP_001,HH_000659,Target,2026-03-17,1,1,0,0,0,0.0,0.5
CMP_001,HH_000664,Target,2026-03-12,1,1,0,0,0,0.0,0.5
CMP_001,HH_000667,Target,2026-03-12,1,0,0,0,0,0.0,0.5
CMP_001,HH_000668,Target,2026-03-18,1,1,1,1,0,0.0,0.5
CMP_001,HH_000672,Target,2026-03-07,0,,,0,0,0.0,0.5
CMP_001,HH_000673,Target,2026-03-04,1,1,0,0,0,0.0,0.5
CMP_001,HH_000681,Target,2026-03-16,1,1,0,0,0,0.0,0.5
CMP_001,HH_000682,Target,2026-03-03,0,,,0,0,0.0,0.5
CMP_001,HH_000683,Target,2026-03-13,1,0,0,0,0,0.0,0.5
CMP_001,HH_000684,Target,2026-03-29,1,0,0,0,0,0.0,0.5
CMP_001,HH_000685,Target,2026-03-26,1,0,0,0,0,0.0,0.5
CMP_001,HH_000686,Holdout,,0,,,0,0,0.0,0.0
CMP_001,HH_000687,Target,2026-03-16,1,0,0,0,0,0.0,0.5
CMP_001,HH_000689,Target,2026-03-22,1,1,0,1,1,1209.31,0.5
CMP_001,HH_000690,Target,2026-03-05,1,1,1,1,0,0.0,0.5
CMP_001,HH_000691,Holdout,,0,,,0,0,0.0,0.0
CMP_001,HH_000695,Target,2026-03-29,1,1,1,1,0,0.0,0.5
CMP_001,HH_000698,Holdout,,0,,,0,0,0.0,0.0
CMP_001,HH_000701,Holdout,,0,,,0,0,0.0,0.0
CMP_001,HH_000703,Target,2026-03-11,1,0,0,0,0,0.0,0.5
CMP_001,HH_000707,Holdout,,0,,,0,0,0.0,0.0
CMP_001,HH_000708,Target,2026-03-08,1,0,0,0,0,0.0,0.5
CMP_001,HH_000714,Target,2026-03-20,1,1,0,0,0,0.0,0.5
CMP_001,HH_000716,Target,2026-03-24,1,0,0,0,0,0.0,0.5
CMP_001,HH_000717,Target,2026-03-04,1,1,0,0,0,0.0,0.5
CMP_001,HH_000719,Target,2026-03-28,1,0,0,0,0,0.0,0.5
CMP_001,HH_000720,Target,2026-03-15,1,0,0,0,0,0.0,0.5
CMP_001,HH_000722,Target,2026-03-11,1,1,0,0,0,0.0,0.5
CMP_001,HH_000724,Holdout,,0,,,0,0,0.0,0.0
CMP_001,HH_000726,Target,2026-03-19,1,1,0,1,0,0.0,0.5
CMP_001,HH_000732,Target,2026-03-20,1,1,0,0,0,0.0,0.5
CMP_001,HH_000733,Target,2026-03-28,1,0,0,0,0,0.0,0.5
CMP_001,HH_000734,Holdout,,0,,,0,0,0.0,0.0
CMP_001,HH_000735,Target,2026-03-21,1,0,0,0,0,0.0,0.5
CMP_001,HH_000737,Target,2026-03-11,1,0,0,0,0,0.0,0.5
CMP_001,HH_000740,Target,2026-03-04,1,0,0,0,0,0.0,0.5
CMP_001,HH_000742,Target,2026-03-12,1,0,0,0,0,0.0,0.5
CMP_001,HH_000746,Target,2026-03-29,1,1,0,0,0,0.0,0.5
CMP_001,HH_000747,Target,2026-03-05,1,1,1,1,0,0.0,0.5
CMP_001,HH_000748,Target,2026-03-21,1,1,0,0,0,0.0,0.5
CMP_001,HH_000750,Holdout,,0,,,0,0,0.0,0.0
CMP_001,HH_000753,Target,2026-03-16,0,,,0,0,0.0,0.5
CMP_001,HH_000754,Target,2026-03-02,1,1,0,1,0,0.0,0.5
CMP_001,HH_000755,Target,2026-03-11,1,0,0,0,0,0.0,0.5
CMP_001,HH_000758,Target,2026-03-19,1,1,1,1,0,0.0,0.5
CMP_001,HH_000762,Target,2026-03-14,1,1,0,1,0,0.0,0.5
CMP_001,HH_000764,Target,2026-03-18,1,0,0,0,0,0.0,0.5
CMP_001,HH_000768,Target,2026-03-21,1,1,0,0,0,0.0,0.5
CMP_001,HH_000772,Target,2026-03-26,1,1,0,1,0,0.0,0.5
CMP_001,HH_000774,Target,2026-03-27,1,1,0,0,0,0.0,0.5
CMP_001,HH_000775,Target,2026-03-07,1,1,0,0,0,0.0,0.5
CMP_001,HH_000776,Target,2026-03-17,1,0,0,0,0,0.0,0.5
CMP_001,HH_000778,Target,2026-03-23,1,1,0,0,0,0.0,0.5
CMP_001,HH_000779,Holdout,,0,,,0,0,0.0,0.0
CMP_001,HH_000780,Target,2026-03-26,1,0,0,0,0,0.0,0.5
CMP_001,HH_000781,Target,2026-03-18,1,0,0,0,0,0.0,0.5
CMP_001,HH_000784,Target,2026-03-23,1,1,0,1,0,0.0,0.5
CMP_001,HH_000788,Target,2026-03-15,1,0,0,0,0,0.0,0.5
CMP_001,HH_000789,Target,2026-03-29,1,0,0,0,0,0.0,0.5
CMP_001,HH_000790,Target,2026-03-19,1,0,0,0,0,0.0,0.5
CMP_001,HH_000794,Target,2026-03-07,1,0,0,0,0,0.0,0.5
CMP_001,HH_000796,Target,2026-03-29,1,0,0,0,0,0.0,0.5
CMP_001,HH_000797,Target,2026-03-08,1,0,0,0,0,0.0,0.5
CMP_001,HH_000798,Target,2026-03-11,1,0,0,0,0,0.0,0.5
CMP_001,HH_000801,Target,2026-03-17,1,0,0,0,0,0.0,0.5
CMP_001,HH_000806,Target,2026-03-05,1,0,0,0,0,0.0,0.5
CMP_001,HH_000809,Holdout,,0,,,0,0,0.0,0.0
CMP_001,HH_000811,Target,2026-03-03,1,1,0,0,0,0.0,0.5
CMP_001,HH_000812,Target,2026-03-08,1,0,0,0,0,0.0,0.5
CMP_001,HH_000813,Target,2026-03-05,1,0,0,0,0,0.0,0.5
CMP_001,HH_000814,Target,2026-03-18,1,1,1,1,1,5312.06,0.5
CMP_001,HH_000817,Target,2026-03-06,1,1,0,0,0,0.0,0.5
CMP_001,HH_000819,Holdout,,0,,,0,0,0.0,0.0
CMP_001,HH_000820,Target,2026-03-12,1,1,1,1,0,0.0,0.5
CMP_001,HH_000821,Target,2026-03-25,1,0,0,0,0,0.0,0.5
CMP_001,HH_000822,Holdout,,0,,,0,0,0.0,0.0
CMP_001,HH_000823,Target,2026-03-28,1,1,0,0,0,0.0,0.5
CMP_001,HH_000825,Holdout,,0,,,0,1,2049.52,0.0
CMP_001,HH_000827,Target,2026-03-11,0,,,0,0,0.0,0.5
CMP_001,HH_000830,Target,2026-03-18,1,0,0,0,0,0.0,0.5
CMP_001,HH_000831,Holdout,,0,,,0,0,0.0,0.0
CMP_001,HH_000834,Target,2026-03-16,1,0,0,0,0,0.0,0.5
CMP_001,HH_000835,Target,2026-03-11,1,0,0,0,0,0.0,0.5
CMP_001,HH_000839,Target,2026-03-30,1,1,0,0,0,0.0,0.5
CMP_001,HH_000840,Target,2026-03-17,0,,,0,0,0.0,0.5
CMP_001,HH_000841,Target,2026-03-10,1,0,0,0,0,0.0,0.5
CMP_001,HH_000842,Target,2026-03-20,1,0,0,1,1,2238.1,0.5
CMP_001,HH_000843,Target,2026-03-05,1,0,0,0,0,0.0,0.5
CMP_001,HH_000846,Target,2026-03-30,1,0,0,0,0,0.0,0.5
CMP_001,HH_000848,Target,2026-03-11,1,1,1,1,0,0.0,0.5
CMP_001,HH_000849,Target,2026-03-21,1,0,0,0,0,0.0,0.5
CMP_001,HH_000853,Holdout,,0,,,0,0,0.0,0.0
CMP_001,HH_000857,Target,2026-03-23,1,0,0,0,0,0.0,0.5
CMP_001,HH_000863,Target,2026-03-24,1,1,0,0,0,0.0,0.5
CMP_001,HH_000864,Holdout,,0,,,0,0,0.0,0.0
CMP_001,HH_000866,Target,2026-03-16,1,1,1,1,0,0.0,0.5
CMP_001,HH_000868,Target,2026-03-27,1,1,1,1,0,0.0,0.5
CMP_001,HH_000870,Target,2026-03-23,1,0,0,0,0,0.0,0.5
CMP_001,HH_000871,Target,2026-03-25,1,1,1,1,0,0.0,0.5
CMP_001,HH_000872,Target,2026-03-03,1,0,0,0,0,0.0,0.5
CMP_001,HH_000875,Holdout,,0,,,0,0,0.0,0.0
CMP_001,HH_000879,Target,2026-03-25,1,0,0,0,0,0.0,0.5
CMP_001,HH_000883,Holdout,,0,,,0,0,0.0,0.0
CMP_001,HH_000885,Holdout,,0,,,0,0,0.0,0.0
CMP_001,HH_000886,Target,2026-03-22,1,0,0,0,0,0.0,0.5
CMP_001,HH_000894,Holdout,,0,,,0,0,0.0,0.0
CMP_001,HH_000896,Holdout,,0,,,0,0,0.0,0.0
CMP_001,HH_000898,Holdout,,0,,,0,0,0.0,0.0
CMP_001,HH_000899,Target,2026-03-09,1,1,0,0,0,0.0,0.5
CMP_001,HH_000901,Target,2026-03-27,1,0,0,0,0,0.0,0.5
CMP_001,HH_000907,Holdout,,0,,,0,0,0.0,0.0
CMP_001,HH_000908,Target,2026-03-16,1,0,0,0,0,0.0,0.5
CMP_001,HH_000909,Target,2026-03-14,1,0,0,0,0,0.0,0.5
CMP_001,HH_000911,Target,2026-03-06,1,0,0,0,0,0.0,0.5
CMP_001,HH_000913,Target,2026-03-12,1,0,0,0,0,0.0,0.5
CMP_001,HH_000915,Target,2026-03-30,1,1,0,0,0,0.0,0.5
CMP_001,HH_000916,Target,2026-03-30,1,0,0,0,0,0.0,0.5
CMP_001,HH_000917,Target,2026-03-03,1,0,0,0,0,0.0,0.5
CMP_001,HH_000918,Target,2026-03-12,1,0,0,0,0,0.0,0.5
CMP_001,HH_000919,Target,2026-03-19,1,0,0,0,0,0.0,0.5
CMP_001,HH_000922,Target,2026-03-27,1,0,0,1,1,1707.89,0.5
CMP_001,HH_000925,Target,2026-03-14,1,1,1,1,0,0.0,0.5
CMP_001,HH_000926,Holdout,,0,,,0,0,0.0,0.0
CMP_001,HH_000928,Target,2026-03-10,1,1,0,1,1,960.13,0.5
CMP_001,HH_000930,Target,2026-03-23,1,0,0,0,0,0.0,0.5
CMP_001,HH_000933,Holdout,,0,,,0,0,0.0,0.0
CMP_001,HH_000937,Target,2026-03-25,1,1,0,1,0,0.0,0.5
CMP_001,HH_000938,Target,2026-03-31,1,1,0,0,0,0.0,0.5
CMP_001,HH_000941,Target,2026-03-13,1,0,0,0,0,0.0,0.5
CMP_001,HH_000944,Target,2026-03-17,0,,,0,0,0.0,0.5
CMP_001,HH_000946,Target,2026-03-08,1,0,0,0,0,0.0,0.5
CMP_001,HH_000947,Target,2026-03-06,1,1,0,0,0,0.0,0.5
CMP_001,HH_000948,Target,2026-03-09,1,1,0,0,0,0.0,0.5
CMP_001,HH_000949,Target,2026-03-28,1,0,0,0,0,0.0,0.5
CMP_001,HH_000952,Target,2026-03-25,1,0,0,0,0,0.0,0.5
CMP_001,HH_000954,Target,2026-03-31,1,0,0,0,0,0.0,0.5
CMP_001,HH_000957,Holdout,,0,,,0,0,0.0,0.0
CMP_001,HH_000958,Target,2026-03-03,1,0,0,0,0,0.0,0.5
CMP_001,HH_000959,Target,2026-03-24,1,1,1,1,0,0.0,0.5
CMP_001,HH_000969,Target,2026-03-31,1,0,0,0,0,0.0,0.5
CMP_001,HH_000976,Target,2026-03-19,1,0,0,1,1,2388.82,0.5
CMP_001,HH_000983,Target,2026-03-18,1,0,0,0,0,0.0,0.5
CMP_001,HH_000985,Target,2026-03-05,1,0,0,0,0,0.0,0.5
CMP_001,HH_000989,Target,2026-03-10,1,0,0,0,0,0.0,0.5
CMP_001,HH_000991,Target,2026-03-14,1,0,0,0,0,0.0,0.5
CMP_001,HH_000993,Target,2026-03-28,1,0,0,0,0,0.0,0.5
CMP_001,HH_000994,Holdout,,0,,,0,0,0.0,0.0
CMP_001,HH_000996,Target,2026-03-03,1,0,0,0,0,0.0,0.5
CMP_001,HH_000997,Target,2026-03-22,1,0,0,0,0,0.0,0.5
CMP_001,HH_000998,Holdout,,0,,,0,0,0.0,0.0
CMP_001,HH_001001,Target,2026-03-29,1,0,0,0,0,0.0,0.5
CMP_001,HH_001002,Target,2026-03-23,1,0,0,0,0,0.0,0.5
CMP_001,HH_001003,Target,2026-03-31,1,0,0,1,1,1255.75,0.5
CMP_001,HH_001004,Target,2026-03-28,1,0,0,0,0,0.0,0.5
CMP_001,HH_001007,Target,2026-03-28,1,0,0,0,0,0.0,0.5
CMP_001,HH_001008,Target,2026-03-25,1,1,0,0,0,0.0,0.5
CMP_001,HH_001009,Holdout,,0,,,0,0,0.0,0.0
CMP_001,HH_001013,Target,2026-03-26,1,0,0,0,0,0.0,0.5
CMP_001,HH_001016,Holdout,,0,,,0,0,0.0,0.0
CMP_001,HH_001017,Target,2026-03-09,1,1,0,0,0,0.0,0.5
CMP_001,HH_001018,Target,2026-03-21,1,1,1,1,1,4875.8,0.5
CMP_001,HH_001019,Target,2026-03-06,1,0,0,0,0,0.0,0.5
CMP_001,HH_001021,Target,2026-03-11,1,1,0,1,0,0.0,0.5
CMP_001,HH_001022,Target,2026-03-18,1,0,0,1,1,1578.61,0.5
CMP_001,HH_001025,Target,2026-03-12,1,0,0,1,1,1710.38,0.5
CMP_001,HH_001026,Target,2026-03-19,1,0,0,0,0,0.0,0.5
CMP_001,HH_001027,Target,2026-03-14,1,1,1,1,0,0.0,0.5
CMP_001,HH_001028,Target,2026-03-10,1,0,0,0,0,0.0,0.5
CMP_001,HH_001031,Target,2026-03-09,1,0,0,0,0,0.0,0.5
CMP_001,HH_001032,Target,2026-03-06,1,1,0,0,0,0.0,0.5
CMP_001,HH_001033,Target,2026-03-12,1,1,0,0,0,0.0,0.5
CMP_001,HH_001038,Target,2026-03-24,1,1,0,0,0,0.0,0.5
CMP_001,HH_001040,Target,2026-03-17,1,0,0,0,0,0.0,0.5
CMP_001,HH_001041,Target,2026-03-27,1,1,1,1,0,0.0,0.5
CMP_001,HH_001042,Target,2026-03-23,1,0,0,1,1,8090.49,0.5
CMP_001,HH_001044,Holdout,,0,,,0,0,0.0,0.0
CMP_001,HH_001047,Target,2026-03-29,1,0,0,0,0,0.0,0.5
CMP_001,HH_001048,Target,2026-03-09,1,1,1,1,0,0.0,0.5
CMP_001,HH_001049,Target,2026-03-21,1,1,0,0,0,0.0,0.5
CMP_001,HH_001050,Target,2026-03-27,1,0,0,0,0,0.0,0.5
CMP_001,HH_001052,Target,2026-03-31,1,1,0,0,0,0.0,0.5
CMP_001,HH_001053,Target,2026-03-22,1,0,0,0,0,0.0,0.5
CMP_001,HH_001054,Target,2026-03-15,1,1,1,1,0,0.0,0.5
CMP_001,HH_001057,Target,2026-03-24,1,0,0,0,0,0.0,0.5
CMP_001,HH_001064,Target,2026-03-20,1,0,0,0,0,0.0,0.5
CMP_001,HH_001068,Holdout,,0,,,0,0,0.0,0.0
CMP_001,HH_001069,Holdout,,0,,,0,0,0.0,0.0
CMP_001,HH_001071,Target,2026-03-12,1,0,0,0,0,0.0,0.5
CMP_001,HH_001072,Target,2026-03-16,1,0,0,0,0,0.0,0.5
CMP_001,HH_001076,Target,2026-03-24,1,1,0,0,0,0.0,0.5
CMP_001,HH_001078,Target,2026-03-09,0,,,0,0,0.0,0.5
CMP_001,HH_001081,Target,2026-03-12,1,0,0,0,0,0.0,0.5
CMP_001,HH_001083,Target,2026-03-07,1,1,0,0,0,0.0,0.5
CMP_001,HH_001085,Holdout,,0,,,0,0,0.0,0.0
CMP_001,HH_001087,Target,2026-03-10,1,0,0,0,0,0.0,0.5
CMP_001,HH_001092,Target,2026-03-29,1,0,0,0,0,0.0,0.5
CMP_001,HH_001093,Target,2026-03-23,1,0,0,0,0,0.0,0.5
CMP_001,HH_001095,Target,2026-03-21,1,0,0,0,0,0.0,0.5
CMP_001,HH_001096,Target,2026-03-07,1,0,0,0,0,0.0,0.5
CMP_001,HH_001097,Target,2026-03-04,1,0,0,0,0,0.0,0.5
CMP_001,HH_001099,Target,2026-03-13,1,0,0,0,0,0.0,0.5
CMP_001,HH_001100,Target,2026-03-14,1,0,0,0,0,0.0,0.5
CMP_001,HH_001104,Target,2026-03-31,1,0,0,0,0,0.0,0.5
CMP_001,HH_001106,Target,2026-03-12,1,0,0,0,0,0.0,0.5
CMP_001,HH_001108,Holdout,,0,,,0,0,0.0,0.0
CMP_001,HH_001109,Target,2026-03-19,1,0,0,0,0,0.0,0.5
CMP_001,HH_001113,Target,2026-03-28,1,0,0,0,0,0.0,0.5
CMP_001,HH_001114,Target,2026-03-09,1,1,1,1,0,0.0,0.5
CMP_001,HH_001121,Target,2026-03-25,1,0,0,0,0,0.0,0.5
CMP_001,HH_001122,Target,2026-03-10,1,0,0,0,0,0.0,0.5
CMP_001,HH_001123,Target,2026-03-03,1,0,0,0,0,0.0,0.5
CMP_001,HH_001126,Target,2026-03-25,1,0,0,0,0,0.0,0.5
CMP_001,HH_001127,Target,2026-03-16,0,,,0,0,0.0,0.5
CMP_001,HH_001128,Target,2026-03-04,1,0,0,0,0,0.0,0.5
CMP_001,HH_001129,Target,2026-03-27,1,0,0,0,0,0.0,0.5
CMP_001,HH_001131,Holdout,,0,,,0,0,0.0,0.0
CMP_001,HH_001132,Target,2026-03-28,1,1,1,1,0,0.0,0.5
CMP_001,HH_001133,Target,2026-03-12,1,0,0,0,0,0.0,0.5
CMP_001,HH_001135,Target,2026-03-18,1,0,0,0,0,0.0,0.5
CMP_001,HH_001136,Target,2026-03-27,1,1,1,1,0,0.0,0.5
CMP_001,HH_001137,Target,2026-03-06,1,1,0,0,0,0.0,0.5
CMP_001,HH_001142,Target,2026-03-20,1,0,0,0,0,0.0,0.5
CMP_001,HH_001144,Target,2026-03-27,1,0,0,0,0,0.0,0.5
CMP_001,HH_001145,Target,2026-03-31,1,0,0,0,0,0.0,0.5
CMP_001,HH_001146,Target,2026-03-29,1,0,0,0,0,0.0,0.5
CMP_001,HH_001147,Target,2026-03-23,1,0,0,0,0,0.0,0.5
CMP_001,HH_001152,Target,2026-03-15,1,0,0,0,0,0.0,0.5
CMP_001,HH_001153,Target,2026-03-19,1,0,0,0,0,0.0,0.5
CMP_001,HH_001155,Target,2026-03-23,1,0,0,1,1,2177.59,0.5
CMP_001,HH_001158,Target,2026-03-31,1,0,0,0,0,0.0,0.5
CMP_001,HH_001166,Target,2026-03-08,1,0,0,0,0,0.0,0.5
CMP_001,HH_001167,Holdout,,0,,,0,0,0.0,0.0
CMP_001,HH_001168,Holdout,,0,,,0,0,0.0,0.0
CMP_001,HH_001171,Target,2026-03-22,1,1,0,0,0,0.0,0.5
CMP_001,HH_001175,Target,2026-03-24,1,1,1,1,1,7155.76,0.5
CMP_001,HH_001177,Target,2026-03-02,1,0,0,0,0,0.0,0.5
CMP_001,HH_001179,Holdout,,0,,,0,0,0.0,0.0
CMP_001,HH_001180,Target,2026-03-25,1,0,0,0,0,0.0,0.5
CMP_001,HH_001182,Target,2026-03-14,1,0,0,0,0,0.0,0.5
CMP_001,HH_001184,Target,2026-03-06,0,,,0,0,0.0,0.5
CMP_001,HH_001185,Target,2026-03-21,1,0,0,0,0,0.0,0.5
CMP_001,HH_001187,Target,2026-03-06,1,0,0,0,0,0.0,0.5
CMP_001,HH_001192,Target,2026-03-30,1,1,0,0,0,0.0,0.5
CMP_001,HH_001195,Holdout,,0,,,0,0,0.0,0.0
CMP_001,HH_001200,Target,2026-03-19,1,0,0,0,0,0.0,0.5
CMP_001,HH_001201,Target,2026-03-02,1,0,0,0,0,0.0,0.5
CMP_001,HH_001202,Target,2026-03-18,1,1,0,0,0,0.0,0.5
CMP_001,HH_001203,Target,2026-03-14,1,1,0,0,0,0.0,0.5
CMP_001,HH_001204,Holdout,,0,,,0,0,0.0,0.0
CMP_001,HH_001211,Target,2026-03-20,1,0,0,0,0,0.0,0.5
CMP_001,HH_001213,Target,2026-03-26,1,1,0,1,1,1274.63,0.5
CMP_001,HH_001216,Holdout,,0,,,0,0,0.0,0.0
CMP_001,HH_001217,Target,2026-03-26,1,0,0,0,0,0.0,0.5
CMP_001,HH_001218,Target,2026-03-21,1,1,1,1,0,0.0,0.5
CMP_001,HH_001220,Holdout,,0,,,0,0,0.0,0.0
CMP_001,HH_001227,Target,2026-03-26,1,0,0,0,0,0.0,0.5
CMP_001,HH_001230,Target,2026-03-25,1,0,0,0,0,0.0,0.5
CMP_001,HH_001231,Target,2026-03-05,1,0,0,0,0,0.0,0.5
CMP_001,HH_001235,Target,2026-03-25,1,1,1,1,0,0.0,0.5
CMP_001,HH_001237,Target,2026-03-13,1,0,0,0,0,0.0,0.5
CMP_001,HH_001238,Target,2026-03-06,1,0,0,0,0,0.0,0.5
CMP_001,HH_001240,Target,2026-03-30,1,1,0,1,0,0.0,0.5
CMP_001,HH_001241,Target,2026-03-04,1,1,0,1,1,9015.52,0.5
CMP_001,HH_001242,Target,2026-03-26,1,1,0,1,0,0.0,0.5
CMP_001,HH_001245,Target,2026-03-29,1,1,1,1,0,0.0,0.5
CMP_001,HH_001247,Holdout,,0,,,0,0,0.0,0.0
CMP_001,HH_001248,Target,2026-03-24,1,0,0,0,0,0.0,0.5
CMP_001,HH_001250,Target,2026-03-25,1,1,0,1,0,0.0,0.5
CMP_001,HH_001251,Target,2026-03-09,1,0,0,0,0,0.0,0.5
CMP_001,HH_001252,Holdout,,0,,,0,0,0.0,0.0
CMP_001,HH_001253,Target,2026-03-12,1,1,0,1,0,0.0,0.5
CMP_001,HH_001257,Target,2026-03-09,1,0,0,0,0,0.0,0.5
CMP_001,HH_001263,Target,2026-03-08,1,0,0,0,0,0.0,0.5
CMP_001,HH_001270,Target,2026-03-31,1,1,1,1,0,0.0,0.5
CMP_001,HH_001271,Target,2026-03-12,1,1,0,0,0,0.0,0.5
CMP_001,HH_001272,Target,2026-03-09,1,1,0,1,0,0.0,0.5
CMP_001,HH_001275,Target,2026-03-09,1,0,0,0,0,0.0,0.5
CMP_001,HH_001278,Target,2026-03-25,1,1,1,1,0,0.0,0.5
CMP_001,HH_001280,Target,2026-03-20,1,1,0,1,0,0.0,0.5
CMP_001,HH_001281,Holdout,,0,,,0,0,0.0,0.0
CMP_001,HH_001284,Target,2026-03-16,1,1,1,1,0,0.0,0.5
CMP_001,HH_001290,Target,2026-03-06,1,1,0,1,0,0.0,0.5
CMP_001,HH_001291,Target,2026-03-16,1,1,1,1,0,0.0,0.5
CMP_001,HH_001293,Target,2026-03-28,1,0,0,0,0,0.0,0.5
CMP_001,HH_001297,Target,2026-03-06,1,1,1,1,0,0.0,0.5
CMP_001,HH_001300,Target,2026-03-10,1,0,0,0,0,0.0,0.5
CMP_001,HH_001302,Holdout,,0,,,0,0,0.0,0.0
CMP_001,HH_001304,Target,2026-03-05,1,0,0,0,0,0.0,0.5
CMP_001,HH_001305,Target,2026-03-09,1,1,0,0,0,0.0,0.5
CMP_001,HH_001308,Target,2026-03-10,1,0,0,1,1,9980.13,0.5
CMP_001,HH_001310,Target,2026-03-27,1,1,0,0,0,0.0,0.5
CMP_001,HH_001314,Target,2026-03-07,1,0,0,0,0,0.0,0.5
CMP_001,HH_001315,Target,2026-03-14,1,0,0,0,0,0.0,0.5
CMP_001,HH_001317,Target,2026-03-10,1,0,0,0,0,0.0,0.5
CMP_001,HH_001324,Target,2026-03-22,1,1,0,1,0,0.0,0.5
CMP_001,HH_001325,Target,2026-03-08,1,0,0,0,0,0.0,0.5
CMP_001,HH_001327,Target,2026-03-19,0,,,0,0,0.0,0.5
CMP_001,HH_001328,Target,2026-03-27,0,,,0,0,0.0,0.5
CMP_001,HH_001330,Target,2026-03-27,1,0,0,0,0,0.0,0.5
CMP_001,HH_001332,Target,2026-03-07,1,1,0,1,1,2583.52,0.5
CMP_001,HH_001336,Target,2026-03-17,1,0,0,0,0,0.0,0.5
CMP_001,HH_001338,Holdout,,0,,,0,0,0.0,0.0
CMP_001,HH_001342,Target,2026-03-28,1,0,0,0,0,0.0,0.5
CMP_001,HH_001343,Target,2026-03-20,1,0,0,0,0,0.0,0.5
CMP_001,HH_001344,Target,2026-03-29,1,1,1,1,0,0.0,0.5
CMP_001,HH_001346,Target,2026-03-20,1,1,0,0,0,0.0,0.5
CMP_001,HH_001347,Target,2026-03-27,1,0,0,0,0,0.0,0.5
CMP_001,HH_001360,Target,2026-03-04,1,1,0,1,1,6345.92,0.5
CMP_001,HH_001361,Target,2026-03-27,1,1,0,0,0,0.0,0.5
CMP_001,HH_001364,Target,2026-03-20,1,0,0,0,0,0.0,0.5
CMP_001,HH_001366,Target,2026-03-13,1,0,0,0,0,0.0,0.5
CMP_001,HH_001367,Holdout,,0,,,0,0,0.0,0.0
CMP_001,HH_001368,Target,2026-03-07,1,0,0,0,0,0.0,0.5
CMP_001,HH_001369,Target,2026-03-12,1,1,0,0,0,0.0,0.5
CMP_001,HH_001373,Target,2026-03-20,1,0,0,0,0,0.0,0.5
CMP_001,HH_001375,Target,2026-03-07,1,0,0,0,0,0.0,0.5
CMP_001,HH_001378,Holdout,,0,,,0,0,0.0,0.0
CMP_001,HH_001380,Holdout,,0,,,0,0,0.0,0.0
CMP_001,HH_001384,Holdout,,0,,,0,0,0.0,0.0
CMP_001,HH_001386,Target,2026-03-06,1,1,1,1,0,0.0,0.5
CMP_001,HH_001388,Target,2026-03-04,1,0,0,0,0,0.0,0.5
CMP_001,HH_001389,Target,2026-03-02,1,1,1,1,1,1364.65,0.5
CMP_001,HH_001390,Target,2026-03-14,1,1,0,0,0,0.0,0.5
CMP_001,HH_001391,Holdout,,0,,,0,0,0.0,0.0
CMP_001,HH_001399,Target,2026-03-20,1,0,0,0,0,0.0,0.5
CMP_001,HH_001400,Target,2026-03-29,1,1,1,1,0,0.0,0.5
CMP_001,HH_001404,Target,2026-03-30,1,0,0,0,0,0.0,0.5
CMP_001,HH_001406,Target,2026-03-04,1,1,0,0,0,0.0,0.5
CMP_001,HH_001407,Target,2026-03-21,1,0,0,0,0,0.0,0.5
CMP_001,HH_001410,Target,2026-03-08,1,1,0,0,0,0.0,0.5
CMP_001,HH_001411,Target,2026-03-05,1,1,0,1,0,0.0,0.5
CMP_001,HH_001413,Target,2026-03-11,1,0,0,0,0,0.0,0.5
CMP_001,HH_001417,Target,2026-03-08,1,1,0,0,0,0.0,0.5
CMP_001,HH_001418,Target,2026-03-17,1,0,0,0,0,0.0,0.5
CMP_001,HH_001419,Target,2026-03-13,1,0,0,0,0,0.0,0.5
CMP_001,HH_001421,Target,2026-03-16,1,1,0,1,0,0.0,0.5
CMP_001,HH_001422,Target,2026-03-23,1,1,0,0,0,0.0,0.5
CMP_001,HH_001423,Target,2026-03-28,1,0,0,0,0,0.0,0.5
CMP_001,HH_001424,Target,2026-03-20,1,0,0,0,0,0.0,0.5
CMP_001,HH_001427,Target,2026-03-24,1,1,0,0,0,0.0,0.5
CMP_001,HH_001441,Holdout,,0,,,0,0,0.0,0.0
CMP_001,HH_001443,Target,2026-03-07,1,0,0,0,0,0.0,0.5
CMP_001,HH_001444,Target,2026-03-23,1,0,0,0,0,0.0,0.5
CMP_001,HH_001445,Target,2026-03-10,1,1,0,1,0,0.0,0.5
CMP_001,HH_001446,Target,2026-03-29,1,1,0,0,0,0.0,0.5
CMP_001,HH_001447,Target,2026-03-15,1,1,1,1,0,0.0,0.5
CMP_001,HH_001448,Target,2026-03-05,1,0,0,0,0,0.0,0.5
CMP_001,HH_001453,Target,2026-03-19,1,0,0,0,0,0.0,0.5
CMP_001,HH_001454,Target,2026-03-20,1,0,0,1,1,4927.9,0.5
CMP_001,HH_001455,Target,2026-03-24,1,0,0,0,0,0.0,0.5
CMP_001,HH_001456,Holdout,,0,,,0,0,0.0,0.0
CMP_001,HH_001457,Target,2026-03-13,1,1,0,1,0,0.0,0.5
CMP_001,HH_001458,Target,2026-03-05,1,0,0,0,0,0.0,0.5
CMP_001,HH_001460,Target,2026-03-26,1,0,0,0,0,0.0,0.5
CMP_001,HH_001461,Target,2026-03-08,1,0,0,0,0,0.0,0.5
CMP_001,HH_001467,Target,2026-03-18,1,0,0,0,0,0.0,0.5
CMP_001,HH_001468,Target,2026-03-11,1,0,0,0,0,0.0,0.5
CMP_001,HH_001469,Target,2026-03-20,1,1,1,1,0,0.0,0.5
CMP_001,HH_001470,Target,2026-03-16,1,1,0,0,0,0.0,0.5
CMP_001,HH_001471,Target,2026-03-31,1,1,1,1,0,0.0,0.5
CMP_001,HH_001472,Target,2026-03-29,1,0,0,0,0,0.0,0.5
CMP_001,HH_001474,Target,2026-03-10,1,0,0,0,0,0.0,0.5
CMP_001,HH_001476,Target,2026-03-07,1,0,0,0,0,0.0,0.5
CMP_001,HH_001477,Target,2026-03-09,1,0,0,0,0,0.0,0.5
CMP_001,HH_001478,Target,2026-03-26,1,0,0,0,0,0.0,0.5
CMP_001,HH_001483,Target,2026-03-07,1,0,0,1,1,1355.26,0.5
CMP_001,HH_001484,Target,2026-03-24,1,0,0,0,0,0.0,0.5
CMP_001,HH_001488,Target,2026-03-10,1,1,0,0,0,0.0,0.5
CMP_001,HH_001493,Target,2026-03-23,1,0,0,0,0,0.0,0.5
CMP_001,HH_001495,Target,2026-03-11,1,1,1,1,1,9918.53,0.5
CMP_001,HH_001498,Target,2026-03-10,1,0,0,0,0,0.0,0.5
CMP_001,HH_001499,Target,2026-03-18,1,0,0,0,0,0.0,0.5
CMP_001,HH_001501,Target,2026-03-21,1,0,0,0,0,0.0,0.5
CMP_001,HH_001502,Target,2026-03-17,1,0,0,0,0,0.0,0.5
CMP_001,HH_001503,Target,2026-03-03,1,0,0,0,0,0.0,0.5
CMP_001,HH_001507,Target,2026-03-24,1,1,0,0,0,0.0,0.5
CMP_001,HH_001509,Target,2026-03-29,1,1,0,1,0,0.0,0.5
CMP_001,HH_001510,Target,2026-03-25,1,0,0,0,0,0.0,0.5
CMP_001,HH_001511,Target,2026-03-12,1,0,0,0,0,0.0,0.5
CMP_001,HH_001512,Target,2026-03-15,1,0,0,0,0,0.0,0.5
CMP_001,HH_001517,Target,2026-03-29,1,1,1,1,0,0.0,0.5
CMP_001,HH_001518,Target,2026-03-17,1,0,0,0,0,0.0,0.5
CMP_001,HH_001521,Holdout,,0,,,0,0,0.0,0.0
CMP_001,HH_001522,Target,2026-03-06,1,0,0,0,0,0.0,0.5
CMP_001,HH_001527,Holdout,,0,,,0,0,0.0,0.0
CMP_001,HH_001528,Target,2026-03-07,1,0,0,0,0,0.0,0.5
CMP_001,HH_001529,Target,2026-03-22,1,1,0,0,0,0.0,0.5
CMP_001,HH_001530,Target,2026-03-27,1,0,0,0,0,0.0,0.5
CMP_001,HH_001532,Target,2026-03-14,1,0,0,0,0,0.0,0.5
CMP_001,HH_001533,Target,2026-03-25,1,1,1,1,0,0.0,0.5
CMP_001,HH_001534,Target,2026-03-23,1,1,0,0,0,0.0,0.5
CMP_001,HH_001535,Target,2026-03-18,1,0,0,0,0,0.0,0.5
CMP_001,HH_001538,Target,2026-03-11,1,0,0,0,0,0.0,0.5
CMP_001,HH_001539,Target,2026-03-23,1,0,0,0,0,0.0,0.5
CMP_001,HH_001541,Holdout,,0,,,0,0,0.0,0.0
CMP_001,HH_001542,Holdout,,0,,,0,0,0.0,0.0
CMP_001,HH_001544,Target,2026-03-06,1,1,1,1,0,0.0,0.5
CMP_001,HH_001546,Target,2026-03-27,1,1,0,0,0,0.0,0.5
CMP_001,HH_001548,Target,2026-03-23,0,,,0,0,0.0,0.5
CMP_001,HH_001551,Target,2026-03-03,1,0,0,0,0,0.0,0.5
CMP_001,HH_001553,Target,2026-03-17,1,0,0,0,0,0.0,0.5
CMP_001,HH_001554,Target,2026-03-15,1,0,0,0,0,0.0,0.5
CMP_001,HH_001558,Target,2026-03-06,1,0,0,0,0,0.0,0.5
CMP_001,HH_001560,Target,2026-03-11,1,1,1,1,0,0.0,0.5
CMP_001,HH_001562,Target,2026-03-18,1,0,0,0,0,0.0,0.5
CMP_001,HH_001563,Target,2026-03-19,1,0,0,0,0,0.0,0.5
CMP_001,HH_001565,Holdout,,0,,,0,1,2277.59,0.0
CMP_001,HH_001566,Holdout,,0,,,0,0,0.0,0.0
CMP_001,HH_001567,Target,2026-03-18,1,1,0,0,0,0.0,0.5
CMP_001,HH_001571,Target,2026-03-10,0,,,0,0,0.0,0.5
CMP_001,HH_001576,Target,2026-03-07,1,0,0,0,0,0.0,0.5
CMP_001,HH_001578,Target,2026-03-15,1,0,0,0,0,0.0,0.5
CMP_001,HH_001582,Target,2026-03-29,1,1,0,0,0,0.0,0.5
CMP_001,HH_001587,Holdout,,0,,,0,0,0.0,0.0
CMP_001,HH_001590,Target,2026-03-05,1,0,0,0,0,0.0,0.5
CMP_001,HH_001593,Target,2026-03-29,1,0,0,0,0,0.0,0.5
CMP_001,HH_001595,Holdout,,0,,,0,0,0.0,0.0
CMP_001,HH_001597,Target,2026-03-29,0,,,0,0,0.0,0.5
CMP_001,HH_001599,Target,2026-03-20,1,0,0,0,0,0.0,0.5
CMP_001,HH_001600,Target,2026-03-26,1,1,1,1,0,0.0,0.5
CMP_001,HH_001602,Target,2026-03-06,0,,,0,0,0.0,0.5
CMP_001,HH_001603,Target,2026-03-30,1,1,1,1,0,0.0,0.5
CMP_001,HH_001604,Target,2026-03-23,1,0,0,0,0,0.0,0.5
CMP_001,HH_001605,Target,2026-03-23,1,0,0,0,0,0.0,0.5
CMP_001,HH_001606,Target,2026-03-15,1,0,0,0,0,0.0,0.5
CMP_001,HH_001607,Target,2026-03-14,1,1,0,0,0,0.0,0.5
CMP_001,HH_001612,Target,2026-03-18,1,0,0,0,0,0.0,0.5
CMP_001,HH_001615,Holdout,,0,,,0,0,0.0,0.0
CMP_001,HH_001616,Target,2026-03-03,0,,,0,0,0.0,0.5
CMP_001,HH_001618,Target,2026-03-14,1,0,0,0,0,0.0,0.5
CMP_001,HH_001621,Target,2026-03-16,1,1,0,0,0,0.0,0.5
CMP_001,HH_001622,Target,2026-03-14,1,1,0,1,1,3636.27,0.5
CMP_001,HH_001624,Target,2026-03-11,1,0,0,0,0,0.0,0.5
CMP_001,HH_001630,Target,2026-03-12,1,1,1,1,0,0.0,0.5
CMP_001,HH_001631,Target,2026-03-21,1,0,0,0,0,0.0,0.5
CMP_001,HH_001633,Target,2026-03-05,1,0,0,0,0,0.0,0.5
CMP_001,HH_001634,Target,2026-03-27,1,0,0,0,0,0.0,0.5
CMP_001,HH_001637,Target,2026-03-07,1,0,0,0,0,0.0,0.5
CMP_001,HH_001638,Target,2026-03-10,1,0,0,0,0,0.0,0.5
CMP_001,HH_001640,Holdout,,0,,,0,0,0.0,0.0
CMP_001,HH_001642,Target,2026-03-05,1,0,0,1,1,2193.13,0.5
CMP_001,HH_001644,Target,2026-03-30,1,1,0,1,0,0.0,0.5
CMP_001,HH_001646,Target,2026-03-03,1,0,0,0,0,0.0,0.5
CMP_001,HH_001648,Target,2026-03-26,1,0,0,0,0,0.0,0.5
CMP_001,HH_001649,Target,2026-03-06,1,1,0,0,0,0.0,0.5
CMP_001,HH_001650,Holdout,,0,,,0,0,0.0,0.0
CMP_001,HH_001653,Target,2026-03-14,1,0,0,0,0,0.0,0.5
CMP_001,HH_001654,Target,2026-03-15,1,0,0,0,0,0.0,0.5
CMP_001,HH_001655,Target,2026-03-19,1,0,0,0,0,0.0,0.5
CMP_001,HH_001659,Holdout,,0,,,0,0,0.0,0.0
CMP_001,HH_001660,Target,2026-03-13,1,0,0,0,0,0.0,0.5
CMP_001,HH_001661,Target,2026-03-07,0,,,0,0,0.0,0.5
CMP_001,HH_001662,Target,2026-03-12,1,0,0,0,0,0.0,0.5
CMP_001,HH_001669,Target,2026-03-23,1,0,0,0,0,0.0,0.5
CMP_001,HH_001670,Holdout,,0,,,0,0,0.0,0.0
CMP_001,HH_001672,Target,2026-03-05,1,1,1,1,0,0.0,0.5
CMP_001,HH_001673,Target,2026-03-07,1,0,0,0,0,0.0,0.5
CMP_001,HH_001674,Target,2026-03-27,1,1,0,1,1,2590.86,0.5
CMP_001,HH_001675,Target,2026-03-25,1,0,0,0,0,0.0,0.5
CMP_001,HH_001677,Target,2026-03-18,1,0,0,0,0,0.0,0.5
CMP_001,HH_001680,Target,2026-03-31,1,0,0,0,0,0.0,0.5
CMP_001,HH_001681,Target,2026-03-19,1,1,0,0,0,0.0,0.5
CMP_001,HH_001682,Holdout,,0,,,0,0,0.0,0.0
CMP_001,HH_001683,Target,2026-03-13,1,0,0,0,0,0.0,0.5
CMP_001,HH_001684,Target,2026-03-08,1,1,1,1,0,0.0,0.5
CMP_001,HH_001686,Target,2026-03-18,1,1,1,1,0,0.0,0.5
CMP_001,HH_001691,Target,2026-03-29,1,1,0,1,0,0.0,0.5
CMP_001,HH_001697,Target,2026-03-03,1,0,0,0,0,0.0,0.5
CMP_001,HH_001702,Target,2026-03-27,1,0,0,0,0,0.0,0.5
CMP_001,HH_001707,Target,2026-03-09,1,0,0,0,0,0.0,0.5
CMP_001,HH_001709,Target,2026-03-19,1,0,0,0,0,0.0,0.5
CMP_001,HH_001710,Target,2026-03-12,1,1,0,0,0,0.0,0.5
CMP_001,HH_001711,Target,2026-03-26,1,0,0,1,1,2271.66,0.5
CMP_001,HH_001712,Target,2026-03-21,1,0,0,0,0,0.0,0.5
CMP_001,HH_001713,Target,2026-03-14,1,0,0,0,0,0.0,0.5
CMP_001,HH_001714,Target,2026-03-11,1,1,0,0,0,0.0,0.5
CMP_001,HH_001716,Target,2026-03-11,1,0,0,0,0,0.0,0.5
CMP_001,HH_001717,Target,2026-03-07,1,0,0,0,0,0.0,0.5
CMP_001,HH_001719,Target,2026-03-08,1,0,0,0,0,0.0,0.5
CMP_001,HH_001720,Holdout,,0,,,0,0,0.0,0.0
CMP_001,HH_001721,Target,2026-03-25,1,0,0,0,0,0.0,0.5
CMP_001,HH_001722,Holdout,,0,,,0,0,0.0,0.0
CMP_001,HH_001723,Target,2026-03-04,1,1,1,1,0,0.0,0.5
CMP_001,HH_001724,Target,2026-03-31,1,1,0,0,0,0.0,0.5
CMP_001,HH_001728,Target,2026-03-19,1,1,0,1,1,2441.09,0.5
CMP_001,HH_001731,Target,2026-03-13,1,0,0,0,0,0.0,0.5
CMP_001,HH_001733,Target,2026-03-04,1,1,0,0,0,0.0,0.5
CMP_001,HH_001734,Target,2026-03-09,1,1,0,0,0,0.0,0.5
CMP_001,HH_001736,Holdout,,0,,,0,0,0.0,0.0
CMP_001,HH_001738,Holdout,,0,,,0,0,0.0,0.0
CMP_001,HH_001742,Target,2026-03-19,1,0,0,0,0,0.0,0.5
CMP_001,HH_001743,Target,2026-03-14,1,0,0,0,0,0.0,0.5
CMP_001,HH_001744,Target,2026-03-30,1,0,0,0,0,0.0,0.5
CMP_001,HH_001745,Holdout,,0,,,0,0,0.0,0.0
CMP_001,HH_001746,Target,2026-03-10,1,1,1,1,0,0.0,0.5
CMP_001,HH_001747,Holdout,,0,,,0,0,0.0,0.0
CMP_001,HH_001748,Holdout,,0,,,0,0,0.0,0.0
CMP_001,HH_001749,Target,2026-03-05,1,1,0,0,0,0.0,0.5
CMP_001,HH_001752,Target,2026-03-11,1,0,0,0,0,0.0,0.5
CMP_001,HH_001753,Target,2026-03-21,1,0,0,0,0,0.0,0.5
CMP_001,HH_001756,Target,2026-03-27,1,1,0,1,1,1341.59,0.5
CMP_001,HH_001757,Target,2026-03-15,1,1,0,0,0,0.0,0.5
CMP_001,HH_001759,Target,2026-03-26,1,1,0,0,0,0.0,0.5
CMP_001,HH_001760,Target,2026-03-06,1,0,0,0,0,0.0,0.5
CMP_001,HH_001762,Target,2026-03-25,1,1,1,1,0,0.0,0.5
CMP_001,HH_001763,Target,2026-03-14,1,0,0,0,0,0.0,0.5
CMP_001,HH_001764,Target,2026-03-30,1,0,0,0,0,0.0,0.5
CMP_001,HH_001765,Target,2026-03-09,1,0,0,0,0,0.0,0.5
CMP_001,HH_001769,Holdout,,0,,,0,0,0.0,0.0
CMP_001,HH_001771,Target,2026-03-02,1,0,0,0,0,0.0,0.5
CMP_001,HH_001773,Target,2026-03-07,1,0,0,0,0,0.0,0.5
CMP_001,HH_001776,Target,2026-03-20,1,0,0,0,0,0.0,0.5
CMP_001,HH_001777,Target,2026-03-13,1,1,0,1,0,0.0,0.5
CMP_001,HH_001779,Target,2026-03-18,1,0,0,0,0,0.0,0.5
CMP_001,HH_001781,Target,2026-03-03,1,1,0,0,0,0.0,0.5
CMP_001,HH_001783,Target,2026-03-25,1,1,0,0,0,0.0,0.5
CMP_001,HH_001784,Target,2026-03-28,1,1,1,1,0,0.0,0.5
CMP_001,HH_001785,Target,2026-03-28,1,0,0,0,0,0.0,0.5
CMP_001,HH_001787,Target,2026-03-18,1,0,0,0,0,0.0,0.5
CMP_001,HH_001788,Target,2026-03-10,1,1,1,1,0,0.0,0.5
CMP_001,HH_001789,Target,2026-03-09,1,1,0,0,0,0.0,0.5
CMP_001,HH_001790,Target,2026-03-22,1,0,0,1,1,3302.01,0.5
CMP_001,HH_001791,Target,2026-03-22,1,0,0,0,0,0.0,0.5
CMP_001,HH_001792,Target,2026-03-31,1,1,0,0,0,0.0,0.5
CMP_001,HH_001793,Target,2026-03-23,1,0,0,0,0,0.0,0.5
CMP_001,HH_001795,Target,2026-03-17,1,0,0,0,0,0.0,0.5
CMP_001,HH_001796,Target,2026-03-27,1,0,0,0,0,0.0,0.5
CMP_001,HH_001798,Target,2026-03-07,1,0,0,0,0,0.0,0.5
CMP_001,HH_001799,Target,2026-03-09,1,0,0,0,0,0.0,0.5
CMP_001,HH_001800,Target,2026-03-31,1,0,0,0,0,0.0,0.5
CMP_001,HH_001802,Target,2026-03-17,1,0,0,0,0,0.0,0.5
CMP_001,HH_001803,Holdout,,0,,,0,0,0.0,0.0
CMP_001,HH_001804,Target,2026-03-30,1,0,0,0,0,0.0,0.5
CMP_001,HH_001805,Holdout,,0,,,0,0,0.0,0.0
CMP_001,HH_001806,Target,2026-03-03,1,0,0,0,0,0.0,0.5
CMP_001,HH_001807,Holdout,,0,,,0,0,0.0,0.0
CMP_001,HH_001809,Target,2026-03-31,1,0,0,0,0,0.0,0.5
CMP_001,HH_001810,Target,2026-03-17,1,0,0,0,0,0.0,0.5
CMP_001,HH_001811,Target,2026-03-19,1,0,0,0,0,0.0,0.5
CMP_001,HH_001818,Target,2026-03-20,1,0,0,0,0,0.0,0.5
CMP_001,HH_001820,Target,2026-03-27,1,0,0,0,0,0.0,0.5
CMP_001,HH_001823,Target,2026-03-10,1,1,0,0,0,0.0,0.5
CMP_001,HH_001824,Holdout,,0,,,0,0,0.0,0.0
CMP_001,HH_001825,Target,2026-03-07,1,0,0,0,0,0.0,0.5
CMP_001,HH_001826,Target,2026-03-13,1,0,0,0,0,0.0,0.5
CMP_001,HH_001827,Target,2026-03-05,1,0,0,0,0,0.0,0.5
CMP_001,HH_001828,Target,2026-03-08,1,0,0,0,0,0.0,0.5
CMP_001,HH_001829,Target,2026-03-23,1,0,0,0,0,0.0,0.5
CMP_001,HH_001830,Holdout,,0,,,0,0,0.0,0.0
CMP_001,HH_001831,Target,2026-03-15,1,1,1,1,0,0.0,0.5
CMP_001,HH_001832,Target,2026-03-31,1,0,0,0,0,0.0,0.5
CMP_001,HH_001834,Target,2026-03-21,1,1,0,0,0,0.0,0.5
CMP_001,HH_001836,Target,2026-03-31,1,0,0,0,0,0.0,0.5
CMP_001,HH_001838,Target,2026-03-18,1,0,0,0,0,0.0,0.5
CMP_001,HH_001839,Target,2026-03-22,1,1,1,1,0,0.0,0.5
CMP_001,HH_001840,Target,2026-03-14,1,0,0,0,0,0.0,0.5
CMP_001,HH_001843,Target,2026-03-31,1,1,0,0,0,0.0,0.5
CMP_001,HH_001844,Target,2026-03-10,1,0,0,0,0,0.0,0.5
CMP_001,HH_001845,Target,2026-03-02,1,1,0,1,0,0.0,0.5
CMP_001,HH_001846,Target,2026-03-27,1,0,0,0,0,0.0,0.5
CMP_001,HH_001847,Target,2026-03-10,1,0,0,0,0,0.0,0.5
CMP_001,HH_001849,Target,2026-03-26,1,0,0,0,0,0.0,0.5
CMP_001,HH_001850,Target,2026-03-29,1,1,1,1,1,2194.06,0.5
CMP_001,HH_001853,Holdout,,0,,,0,0,0.0,0.0
CMP_001,HH_001855,Target,2026-03-18,1,0,0,0,0,0.0,0.5
CMP_001,HH_001859,Target,2026-03-14,1,0,0,0,0,0.0,0.5
CMP_001,HH_001860,Target,2026-03-17,1,1,1,1,0,0.0,0.5
CMP_001,HH_001861,Target,2026-03-31,1,0,0,0,0,0.0,0.5
CMP_001,HH_001862,Target,2026-03-29,1,0,0,0,0,0.0,0.5
CMP_001,HH_001865,Target,2026-03-13,1,1,1,1,0,0.0,0.5
CMP_001,HH_001869,Target,2026-03-21,1,1,0,0,0,0.0,0.5
CMP_001,HH_001873,Target,2026-03-30,1,0,0,0,0,0.0,0.5
CMP_001,HH_001874,Holdout,,0,,,0,0,0.0,0.0
CMP_001,HH_001875,Holdout,,0,,,0,0,0.0,0.0
CMP_001,HH_001878,Target,2026-03-27,1,0,0,0,0,0.0,0.5
CMP_001,HH_001880,Target,2026-03-29,1,0,0,0,0,0.0,0.5
CMP_001,HH_001881,Holdout,,0,,,0,0,0.0,0.0
CMP_001,HH_001882,Target,2026-03-08,1,1,1,1,0,0.0,0.5
CMP_001,HH_001883,Holdout,,0,,,0,0,0.0,0.0
CMP_001,HH_001885,Target,2026-03-12,1,0,0,0,0,0.0,0.5
CMP_001,HH_001886,Target,2026-03-13,1,0,0,0,0,0.0,0.5
CMP_001,HH_001888,Target,2026-03-20,1,0,0,0,0,0.0,0.5
CMP_001,HH_001896,Target,2026-03-19,1,0,0,0,0,0.0,0.5
CMP_001,HH_001897,Target,2026-03-06,1,0,0,1,1,1727.35,0.5
CMP_001,HH_001901,Target,2026-03-22,1,0,0,0,0,0.0,0.5
CMP_001,HH_001902,Target,2026-03-19,1,0,0,1,1,1017.74,0.5
CMP_001,HH_001904,Target,2026-03-10,1,0,0,0,0,0.0,0.5
CMP_001,HH_001906,Target,2026-03-13,1,1,0,0,0,0.0,0.5
CMP_001,HH_001910,Target,2026-03-23,1,0,0,0,0,0.0,0.5
CMP_001,HH_001911,Target,2026-03-07,1,0,0,0,0,0.0,0.5
CMP_001,HH_001912,Target,2026-03-26,1,0,0,0,0,0.0,0.5
CMP_001,HH_001913,Target,2026-03-22,1,0,0,0,0,0.0,0.5
CMP_001,HH_001922,Target,2026-03-15,1,0,0,0,0,0.0,0.5
CMP_001,HH_001925,Target,2026-03-07,1,1,0,0,0,0.0,0.5
CMP_001,HH_001928,Target,2026-03-30,1,1,0,0,0,0.0,0.5
CMP_001,HH_001930,Holdout,,0,,,0,0,0.0,0.0
CMP_001,HH_001931,Target,2026-03-23,1,1,0,1,0,0.0,0.5
CMP_001,HH_001934,Target,2026-03-31,1,0,0,0,0,0.0,0.5
CMP_001,HH_001937,Target,2026-03-26,1,0,0,0,0,0.0,0.5
CMP_001,HH_001938,Target,2026-03-31,1,0,0,0,0,0.0,0.5
CMP_001,HH_001939,Target,2026-03-22,1,1,0,1,0,0.0,0.5
CMP_001,HH_001940,Target,2026-03-29,1,0,0,0,0,0.0,0.5
CMP_001,HH_001941,Target,2026-03-16,1,1,0,0,0,0.0,0.5
CMP_001,HH_001942,Target,2026-03-30,1,0,0,0,0,0.0,0.5
CMP_001,HH_001945,Target,2026-03-13,1,0,0,0,0,0.0,0.5
CMP_001,HH_001947,Target,2026-03-15,1,0,0,0,0,0.0,0.5
CMP_001,HH_001948,Target,2026-03-29,1,1,0,0,0,0.0,0.5
CMP_001,HH_001953,Target,2026-03-11,1,1,0,1,0,0.0,0.5
CMP_001,HH_001955,Target,2026-03-15,1,0,0,0,0,0.0,0.5
CMP_001,HH_001957,Target,2026-03-22,1,0,0,0,0,0.0,0.5
CMP_001,HH_001961,Target,2026-03-09,1,0,0,0,0,0.0,0.5
CMP_001,HH_001962,Target,2026-03-10,1,1,0,0,0,0.0,0.5
CMP_001,HH_001967,Holdout,,0,,,0,0,0.0,0.0
CMP_001,HH_001971,Target,2026-03-10,1,0,0,0,0,0.0,0.5
CMP_001,HH_001974,Target,2026-03-19,1,1,0,1,0,0.0,0.5
CMP_001,HH_001976,Target,2026-03-04,1,1,0,0,0,0.0,0.5
CMP_001,HH_001978,Target,2026-03-16,0,,,0,0,0.0,0.5
CMP_001,HH_001979,Target,2026-03-04,1,0,0,0,0,0.0,0.5
CMP_001,HH_001980,Target,2026-03-04,1,0,0,0,0,0.0,0.5
CMP_001,HH_001981,Holdout,,0,,,0,0,0.0,0.0
CMP_001,HH_001983,Target,2026-03-24,0,,,0,0,0.0,0.5
CMP_001,HH_001985,Target,2026-03-16,1,0,0,0,0,0.0,0.5
CMP_001,HH_001990,Target,2026-03-05,1,0,0,0,0,0.0,0.5
CMP_001,HH_001991,Target,2026-03-11,1,0,0,0,0,0.0,0.5
CMP_001,HH_001993,Target,2026-03-19,1,0,0,0,0,0.0,0.5
CMP_001,HH_001995,Target,2026-03-30,1,1,0,1,0,0.0,0.5
CMP_001,HH_001996,Target,2026-03-27,1,1,1,1,0,0.0,0.5
CMP_001,HH_001999,Target,2026-03-27,1,0,0,0,0,0.0,0.5
CMP_001,HH_002002,Target,2026-03-09,1,1,1,1,0,0.0,0.5
CMP_001,HH_002003,Holdout,,0,,,0,0,0.0,0.0
CMP_001,HH_002004,Target,2026-03-24,1,0,0,0,0,0.0,0.5
CMP_001,HH_002006,Target,2026-03-19,1,0,0,0,0,0.0,0.5
CMP_001,HH_002010,Target,2026-03-08,1,1,0,1,0,0.0,0.5
CMP_001,HH_002011,Target,2026-03-19,1,1,0,1,0,0.0,0.5
CMP_001,HH_002014,Target,2026-03-10,1,0,0,0,0,0.0,0.5
CMP_001,HH_002019,Holdout,,0,,,0,0,0.0,0.0
CMP_001,HH_002020,Target,2026-03-19,1,1,1,1,0,0.0,0.5
CMP_001,HH_002022,Target,2026-03-02,1,0,0,0,0,0.0,0.5
CMP_001,HH_002023,Target,2026-03-04,1,0,0,0,0,0.0,0.5
CMP_001,HH_002025,Target,2026-03-17,1,0,0,0,0,0.0,0.5
CMP_001,HH_002026,Target,2026-03-12,1,1,0,0,0,0.0,0.5
CMP_001,HH_002027,Target,2026-03-08,1,1,1,1,1,2211.85,0.5
CMP_001,HH_002032,Target,2026-03-21,1,0,0,0,0,0.0,0.5
CMP_001,HH_002033,Target,2026-03-04,1,1,0,0,0,0.0,0.5
CMP_001,HH_002036,Target,2026-03-22,1,1,0,0,0,0.0,0.5
CMP_001,HH_002039,Target,2026-03-28,1,0,0,0,0,0.0,0.5
CMP_001,HH_002041,Target,2026-03-04,1,0,0,0,0,0.0,0.5
CMP_001,HH_002043,Target,2026-03-19,1,0,0,0,0,0.0,0.5
CMP_001,HH_002045,Target,2026-03-07,1,0,0,0,0,0.0,0.5
CMP_001,HH_002047,Target,2026-03-20,1,0,0,0,0,0.0,0.5
CMP_001,HH_002051,Target,2026-03-07,1,0,0,0,0,0.0,0.5
CMP_001,HH_002054,Target,2026-03-19,1,0,0,0,0,0.0,0.5
CMP_001,HH_002055,Target,2026-03-12,1,0,0,0,0,0.0,0.5
CMP_001,HH_002056,Target,2026-03-12,1,0,0,0,0,0.0,0.5
CMP_001,HH_002059,Target,2026-03-31,1,0,0,0,0,0.0,0.5
CMP_001,HH_002060,Target,2026-03-02,1,0,0,0,0,0.0,0.5
CMP_001,HH_002061,Target,2026-03-30,1,1,0,0,0,0.0,0.5
CMP_001,HH_002062,Target,2026-03-24,1,0,0,0,0,0.0,0.5
CMP_001,HH_002065,Target,2026-03-20,1,1,1,1,0,0.0,0.5
CMP_001,HH_002067,Target,2026-03-20,1,1,1,1,0,0.0,0.5
CMP_001,HH_002072,Target,2026-03-08,1,0,0,0,0,0.0,0.5
CMP_001,HH_002074,Target,2026-03-28,1,0,0,0,0,0.0,0.5
CMP_001,HH_002076,Target,2026-03-22,1,1,0,1,0,0.0,0.5
CMP_001,HH_002077,Target,2026-03-13,1,0,0,0,0,0.0,0.5
CMP_001,HH_002078,Holdout,,0,,,0,0,0.0,0.0
CMP_001,HH_002080,Target,2026-03-31,1,1,0,0,0,0.0,0.5
CMP_001,HH_002083,Target,2026-03-06,1,0,0,0,0,0.0,0.5
CMP_001,HH_002084,Target,2026-03-14,1,0,0,0,0,0.0,0.5
CMP_001,HH_002086,Target,2026-03-15,1,0,0,0,0,0.0,0.5
CMP_001,HH_002089,Target,2026-03-20,1,0,0,0,0,0.0,0.5
CMP_001,HH_002090,Target,2026-03-15,1,0,0,0,0,0.0,0.5
CMP_001,HH_002091,Target,2026-03-17,1,0,0,0,0,0.0,0.5
CMP_001,HH_002095,Target,2026-03-18,0,,,0,0,0.0,0.5
CMP_001,HH_002096,Target,2026-03-26,1,0,0,0,0,0.0,0.5
CMP_001,HH_002098,Target,2026-03-15,1,1,0,0,0,0.0,0.5
CMP_001,HH_002100,Target,2026-03-13,1,0,0,0,0,0.0,0.5
CMP_001,HH_002104,Target,2026-03-03,1,0,0,0,0,0.0,0.5
CMP_001,HH_002107,Target,2026-03-25,1,0,0,0,0,0.0,0.5
CMP_001,HH_002108,Target,2026-03-31,1,1,0,0,0,0.0,0.5
CMP_001,HH_002109,Target,2026-03-17,1,1,1,1,0,0.0,0.5
CMP_001,HH_002112,Target,2026-03-10,1,0,0,0,0,0.0,0.5
CMP_001,HH_002113,Holdout,,0,,,0,0,0.0,0.0
CMP_001,HH_002114,Target,2026-03-18,1,1,1,1,0,0.0,0.5
CMP_001,HH_002115,Target,2026-03-03,1,0,0,0,0,0.0,0.5
CMP_001,HH_002118,Target,2026-03-23,1,0,0,0,0,0.0,0.5
CMP_001,HH_002120,Holdout,,0,,,0,0,0.0,0.0
CMP_001,HH_002121,Target,2026-03-14,1,0,0,0,0,0.0,0.5
CMP_001,HH_002122,Holdout,,0,,,0,0,0.0,0.0
CMP_001,HH_002123,Target,2026-03-16,1,0,0,0,0,0.0,0.5
CMP_001,HH_002124,Target,2026-03-11,1,1,0,0,0,0.0,0.5
CMP_001,HH_002125,Target,2026-03-09,1,0,0,0,0,0.0,0.5
CMP_001,HH_002128,Target,2026-03-10,1,0,0,0,0,0.0,0.5
CMP_001,HH_002129,Target,2026-03-19,1,0,0,0,0,0.0,0.5
CMP_001,HH_002131,Target,2026-03-06,1,1,0,0,0,0.0,0.5
CMP_001,HH_002134,Target,2026-03-09,1,0,0,0,0,0.0,0.5
CMP_001,HH_002135,Target,2026-03-16,1,0,0,0,0,0.0,0.5
CMP_001,HH_002136,Target,2026-03-27,1,1,1,1,0,0.0,0.5
CMP_001,HH_002138,Holdout,,0,,,0,0,0.0,0.0
CMP_001,HH_002140,Holdout,,0,,,0,0,0.0,0.0
CMP_001,HH_002144,Target,2026-03-04,1,0,0,0,0,0.0,0.5
CMP_001,HH_002148,Target,2026-03-30,1,1,1,1,0,0.0,0.5
CMP_001,HH_002149,Holdout,,0,,,0,0,0.0,0.0
CMP_001,HH_002151,Target,2026-03-22,1,0,0,0,0,0.0,0.5
CMP_001,HH_002152,Target,2026-03-07,1,1,0,0,0,0.0,0.5
CMP_001,HH_002155,Target,2026-03-09,1,0,0,0,0,0.0,0.5
CMP_001,HH_002157,Target,2026-03-18,1,0,0,0,0,0.0,0.5
CMP_001,HH_002158,Target,2026-03-14,1,0,0,0,0,0.0,0.5
CMP_001,HH_002159,Target,2026-03-26,1,0,0,0,0,0.0,0.5
CMP_001,HH_002160,Holdout,,0,,,0,0,0.0,0.0
CMP_001,HH_002162,Target,2026-03-07,1,0,0,0,0,0.0,0.5
CMP_001,HH_002164,Holdout,,0,,,0,0,0.0,0.0
CMP_001,HH_002166,Target,2026-03-14,1,0,0,0,0,0.0,0.5
CMP_001,HH_002169,Target,2026-03-14,1,0,0,0,0,0.0,0.5
CMP_001,HH_002170,Target,2026-03-30,1,0,0,1,1,1040.5,0.5
CMP_001,HH_002171,Target,2026-03-30,1,0,0,0,0,0.0,0.5
CMP_001,HH_002174,Target,2026-03-19,1,1,0,1,0,0.0,0.5
CMP_001,HH_002175,Target,2026-03-26,1,0,0,0,0,0.0,0.5
CMP_001,HH_002178,Target,2026-03-03,1,0,0,0,0,0.0,0.5
CMP_001,HH_002181,Target,2026-03-04,1,0,0,0,0,0.0,0.5
CMP_001,HH_002187,Target,2026-03-24,1,0,0,0,0,0.0,0.5
CMP_001,HH_002188,Target,2026-03-16,1,0,0,0,0,0.0,0.5
CMP_001,HH_002191,Target,2026-03-10,1,1,0,1,0,0.0,0.5
CMP_001,HH_002193,Target,2026-03-24,1,0,0,0,0,0.0,0.5
CMP_001,HH_002194,Target,2026-03-27,1,0,0,0,0,0.0,0.5
CMP_001,HH_002195,Target,2026-03-03,1,0,0,0,0,0.0,0.5
CMP_001,HH_002197,Target,2026-03-06,1,1,1,1,0,0.0,0.5
CMP_001,HH_002198,Target,2026-03-25,1,0,0,0,0,0.0,0.5
CMP_001,HH_002200,Target,2026-03-06,1,0,0,1,1,2483.87,0.5
CMP_001,HH_002202,Target,2026-03-17,1,0,0,1,1,2741.95,0.5
CMP_001,HH_002203,Target,2026-03-17,1,0,0,0,0,0.0,0.5
CMP_001,HH_002204,Target,2026-03-30,1,0,0,0,0,0.0,0.5
CMP_001,HH_002205,Target,2026-03-03,1,1,1,1,0,0.0,0.5
CMP_001,HH_002206,Target,2026-03-20,1,0,0,0,0,0.0,0.5
CMP_001,HH_002207,Holdout,,0,,,0,0,0.0,0.0
CMP_001,HH_002208,Target,2026-03-21,1,0,0,0,0,0.0,0.5
CMP_001,HH_002209,Target,2026-03-16,1,0,0,0,0,0.0,0.5
CMP_001,HH_002210,Target,2026-03-12,1,1,0,1,1,1740.11,0.5
CMP_001,HH_002212,Target,2026-03-06,1,1,0,0,0,0.0,0.5
CMP_001,HH_002215,Target,2026-03-03,1,1,0,0,0,0.0,0.5
CMP_001,HH_002217,Target,2026-03-31,1,0,0,0,0,0.0,0.5
CMP_001,HH_002221,Target,2026-03-10,1,0,0,0,0,0.0,0.5
CMP_001,HH_002222,Target,2026-03-20,1,0,0,0,0,0.0,0.5
CMP_001,HH_002223,Target,2026-03-30,1,0,0,0,0,0.0,0.5
CMP_001,HH_002227,Holdout,,0,,,0,0,0.0,0.0
CMP_001,HH_002230,Target,2026-03-29,1,1,0,1,0,0.0,0.5
CMP_001,HH_002233,Target,2026-03-08,1,1,1,1,0,0.0,0.5
CMP_001,HH_002236,Target,2026-03-18,1,0,0,0,0,0.0,0.5
CMP_001,HH_002237,Target,2026-03-14,1,0,0,0,0,0.0,0.5
CMP_001,HH_002238,Target,2026-03-12,1,0,0,0,0,0.0,0.5
CMP_001,HH_002239,Target,2026-03-03,1,0,0,0,0,0.0,0.5
CMP_001,HH_002240,Target,2026-03-19,1,0,0,0,0,0.0,0.5
CMP_001,HH_002241,Target,2026-03-03,1,0,0,0,0,0.0,0.5
CMP_001,HH_002242,Target,2026-03-19,1,1,0,0,0,0.0,0.5
CMP_001,HH_002243,Target,2026-03-06,1,1,1,1,0,0.0,0.5
CMP_001,HH_002244,Target,2026-03-20,1,0,0,0,0,0.0,0.5
CMP_001,HH_002245,Target,2026-03-11,1,0,0,0,0,0.0,0.5
CMP_001,HH_002247,Target,2026-03-17,1,0,0,0,0,0.0,0.5
CMP_001,HH_002248,Target,2026-03-18,1,1,1,1,0,0.0,0.5
CMP_001,HH_002251,Target,2026-03-16,1,0,0,0,0,0.0,0.5
CMP_001,HH_002252,Holdout,,0,,,0,0,0.0,0.0
CMP_001,HH_002254,Target,2026-03-11,1,0,0,0,0,0.0,0.5
CMP_001,HH_002255,Holdout,,0,,,0,0,0.0,0.0
CMP_001,HH_002258,Target,2026-03-25,1,1,0,1,0,0.0,0.5
CMP_001,HH_002259,Target,2026-03-29,1,0,0,0,0,0.0,0.5
CMP_001,HH_002262,Target,2026-03-18,1,0,0,0,0,0.0,0.5
CMP_001,HH_002263,Target,2026-03-22,1,0,0,0,0,0.0,0.5
CMP_001,HH_002267,Target,2026-03-12,1,0,0,0,0,0.0,0.5
CMP_001,HH_002268,Target,2026-03-05,1,1,0,1,0,0.0,0.5
CMP_001,HH_002269,Target,2026-03-06,1,0,0,0,0,0.0,0.5
CMP_001,HH_002273,Target,2026-03-11,1,0,0,0,0,0.0,0.5
CMP_001,HH_002274,Target,2026-03-17,1,0,0,1,1,1643.92,0.5
CMP_001,HH_002275,Target,2026-03-24,1,0,0,0,0,0.0,0.5
CMP_001,HH_002276,Target,2026-03-21,1,1,0,0,0,0.0,0.5
CMP_001,HH_002277,Target,2026-03-31,1,0,0,0,0,0.0,0.5
CMP_001,HH_002278,Target,2026-03-31,1,0,0,0,0,0.0,0.5
CMP_001,HH_002279,Target,2026-03-26,1,0,0,0,0,0.0,0.5
CMP_001,HH_002280,Target,2026-03-21,1,1,0,0,0,0.0,0.5
CMP_001,HH_002282,Target,2026-03-12,1,0,0,1,1,6327.34,0.5
CMP_001,HH_002283,Target,2026-03-07,1,0,0,0,0,0.0,0.5
CMP_001,HH_002284,Target,2026-03-14,1,0,0,0,0,0.0,0.5
CMP_001,HH_002288,Target,2026-03-27,1,0,0,0,0,0.0,0.5
CMP_001,HH_002290,Target,2026-03-09,1,0,0,0,0,0.0,0.5
CMP_001,HH_002291,Target,2026-03-28,1,0,0,0,0,0.0,0.5
CMP_001,HH_002292,Holdout,,0,,,0,0,0.0,0.0
CMP_001,HH_002294,Target,2026-03-23,1,1,0,0,0,0.0,0.5
CMP_001,HH_002295,Target,2026-03-19,1,1,0,0,0,0.0,0.5
CMP_001,HH_002296,Target,2026-03-21,1,0,0,0,0,0.0,0.5
CMP_001,HH_002298,Target,2026-03-04,1,1,1,1,0,0.0,0.5
CMP_001,HH_002299,Target,2026-03-26,1,1,1,1,0,0.0,0.5
CMP_001,HH_002301,Target,2026-03-08,1,1,0,0,0,0.0,0.5
CMP_001,HH_002303,Target,2026-03-31,1,1,0,1,0,0.0,0.5
CMP_001,HH_002304,Target,2026-03-14,0,,,0,0,0.0,0.5
CMP_001,HH_002315,Target,2026-03-03,1,1,0,1,1,2347.38,0.5
CMP_001,HH_002317,Target,2026-03-29,1,1,1,1,0,0.0,0.5
CMP_001,HH_002319,Target,2026-03-24,1,0,0,0,0,0.0,0.5
CMP_001,HH_002327,Target,2026-03-17,1,1,0,0,0,0.0,0.5
CMP_001,HH_002332,Target,2026-03-29,1,0,0,0,0,0.0,0.5
CMP_001,HH_002337,Target,2026-03-25,1,0,0,0,0,0.0,0.5
CMP_001,HH_002338,Holdout,,0,,,0,0,0.0,0.0
CMP_001,HH_002341,Target,2026-03-30,1,0,0,0,0,0.0,0.5
CMP_001,HH_002342,Target,2026-03-18,1,0,0,0,0,0.0,0.5
CMP_001,HH_002344,Target,2026-03-15,1,0,0,0,0,0.0,0.5
CMP_001,HH_002346,Target,2026-03-18,1,1,0,1,0,0.0,0.5
CMP_001,HH_002349,Target,2026-03-13,1,1,0,1,0,0.0,0.5
CMP_001,HH_002350,Target,2026-03-26,0,,,0,0,0.0,0.5
CMP_001,HH_002351,Target,2026-03-04,1,0,0,0,0,0.0,0.5
CMP_001,HH_002354,Target,2026-03-23,1,0,0,0,0,0.0,0.5
CMP_001,HH_002355,Target,2026-03-11,1,0,0,0,0,0.0,0.5
CMP_001,HH_002357,Target,2026-03-16,1,0,0,0,0,0.0,0.5
CMP_001,HH_002360,Target,2026-03-27,1,1,1,1,0,0.0,0.5
CMP_001,HH_002361,Target,2026-03-27,1,0,0,1,1,6312.12,0.5
CMP_001,HH_002362,Target,2026-03-11,1,0,0,0,0,0.0,0.5
CMP_001,HH_002364,Target,2026-03-18,1,1,0,0,0,0.0,0.5
CMP_001,HH_002365,Target,2026-03-25,1,1,1,1,0,0.0,0.5
CMP_001,HH_002366,Target,2026-03-27,1,1,0,1,0,0.0,0.5
CMP_001,HH_002369,Target,2026-03-04,1,0,0,0,0,0.0,0.5
CMP_001,HH_002371,Target,2026-03-26,1,0,0,0,0,0.0,0.5
CMP_001,HH_002372,Target,2026-03-22,1,1,0,1,0,0.0,0.5
CMP_001,HH_002374,Target,2026-03-03,1,1,0,0,0,0.0,0.5
CMP_001,HH_002376,Target,2026-03-14,1,0,0,0,0,0.0,0.5
CMP_001,HH_002377,Target,2026-03-15,1,1,0,0,0,0.0,0.5
CMP_001,HH_002379,Holdout,,0,,,0,0,0.0,0.0
CMP_001,HH_002380,Holdout,,0,,,0,0,0.0,0.0
CMP_001,HH_002381,Target,2026-03-29,1,1,1,1,0,0.0,0.5
CMP_001,HH_002383,Target,2026-03-16,1,0,0,0,0,0.0,0.5
CMP_001,HH_002385,Target,2026-03-08,1,0,0,0,0,0.0,0.5
CMP_001,HH_002389,Holdout,,0,,,0,1,3059.33,0.0
CMP_001,HH_002393,Target,2026-03-18,1,1,0,1,0,0.0,0.5
CMP_001,HH_002394,Target,2026-03-04,1,1,0,1,0,0.0,0.5
CMP_001,HH_002395,Target,2026-03-05,1,1,0,0,0,0.0,0.5
CMP_001,HH_002397,Target,2026-03-07,1,0,0,0,0,0.0,0.5
CMP_001,HH_002398,Target,2026-03-31,1,1,0,0,0,0.0,0.5
CMP_001,HH_002399,Target,2026-03-26,1,1,1,1,0,0.0,0.5
CMP_001,HH_002400,Target,2026-03-12,1,0,0,0,0,0.0,0.5
CMP_001,HH_002402,Target,2026-03-04,1,0,0,0,0,0.0,0.5
CMP_001,HH_002403,Target,2026-03-17,1,1,0,0,0,0.0,0.5
CMP_001,HH_002404,Target,2026-03-10,1,1,1,1,0,0.0,0.5
CMP_001,HH_002410,Target,2026-03-30,1,1,0,1,1,883.24,0.5
CMP_001,HH_002411,Target,2026-03-12,1,0,0,0,0,0.0,0.5
CMP_001,HH_002415,Target,2026-03-17,1,0,0,0,0,0.0,0.5
CMP_001,HH_002416,Target,2026-03-04,1,0,0,1,1,9679.09,0.5
CMP_001,HH_002419,Target,2026-03-20,1,0,0,0,0,0.0,0.5
CMP_001,HH_002423,Target,2026-03-03,1,0,0,0,0,0.0,0.5
CMP_001,HH_002425,Target,2026-03-12,1,1,0,0,0,0.0,0.5
CMP_001,HH_002426,Target,2026-03-14,1,0,0,0,0,0.0,0.5
CMP_001,HH_002427,Target,2026-03-24,1,1,1,1,0,0.0,0.5
CMP_001,HH_002428,Target,2026-03-08,1,1,0,0,0,0.0,0.5
CMP_001,HH_002433,Target,2026-03-17,1,0,0,0,0,0.0,0.5
CMP_001,HH_002434,Target,2026-03-03,0,,,0,0,0.0,0.5
CMP_001,HH_002435,Target,2026-03-25,1,1,1,1,0,0.0,0.5
CMP_001,HH_002436,Target,2026-03-23,1,0,0,0,0,0.0,0.5
CMP_001,HH_002437,Target,2026-03-04,1,1,1,1,0,0.0,0.5
CMP_001,HH_002438,Target,2026-03-03,1,1,0,1,1,2191.86,0.5
CMP_001,HH_002444,Holdout,,0,,,0,0,0.0,0.0
CMP_001,HH_002445,Target,2026-03-04,1,0,0,0,0,0.0,0.5
CMP_001,HH_002446,Target,2026-03-09,1,1,1,1,0,0.0,0.5
CMP_001,HH_002448,Target,2026-03-14,1,1,0,1,0,0.0,0.5
CMP_001,HH_002450,Target,2026-03-26,1,1,1,1,1,1402.57,0.5
CMP_001,HH_002451,Target,2026-03-13,1,0,0,0,0,0.0,0.5
CMP_001,HH_002452,Holdout,,0,,,0,0,0.0,0.0
CMP_001,HH_002455,Target,2026-03-26,1,1,0,1,0,0.0,0.5
CMP_001,HH_002457,Holdout,,0,,,0,0,0.0,0.0
CMP_001,HH_002459,Target,2026-03-27,1,0,0,0,0,0.0,0.5
CMP_001,HH_002461,Target,2026-03-18,1,0,0,0,0,0.0,0.5
CMP_001,HH_002462,Target,2026-03-21,1,1,0,0,0,0.0,0.5
CMP_001,HH_002463,Target,2026-03-02,1,0,0,0,0,0.0,0.5
CMP_001,HH_002471,Holdout,,0,,,0,0,0.0,0.0
CMP_001,HH_002475,Holdout,,0,,,0,0,0.0,0.0
CMP_001,HH_002476,Target,2026-03-08,1,1,1,1,0,0.0,0.5
CMP_001,HH_002477,Target,2026-03-17,1,0,0,0,0,0.0,0.5
CMP_001,HH_002478,Holdout,,0,,,0,0,0.0,0.0
CMP_001,HH_002482,Target,2026-03-21,1,0,0,0,0,0.0,0.5
CMP_001,HH_002485,Target,2026-03-31,1,0,0,0,0,0.0,0.5
CMP_001,HH_002486,Target,2026-03-04,1,0,0,0,0,0.0,0.5
CMP_001,HH_002488,Target,2026-03-08,1,0,0,0,0,0.0,0.5
CMP_001,HH_002490,Target,2026-03-09,1,1,0,0,0,0.0,0.5
CMP_001,HH_002491,Target,2026-03-17,1,1,0,0,0,0.0,0.5
CMP_001,HH_002502,Target,2026-03-16,1,0,0,0,0,0.0,0.5
CMP_001,HH_002503,Holdout,,0,,,0,0,0.0,0.0
CMP_001,HH_002504,Target,2026-03-06,1,1,0,0,0,0.0,0.5
CMP_001,HH_002505,Target,2026-03-07,1,0,0,0,0,0.0,0.5
CMP_001,HH_002507,Target,2026-03-19,1,0,0,1,1,8998.82,0.5
CMP_001,HH_002510,Target,2026-03-20,0,,,0,0,0.0,0.5
CMP_001,HH_002511,Target,2026-03-02,1,0,0,0,0,0.0,0.5
CMP_001,HH_002513,Target,2026-03-20,1,1,0,0,0,0.0,0.5
CMP_001,HH_002516,Holdout,,0,,,0,0,0.0,0.0
CMP_001,HH_002517,Holdout,,0,,,0,0,0.0,0.0
CMP_001,HH_002518,Target,2026-03-27,1,0,0,0,0,0.0,0.5
CMP_001,HH_002520,Target,2026-03-19,1,0,0,0,0,0.0,0.5
CMP_001,HH_002521,Target,2026-03-13,1,1,0,1,1,6358.48,0.5
CMP_001,HH_002522,Target,2026-03-29,1,0,0,0,0,0.0,0.5
CMP_001,HH_002523,Holdout,,0,,,0,0,0.0,0.0
CMP_001,HH_002529,Target,2026-03-29,1,0,0,0,0,0.0,0.5
CMP_001,HH_002530,Target,2026-03-04,1,1,0,1,0,0.0,0.5
CMP_001,HH_002533,Target,2026-03-21,1,0,0,0,0,0.0,0.5
CMP_001,HH_002534,Target,2026-03-30,1,1,0,0,0,0.0,0.5
CMP_001,HH_002535,Target,2026-03-14,1,0,0,0,0,0.0,0.5
CMP_001,HH_002536,Target,2026-03-19,1,0,0,0,0,0.0,0.5
CMP_001,HH_002537,Target,2026-03-12,1,1,1,1,0,0.0,0.5
CMP_001,HH_002541,Holdout,,0,,,0,0,0.0,0.0
CMP_001,HH_002542,Target,2026-03-09,1,0,0,0,0,0.0,0.5
CMP_001,HH_002543,Target,2026-03-03,1,1,0,0,0,0.0,0.5
CMP_001,HH_002544,Target,2026-03-23,1,0,0,0,0,0.0,0.5
CMP_001,HH_002545,Target,2026-03-23,1,0,0,0,0,0.0,0.5
CMP_001,HH_002549,Holdout,,0,,,0,0,0.0,0.0
CMP_001,HH_002550,Target,2026-03-30,1,1,0,1,1,4153.36,0.5
CMP_001,HH_002551,Target,2026-03-06,1,0,0,0,0,0.0,0.5
CMP_001,HH_002560,Target,2026-03-23,1,0,0,0,0,0.0,0.5
CMP_001,HH_002562,Target,2026-03-22,1,1,1,1,1,2564.38,0.5
CMP_001,HH_002564,Target,2026-03-12,1,0,0,0,0,0.0,0.5
CMP_001,HH_002567,Target,2026-03-20,1,0,0,0,0,0.0,0.5
CMP_001,HH_002570,Target,2026-03-20,1,1,0,1,0,0.0,0.5
CMP_001,HH_002571,Target,2026-03-26,0,,,0,0,0.0,0.5
CMP_001,HH_002572,Target,2026-03-11,1,1,1,1,0,0.0,0.5
CMP_001,HH_002573,Target,2026-03-07,1,0,0,0,0,0.0,0.5
CMP_001,HH_002574,Target,2026-03-09,1,1,0,0,0,0.0,0.5
CMP_001,HH_002575,Target,2026-03-24,1,1,0,0,0,0.0,0.5
CMP_001,HH_002576,Target,2026-03-11,1,1,1,1,0,0.0,0.5
CMP_001,HH_002578,Target,2026-03-31,1,1,1,1,0,0.0,0.5
CMP_001,HH_002579,Holdout,,0,,,0,0,0.0,0.0
CMP_001,HH_002580,Target,2026-03-26,1,0,0,0,0,0.0,0.5
CMP_001,HH_002581,Target,2026-03-31,1,0,0,0,0,0.0,0.5
CMP_001,HH_002584,Target,2026-03-03,1,1,0,0,0,0.0,0.5
CMP_001,HH_002586,Target,2026-03-04,1,0,0,0,0,0.0,0.5
CMP_001,HH_002587,Target,2026-03-27,1,0,0,0,0,0.0,0.5
CMP_001,HH_002588,Target,2026-03-16,1,0,0,0,0,0.0,0.5
CMP_001,HH_002593,Holdout,,0,,,0,0,0.0,0.0
CMP_001,HH_002596,Target,2026-03-03,1,0,0,0,0,0.0,0.5
CMP_001,HH_002597,Target,2026-03-13,1,1,1,1,0,0.0,0.5
CMP_001,HH_002598,Target,2026-03-19,1,1,0,0,0,0.0,0.5
CMP_001,HH_002603,Target,2026-03-27,1,0,0,0,0,0.0,0.5
CMP_001,HH_002604,Target,2026-03-28,1,0,0,0,0,0.0,0.5
CMP_001,HH_002605,Target,2026-03-29,1,0,0,0,0,0.0,0.5
CMP_001,HH_002608,Holdout,,0,,,0,0,0.0,0.0
CMP_001,HH_002609,Target,2026-03-10,1,0,0,0,0,0.0,0.5
CMP_001,HH_002610,Target,2026-03-06,1,1,0,0,0,0.0,0.5
CMP_001,HH_002611,Target,2026-03-20,1,1,0,1,0,0.0,0.5
CMP_001,HH_002612,Target,2026-03-22,1,0,0,0,0,0.0,0.5
CMP_001,HH_002613,Target,2026-03-15,1,1,0,1,0,0.0,0.5
CMP_001,HH_002615,Target,2026-03-04,1,0,0,0,0,0.0,0.5
CMP_001,HH_002618,Target,2026-03-10,1,0,0,0,0,0.0,0.5
CMP_001,HH_002619,Target,2026-03-18,1,0,0,1,1,1370.98,0.5
CMP_001,HH_002623,Target,2026-03-16,1,0,0,0,0,0.0,0.5
CMP_001,HH_002625,Target,2026-03-15,1,0,0,0,0,0.0,0.5
CMP_001,HH_002627,Target,2026-03-22,1,0,0,0,0,0.0,0.5
CMP_001,HH_002629,Target,2026-03-05,1,0,0,0,0,0.0,0.5
CMP_001,HH_002633,Target,2026-03-29,1,0,0,0,0,0.0,0.5
CMP_001,HH_002634,Target,2026-03-05,1,0,0,0,0,0.0,0.5
CMP_001,HH_002637,Target,2026-03-11,1,0,0,0,0,0.0,0.5
CMP_001,HH_002639,Target,2026-03-05,1,1,0,0,0,0.0,0.5
CMP_001,HH_002641,Target,2026-03-18,1,0,0,0,0,0.0,0.5
CMP_001,HH_002642,Target,2026-03-15,1,0,0,0,0,0.0,0.5
CMP_001,HH_002644,Target,2026-03-17,1,1,0,0,0,0.0,0.5
CMP_001,HH_002647,Holdout,,0,,,0,0,0.0,0.0
CMP_001,HH_002649,Target,2026-03-25,1,0,0,0,0,0.0,0.5
CMP_001,HH_002652,Holdout,,0,,,0,0,0.0,0.0
CMP_001,HH_002653,Target,2026-03-04,1,1,0,1,0,0.0,0.5
CMP_001,HH_002655,Target,2026-03-08,1,1,0,1,0,0.0,0.5
CMP_001,HH_002657,Target,2026-03-04,1,1,1,1,0,0.0,0.5
CMP_001,HH_002660,Target,2026-03-20,1,0,0,0,0,0.0,0.5
CMP_001,HH_002662,Target,2026-03-29,1,0,0,0,0,0.0,0.5
CMP_001,HH_002667,Target,2026-03-29,1,0,0,0,0,0.0,0.5
CMP_001,HH_002668,Target,2026-03-05,1,0,0,0,0,0.0,0.5
CMP_001,HH_002672,Target,2026-03-11,1,1,0,1,1,2395.77,0.5
CMP_001,HH_002674,Holdout,,0,,,0,0,0.0,0.0
CMP_001,HH_002675,Target,2026-03-07,1,0,0,0,0,0.0,0.5
CMP_001,HH_002676,Target,2026-03-14,1,0,0,0,0,0.0,0.5
CMP_001,HH_002681,Target,2026-03-12,1,1,1,1,0,0.0,0.5
CMP_001,HH_002683,Target,2026-03-19,1,0,0,0,0,0.0,0.5
CMP_001,HH_002685,Target,2026-03-16,1,0,0,0,0,0.0,0.5
CMP_001,HH_002688,Holdout,,0,,,0,0,0.0,0.0
CMP_001,HH_002691,Target,2026-03-08,1,0,0,0,0,0.0,0.5
CMP_001,HH_002693,Target,2026-03-13,1,1,0,1,0,0.0,0.5
CMP_001,HH_002695,Target,2026-03-04,1,1,0,0,0,0.0,0.5
CMP_001,HH_002698,Target,2026-03-07,1,1,0,0,0,0.0,0.5
CMP_001,HH_002699,Holdout,,0,,,0,0,0.0,0.0
CMP_001,HH_002700,Target,2026-03-24,1,0,0,0,0,0.0,0.5
CMP_001,HH_002701,Target,2026-03-14,1,0,0,0,0,0.0,0.5
CMP_001,HH_002704,Holdout,,0,,,0,0,0.0,0.0
CMP_001,HH_002705,Target,2026-03-05,1,1,0,1,0,0.0,0.5
CMP_001,HH_002706,Target,2026-03-04,1,0,0,1,1,4253.67,0.5
CMP_001,HH_002708,Target,2026-03-11,1,0,0,0,0,0.0,0.5
CMP_001,HH_002709,Target,2026-03-26,1,1,0,0,0,0.0,0.5
CMP_001,HH_002710,Target,2026-03-27,1,0,0,0,0,0.0,0.5
CMP_001,HH_002712,Holdout,,0,,,0,0,0.0,0.0
CMP_001,HH_002713,Holdout,,0,,,0,0,0.0,0.0
CMP_001,HH_002715,Target,2026-03-03,1,1,0,0,0,0.0,0.5
CMP_001,HH_002719,Target,2026-03-11,1,0,0,0,0,0.0,0.5
CMP_001,HH_002720,Target,2026-03-23,1,0,0,0,0,0.0,0.5
CMP_001,HH_002724,Target,2026-03-07,1,1,0,0,0,0.0,0.5
CMP_001,HH_002725,Target,2026-03-11,1,0,0,1,1,3315.83,0.5
CMP_001,HH_002727,Target,2026-03-25,1,0,0,0,0,0.0,0.5
CMP_001,HH_002732,Target,2026-03-15,1,1,0,0,0,0.0,0.5
CMP_001,HH_002735,Target,2026-03-20,1,1,0,1,0,0.0,0.5
CMP_001,HH_002736,Target,2026-03-03,1,0,0,0,0,0.0,0.5
CMP_001,HH_002737,Target,2026-03-10,1,1,0,1,1,5215.6,0.5
CMP_001,HH_002739,Target,2026-03-05,1,0,0,0,0,0.0,0.5
CMP_001,HH_002740,Target,2026-03-18,1,0,0,0,0,0.0,0.5
CMP_001,HH_002743,Target,2026-03-15,1,1,0,1,0,0.0,0.5
CMP_001,HH_002744,Holdout,,0,,,0,0,0.0,0.0
CMP_001,HH_002746,Target,2026-03-27,1,1,0,0,0,0.0,0.5
CMP_001,HH_002747,Target,2026-03-04,1,0,0,0,0,0.0,0.5
CMP_001,HH_002749,Target,2026-03-04,1,0,0,0,0,0.0,0.5
CMP_001,HH_002750,Target,2026-03-19,1,1,0,0,0,0.0,0.5
CMP_001,HH_002756,Target,2026-03-30,1,1,0,0,0,0.0,0.5
CMP_001,HH_002758,Target,2026-03-25,1,0,0,0,0,0.0,0.5
CMP_001,HH_002759,Target,2026-03-29,1,0,0,0,0,0.0,0.5
CMP_001,HH_002762,Target,2026-03-18,1,1,0,0,0,0.0,0.5
CMP_001,HH_002763,Target,2026-03-15,1,1,0,1,1,1247.83,0.5
CMP_001,HH_002764,Target,2026-03-22,1,1,0,1,0,0.0,0.5
CMP_001,HH_002765,Target,2026-03-27,1,0,0,0,0,0.0,0.5
CMP_001,HH_002767,Target,2026-03-22,1,0,0,0,0,0.0,0.5
CMP_001,HH_002768,Target,2026-03-27,1,0,0,0,0,0.0,0.5
CMP_001,HH_002769,Target,2026-03-25,1,0,0,1,1,2691.08,0.5
CMP_001,HH_002771,Target,2026-03-29,1,1,0,0,0,0.0,0.5
CMP_001,HH_002772,Holdout,,0,,,0,0,0.0,0.0
CMP_001,HH_002776,Target,2026-03-20,1,0,0,0,0,0.0,0.5
CMP_001,HH_002777,Target,2026-03-26,1,0,0,0,0,0.0,0.5
CMP_001,HH_002778,Holdout,,0,,,0,0,0.0,0.0
CMP_001,HH_002779,Target,2026-03-20,1,0,0,0,0,0.0,0.5
CMP_001,HH_002780,Target,2026-03-08,1,1,1,1,0,0.0,0.5
CMP_001,HH_002781,Target,2026-03-20,1,1,0,1,0,0.0,0.5
CMP_001,HH_002782,Target,2026-03-09,1,0,0,0,0,0.0,0.5
CMP_001,HH_002783,Holdout,,0,,,0,0,0.0,0.0
CMP_001,HH_002784,Target,2026-03-30,1,0,0,0,0,0.0,0.5
CMP_001,HH_002787,Target,2026-03-24,1,0,0,0,0,0.0,0.5
CMP_001,HH_002789,Target,2026-03-22,1,0,0,0,0,0.0,0.5
CMP_001,HH_002794,Target,2026-03-29,1,1,0,1,1,2913.65,0.5
CMP_001,HH_002799,Holdout,,0,,,0,0,0.0,0.0
CMP_001,HH_002800,Holdout,,0,,,0,0,0.0,0.0
CMP_001,HH_002801,Holdout,,0,,,0,0,0.0,0.0
CMP_001,HH_002803,Target,2026-03-22,1,1,1,1,0,0.0,0.5
CMP_001,HH_002806,Target,2026-03-17,1,0,0,0,0,0.0,0.5
CMP_001,HH_002815,Target,2026-03-31,1,0,0,0,0,0.0,0.5
CMP_001,HH_002820,Target,2026-03-13,1,0,0,0,0,0.0,0.5
CMP_001,HH_002821,Target,2026-03-24,1,1,1,1,0,0.0,0.5
CMP_001,HH_002823,Target,2026-03-06,1,1,1,1,0,0.0,0.5
CMP_001,HH_002825,Target,2026-03-09,1,0,0,0,0,0.0,0.5
CMP_001,HH_002827,Target,2026-03-29,1,0,0,0,0,0.0,0.5
CMP_001,HH_002831,Holdout,,0,,,0,0,0.0,0.0
CMP_001,HH_002832,Target,2026-03-20,1,0,0,0,0,0.0,0.5
CMP_001,HH_002834,Target,2026-03-07,1,0,0,0,0,0.0,0.5
CMP_001,HH_002840,Target,2026-03-02,1,0,0,0,0,0.0,0.5
CMP_001,HH_002842,Target,2026-03-31,1,1,0,0,0,0.0,0.5
CMP_001,HH_002844,Target,2026-03-21,1,1,1,1,0,0.0,0.5
CMP_001,HH_002845,Holdout,,0,,,0,0,0.0,0.0
CMP_001,HH_002848,Target,2026-03-16,1,0,0,0,0,0.0,0.5
CMP_001,HH_002851,Target,2026-03-29,1,0,0,0,0,0.0,0.5
CMP_001,HH_002852,Target,2026-03-15,1,0,0,0,0,0.0,0.5
CMP_001,HH_002856,Holdout,,0,,,0,0,0.0,0.0
CMP_001,HH_002857,Target,2026-03-06,1,1,0,0,0,0.0,0.5
CMP_001,HH_002862,Target,2026-03-22,1,0,0,1,1,1093.05,0.5
CMP_001,HH_002863,Target,2026-03-23,1,1,0,0,0,0.0,0.5
CMP_001,HH_002864,Target,2026-03-03,1,1,1,1,0,0.0,0.5
CMP_001,HH_002865,Holdout,,0,,,0,0,0.0,0.0
CMP_001,HH_002867,Target,2026-03-03,1,1,0,0,0,0.0,0.5
CMP_001,HH_002868,Target,2026-03-30,1,0,0,0,0,0.0,0.5
CMP_001,HH_002869,Target,2026-03-31,1,0,0,0,0,0.0,0.5
CMP_001,HH_002870,Target,2026-03-15,1,1,1,1,1,1081.32,0.5
CMP_001,HH_002872,Holdout,,0,,,0,0,0.0,0.0
CMP_001,HH_002875,Holdout,,0,,,0,0,0.0,0.0
CMP_001,HH_002876,Target,2026-03-10,1,0,0,0,0,0.0,0.5
CMP_001,HH_002879,Target,2026-03-17,1,0,0,0,0,0.0,0.5
CMP_001,HH_002883,Holdout,,0,,,0,0,0.0,0.0
CMP_001,HH_002886,Target,2026-03-09,1,1,0,0,0,0.0,0.5
CMP_001,HH_002887,Target,2026-03-17,1,1,0,0,0,0.0,0.5
CMP_001,HH_002888,Target,2026-03-29,1,1,0,1,0,0.0,0.5
CMP_001,HH_002892,Target,2026-03-28,1,1,0,0,0,0.0,0.5
CMP_001,HH_002895,Holdout,,0,,,0,0,0.0,0.0
CMP_001,HH_002896,Target,2026-03-26,1,1,1,1,0,0.0,0.5
CMP_001,HH_002897,Target,2026-03-05,0,,,0,0,0.0,0.5
CMP_001,HH_002898,Target,2026-03-05,1,0,0,0,0,0.0,0.5
CMP_001,HH_002901,Target,2026-03-23,1,0,0,0,0,0.0,0.5
CMP_001,HH_002902,Target,2026-03-12,1,0,0,0,0,0.0,0.5
CMP_001,HH_002905,Holdout,,0,,,0,0,0.0,0.0
CMP_001,HH_002906,Target,2026-03-20,1,1,0,1,0,0.0,0.5
CMP_001,HH_002910,Target,2026-03-19,1,0,0,0,0,0.0,0.5
CMP_001,HH_002911,Target,2026-03-26,1,0,0,0,0,0.0,0.5
CMP_001,HH_002912,Holdout,,0,,,0,0,0.0,0.0
CMP_001,HH_002913,Target,2026-03-22,1,1,0,0,0,0.0,0.5
CMP_001,HH_002915,Holdout,,0,,,0,0,0.0,0.0
CMP_001,HH_002916,Target,2026-03-13,1,0,0,0,0,0.0,0.5
CMP_001,HH_002922,Holdout,,0,,,0,0,0.0,0.0
CMP_001,HH_002927,Target,2026-03-27,1,0,0,0,0,0.0,0.5
CMP_001,HH_002933,Target,2026-03-18,1,0,0,0,0,0.0,0.5
CMP_001,HH_002936,Target,2026-03-06,1,0,0,0,0,0.0,0.5
CMP_001,HH_002937,Target,2026-03-16,1,1,0,1,0,0.0,0.5
CMP_001,HH_002942,Target,2026-03-28,1,0,0,0,0,0.0,0.5
CMP_001,HH_002944,Target,2026-03-31,1,1,1,1,0,0.0,0.5
CMP_001,HH_002946,Target,2026-03-20,1,0,0,0,0,0.0,0.5
CMP_001,HH_002948,Target,2026-03-02,1,1,0,1,0,0.0,0.5
CMP_001,HH_002949,Target,2026-03-30,1,0,0,0,0,0.0,0.5
CMP_001,HH_002950,Target,2026-03-16,1,0,0,0,0,0.0,0.5
CMP_001,HH_002951,Holdout,,0,,,0,0,0.0,0.0
CMP_001,HH_002954,Target,2026-03-21,1,1,0,1,0,0.0,0.5
CMP_001,HH_002955,Target,2026-03-22,1,1,0,0,0,0.0,0.5
CMP_001,HH_002958,Target,2026-03-21,1,0,0,0,0,0.0,0.5
CMP_001,HH_002959,Target,2026-03-23,1,0,0,0,0,0.0,0.5
CMP_001,HH_002960,Target,2026-03-05,1,0,0,0,0,0.0,0.5
CMP_001,HH_002963,Target,2026-03-17,1,0,0,0,0,0.0,0.5
CMP_001,HH_002965,Target,2026-03-27,1,0,0,0,0,0.0,0.5
CMP_001,HH_002966,Target,2026-03-15,1,1,1,1,0,0.0,0.5
CMP_001,HH_002967,Target,2026-03-17,1,1,0,1,0,0.0,0.5
CMP_001,HH_002968,Target,2026-03-12,1,1,0,0,0,0.0,0.5
CMP_001,HH_002969,Target,2026-03-21,1,0,0,0,0,0.0,0.5
CMP_001,HH_002970,Target,2026-03-18,1,0,0,0,0,0.0,0.5
CMP_001,HH_002971,Target,2026-03-17,1,1,1,1,1,7034.82,0.5
CMP_001,HH_002972,Target,2026-03-22,1,1,0,0,0,0.0,0.5
CMP_002,HH_000002,Target,2026-04-06,1,,,0,0,0.0,4.5
CMP_002,HH_000003,Target,2026-04-20,1,,,0,0,0.0,4.5
CMP_002,HH_000005,Target,2026-04-16,1,,,0,0,0.0,4.5
CMP_002,HH_000008,Holdout,,0,,,0,0,0.0,0.0
CMP_002,HH_000012,Holdout,,0,,,0,0,0.0,0.0
CMP_002,HH_000013,Target,2026-04-26,1,,,0,0,0.0,4.5
CMP_002,HH_000017,Target,2026-04-11,1,,,0,0,0.0,4.5
CMP_002,HH_000025,Target,2026-04-27,1,,,0,0,0.0,4.5
CMP_002,HH_000026,Target,2026-04-21,1,,,1,1,22479.53,4.5
CMP_002,HH_000028,Holdout,,0,,,0,0,0.0,0.0
CMP_002,HH_000039,Target,2026-04-14,1,,,0,0,0.0,4.5
CMP_002,HH_000043,Target,2026-04-22,1,,,1,1,11909.97,4.5
CMP_002,HH_000044,Target,2026-04-09,1,,,0,0,0.0,4.5
CMP_002,HH_000046,Target,2026-04-17,0,,,0,0,0.0,4.5
CMP_002,HH_000051,Target,2026-04-23,1,,,0,0,0.0,4.5
CMP_002,HH_000053,Target,2026-04-22,1,,,0,0,0.0,4.5
CMP_002,HH_000056,Target,2026-04-20,1,,,0,0,0.0,4.5
CMP_002,HH_000062,Holdout,,0,,,0,0,0.0,0.0
CMP_002,HH_000067,Target,2026-04-09,1,,,0,0,0.0,4.5
CMP_002,HH_000068,Target,2026-04-26,1,,,0,0,0.0,4.5
CMP_002,HH_000073,Target,2026-04-29,1,,,0,0,0.0,4.5
CMP_002,HH_000074,Target,2026-04-29,1,,,0,0,0.0,4.5
CMP_002,HH_000079,Target,2026-04-10,1,,,0,0,0.0,4.5
CMP_002,HH_000082,Target,2026-04-30,1,,,0,0,0.0,4.5
CMP_002,HH_000089,Target,2026-04-16,1,,,0,0,0.0,4.5
CMP_002,HH_000093,Target,2026-04-28,1,,,0,0,0.0,4.5
CMP_002,HH_000096,Target,2026-04-10,1,,,0,0,0.0,4.5
CMP_002,HH_000097,Target,2026-04-10,1,,,0,0,0.0,4.5
CMP_002,HH_000099,Target,2026-04-20,1,,,0,0,0.0,4.5
CMP_002,HH_000100,Target,2026-04-06,1,,,0,0,0.0,4.5
CMP_002,HH_000106,Target,2026-04-22,1,,,0,0,0.0,4.5
CMP_002,HH_000111,Target,2026-04-30,1,,,0,0,0.0,4.5
CMP_002,HH_000113,Target,2026-04-27,1,,,0,0,0.0,4.5
CMP_002,HH_000133,Target,2026-04-26,1,,,0,0,0.0,4.5
CMP_002,HH_000135,Target,2026-04-15,1,,,0,0,0.0,4.5
CMP_002,HH_000150,Holdout,,0,,,0,0,0.0,0.0
CMP_002,HH_000152,Target,2026-04-17,1,,,1,1,4958.47,4.5
CMP_002,HH_000154,Target,2026-04-28,1,,,0,0,0.0,4.5
CMP_002,HH_000155,Target,2026-04-25,1,,,0,0,0.0,4.5
CMP_002,HH_000157,Target,2026-04-26,1,,,0,0,0.0,4.5
CMP_002,HH_000160,Target,2026-04-07,1,,,0,0,0.0,4.5
CMP_002,HH_000162,Target,2026-04-10,1,,,0,0,0.0,4.5
CMP_002,HH_000163,Target,2026-04-22,1,,,0,0,0.0,4.5
CMP_002,HH_000167,Target,2026-04-11,1,,,1,1,9232.24,4.5
CMP_002,HH_000174,Target,2026-04-30,1,,,0,0,0.0,4.5
CMP_002,HH_000188,Target,2026-04-29,1,,,1,1,21189.37,4.5
CMP_002,HH_000189,Target,2026-04-07,1,,,0,0,0.0,4.5
CMP_002,HH_000190,Holdout,,0,,,0,0,0.0,0.0
CMP_002,HH_000192,Target,2026-04-13,1,,,0,0,0.0,4.5
CMP_002,HH_000198,Holdout,,0,,,0,0,0.0,0.0
CMP_002,HH_000201,Target,2026-04-25,1,,,0,0,0.0,4.5
CMP_002,HH_000202,Target,2026-04-28,1,,,0,0,0.0,4.5
CMP_002,HH_000203,Target,2026-04-29,1,,,0,0,0.0,4.5
CMP_002,HH_000204,Target,2026-04-30,1,,,0,0,0.0,4.5
CMP_002,HH_000205,Target,2026-04-19,1,,,0,0,0.0,4.5
CMP_002,HH_000209,Target,2026-04-21,1,,,0,0,0.0,4.5
CMP_002,HH_000213,Target,2026-04-18,1,,,0,0,0.0,4.5
CMP_002,HH_000217,Target,2026-04-14,1,,,0,0,0.0,4.5
CMP_002,HH_000219,Target,2026-04-28,0,,,0,0,0.0,4.5
CMP_002,HH_000222,Holdout,,0,,,0,0,0.0,0.0
CMP_002,HH_000224,Target,2026-04-10,1,,,0,0,0.0,4.5
CMP_002,HH_000231,Target,2026-04-22,1,,,0,0,0.0,4.5
CMP_002,HH_000236,Target,2026-04-21,1,,,1,1,4097.88,4.5
CMP_002,HH_000238,Target,2026-04-09,1,,,0,0,0.0,4.5
CMP_002,HH_000240,Target,2026-04-24,1,,,0,0,0.0,4.5
CMP_002,HH_000248,Target,2026-04-15,1,,,0,0,0.0,4.5
CMP_002,HH_000250,Target,2026-04-10,1,,,0,0,0.0,4.5
CMP_002,HH_000255,Target,2026-04-15,1,,,0,0,0.0,4.5
CMP_002,HH_000257,Target,2026-04-21,1,,,1,1,26426.12,4.5
CMP_002,HH_000267,Target,2026-04-21,1,,,0,0,0.0,4.5
CMP_002,HH_000274,Target,2026-04-18,1,,,0,0,0.0,4.5
CMP_002,HH_000275,Target,2026-04-30,1,,,0,0,0.0,4.5
CMP_002,HH_000278,Target,2026-04-27,1,,,0,0,0.0,4.5
CMP_002,HH_000287,Holdout,,0,,,0,0,0.0,0.0
CMP_002,HH_000290,Target,2026-04-13,1,,,0,0,0.0,4.5
CMP_002,HH_000295,Target,2026-04-27,1,,,0,0,0.0,4.5
CMP_002,HH_000298,Target,2026-04-11,1,,,0,0,0.0,4.5
CMP_002,HH_000300,Target,2026-04-28,1,,,0,0,0.0,4.5
CMP_002,HH_000301,Target,2026-04-08,1,,,0,0,0.0,4.5
CMP_002,HH_000302,Target,2026-04-07,1,,,0,0,0.0,4.5
CMP_002,HH_000309,Target,2026-04-22,1,,,0,0,0.0,4.5
CMP_002,HH_000310,Target,2026-04-11,1,,,0,0,0.0,4.5
CMP_002,HH_000313,Target,2026-04-28,1,,,0,0,0.0,4.5
CMP_002,HH_000316,Target,2026-04-23,1,,,0,0,0.0,4.5
CMP_002,HH_000317,Target,2026-04-06,1,,,0,0,0.0,4.5
CMP_002,HH_000318,Target,2026-04-22,1,,,0,0,0.0,4.5
CMP_002,HH_000319,Target,2026-04-09,1,,,0,0,0.0,4.5
CMP_002,HH_000322,Target,2026-04-30,1,,,0,0,0.0,4.5
CMP_002,HH_000329,Target,2026-04-11,1,,,1,1,9727.86,4.5
CMP_002,HH_000331,Target,2026-04-15,1,,,0,0,0.0,4.5
CMP_002,HH_000335,Target,2026-04-16,1,,,0,0,0.0,4.5
CMP_002,HH_000337,Holdout,,0,,,0,0,0.0,0.0
CMP_002,HH_000341,Target,2026-04-13,1,,,0,0,0.0,4.5
CMP_002,HH_000343,Target,2026-04-09,1,,,0,0,0.0,4.5
CMP_002,HH_000347,Target,2026-04-08,1,,,0,0,0.0,4.5
CMP_002,HH_000348,Target,2026-04-06,1,,,0,0,0.0,4.5
CMP_002,HH_000353,Holdout,,0,,,0,0,0.0,0.0
CMP_002,HH_000354,Target,2026-04-15,1,,,0,0,0.0,4.5
CMP_002,HH_000361,Target,2026-04-22,1,,,0,0,0.0,4.5
CMP_002,HH_000364,Holdout,,0,,,0,0,0.0,0.0
CMP_002,HH_000369,Target,2026-04-19,1,,,0,0,0.0,4.5
CMP_002,HH_000370,Target,2026-04-20,1,,,0,0,0.0,4.5
CMP_002,HH_000371,Target,2026-04-11,1,,,1,1,38005.2,4.5
CMP_002,HH_000375,Target,2026-04-27,1,,,0,0,0.0,4.5
CMP_002,HH_000377,Target,2026-04-24,1,,,0,0,0.0,4.5
CMP_002,HH_000379,Target,2026-04-23,1,,,0,0,0.0,4.5
CMP_002,HH_000381,Target,2026-04-09,1,,,0,0,0.0,4.5
CMP_002,HH_000388,Target,2026-04-19,0,,,0,0,0.0,4.5
CMP_002,HH_000391,Target,2026-04-16,1,,,0,0,0.0,4.5
CMP_002,HH_000392,Holdout,,0,,,0,0,0.0,0.0
CMP_002,HH_000393,Target,2026-04-27,1,,,0,0,0.0,4.5
CMP_002,HH_000395,Target,2026-04-25,1,,,0,0,0.0,4.5
CMP_002,HH_000397,Holdout,,0,,,0,0,0.0,0.0
CMP_002,HH_000398,Target,2026-04-06,1,,,0,0,0.0,4.5
CMP_002,HH_000399,Target,2026-04-28,1,,,0,0,0.0,4.5
CMP_002,HH_000400,Target,2026-04-26,1,,,0,0,0.0,4.5
CMP_002,HH_000405,Target,2026-04-27,1,,,0,0,0.0,4.5
CMP_002,HH_000409,Target,2026-04-18,1,,,0,0,0.0,4.5
CMP_002,HH_000414,Target,2026-04-30,1,,,0,0,0.0,4.5
CMP_002,HH_000417,Holdout,,0,,,0,0,0.0,0.0
CMP_002,HH_000418,Target,2026-04-29,1,,,1,1,4967.94,4.5
CMP_002,HH_000429,Holdout,,0,,,0,0,0.0,0.0
CMP_002,HH_000432,Target,2026-04-28,1,,,0,0,0.0,4.5
CMP_002,HH_000438,Holdout,,0,,,0,0,0.0,0.0
CMP_002,HH_000452,Target,2026-04-25,1,,,0,0,0.0,4.5
CMP_002,HH_000457,Target,2026-04-18,1,,,1,1,18320.43,4.5
CMP_002,HH_000459,Target,2026-04-12,1,,,0,0,0.0,4.5
CMP_002,HH_000460,Target,2026-04-24,1,,,0,0,0.0,4.5
CMP_002,HH_000465,Target,2026-04-10,1,,,0,0,0.0,4.5
CMP_002,HH_000474,Target,2026-04-22,1,,,0,0,0.0,4.5
CMP_002,HH_000475,Target,2026-04-06,1,,,0,0,0.0,4.5
CMP_002,HH_000479,Target,2026-04-14,1,,,0,0,0.0,4.5
CMP_002,HH_000489,Holdout,,0,,,0,0,0.0,0.0
CMP_002,HH_000497,Target,2026-04-16,1,,,0,0,0.0,4.5
CMP_002,HH_000499,Holdout,,0,,,0,0,0.0,0.0
CMP_002,HH_000500,Target,2026-04-30,1,,,1,1,8048.54,4.5
CMP_002,HH_000501,Target,2026-04-23,1,,,0,0,0.0,4.5
CMP_002,HH_000504,Target,2026-04-08,1,,,0,0,0.0,4.5
CMP_002,HH_000505,Target,2026-04-13,0,,,0,0,0.0,4.5
CMP_002,HH_000507,Holdout,,0,,,0,0,0.0,0.0
CMP_002,HH_000511,Target,2026-04-15,1,,,0,0,0.0,4.5
CMP_002,HH_000512,Target,2026-04-19,1,,,0,0,0.0,4.5
CMP_002,HH_000517,Target,2026-04-16,1,,,0,0,0.0,4.5
CMP_002,HH_000518,Target,2026-04-16,1,,,0,0,0.0,4.5
CMP_002,HH_000519,Target,2026-04-13,1,,,0,0,0.0,4.5
CMP_002,HH_000525,Target,2026-04-30,1,,,1,1,23393.69,4.5
CMP_002,HH_000528,Target,2026-04-07,1,,,0,0,0.0,4.5
CMP_002,HH_000533,Holdout,,0,,,0,0,0.0,0.0
CMP_002,HH_000534,Target,2026-04-07,1,,,0,0,0.0,4.5
CMP_002,HH_000537,Target,2026-04-27,1,,,1,1,3365.42,4.5
CMP_002,HH_000539,Target,2026-04-25,1,,,0,0,0.0,4.5
CMP_002,HH_000541,Target,2026-04-27,1,,,0,0,0.0,4.5
CMP_002,HH_000545,Target,2026-04-19,1,,,0,0,0.0,4.5
CMP_002,HH_000548,Target,2026-04-27,1,,,0,0,0.0,4.5
CMP_002,HH_000553,Target,2026-04-12,1,,,1,1,10368.66,4.5
CMP_002,HH_000559,Target,2026-04-12,1,,,0,0,0.0,4.5
CMP_002,HH_000561,Target,2026-04-17,1,,,0,0,0.0,4.5
CMP_002,HH_000562,Target,2026-04-13,1,,,0,0,0.0,4.5
CMP_002,HH_000568,Target,2026-04-24,1,,,0,0,0.0,4.5
CMP_002,HH_000571,Holdout,,0,,,0,0,0.0,0.0
CMP_002,HH_000572,Holdout,,0,,,0,0,0.0,0.0
CMP_002,HH_000573,Target,2026-04-17,1,,,0,0,0.0,4.5
CMP_002,HH_000581,Target,2026-04-10,1,,,1,1,6549.76,4.5
CMP_002,HH_000582,Target,2026-04-19,1,,,0,0,0.0,4.5
CMP_002,HH_000584,Holdout,,0,,,0,0,0.0,0.0
CMP_002,HH_000590,Target,2026-04-21,1,,,0,0,0.0,4.5
CMP_002,HH_000596,Holdout,,0,,,0,0,0.0,0.0
CMP_002,HH_000597,Target,2026-04-25,1,,,0,0,0.0,4.5
CMP_002,HH_000603,Target,2026-04-07,1,,,0,0,0.0,4.5
CMP_002,HH_000605,Holdout,,0,,,0,0,0.0,0.0
CMP_002,HH_000606,Target,2026-04-21,1,,,0,0,0.0,4.5
CMP_002,HH_000616,Holdout,,0,,,0,0,0.0,0.0
CMP_002,HH_000618,Target,2026-04-06,1,,,0,0,0.0,4.5
CMP_002,HH_000620,Target,2026-04-09,1,,,0,0,0.0,4.5
CMP_002,HH_000622,Target,2026-04-30,1,,,0,0,0.0,4.5
CMP_002,HH_000625,Holdout,,0,,,0,0,0.0,0.0
CMP_002,HH_000630,Target,2026-04-11,1,,,0,0,0.0,4.5
CMP_002,HH_000632,Target,2026-04-06,1,,,0,0,0.0,4.5
CMP_002,HH_000640,Target,2026-04-27,1,,,0,0,0.0,4.5
CMP_002,HH_000641,Target,2026-04-16,1,,,0,0,0.0,4.5
CMP_002,HH_000646,Target,2026-04-17,1,,,0,0,0.0,4.5
CMP_002,HH_000648,Holdout,,0,,,0,0,0.0,0.0
CMP_002,HH_000649,Holdout,,0,,,0,0,0.0,0.0
CMP_002,HH_000661,Target,2026-04-12,1,,,0,0,0.0,4.5
CMP_002,HH_000662,Target,2026-04-25,1,,,0,0,0.0,4.5
CMP_002,HH_000667,Target,2026-04-30,1,,,0,0,0.0,4.5
CMP_002,HH_000669,Target,2026-04-10,1,,,0,0,0.0,4.5
CMP_002,HH_000671,Target,2026-04-10,1,,,0,0,0.0,4.5
CMP_002,HH_000675,Holdout,,0,,,0,0,0.0,0.0
CMP_002,HH_000676,Target,2026-04-27,1,,,0,0,0.0,4.5
CMP_002,HH_000681,Target,2026-04-26,1,,,0,0,0.0,4.5
CMP_002,HH_000682,Target,2026-04-11,1,,,0,0,0.0,4.5
CMP_002,HH_000684,Target,2026-04-28,1,,,0,0,0.0,4.5
CMP_002,HH_000685,Target,2026-04-26,1,,,0,0,0.0,4.5
CMP_002,HH_000686,Target,2026-04-13,1,,,0,0,0.0,4.5
CMP_002,HH_000687,Target,2026-04-12,1,,,0,0,0.0,4.5
CMP_002,HH_000688,Holdout,,0,,,0,0,0.0,0.0
CMP_002,HH_000695,Target,2026-04-10,1,,,0,0,0.0,4.5
CMP_002,HH_000697,Target,2026-04-13,1,,,0,0,0.0,4.5
CMP_002,HH_000700,Target,2026-04-19,1,,,0,0,0.0,4.5
CMP_002,HH_000701,Target,2026-04-21,1,,,0,0,0.0,4.5
CMP_002,HH_000703,Target,2026-04-13,1,,,0,0,0.0,4.5
CMP_002,HH_000704,Target,2026-04-15,1,,,0,0,0.0,4.5
CMP_002,HH_000708,Target,2026-04-14,1,,,0,0,0.0,4.5
CMP_002,HH_000709,Target,2026-04-07,1,,,0,0,0.0,4.5
CMP_002,HH_000717,Target,2026-04-14,1,,,0,0,0.0,4.5
CMP_002,HH_000718,Target,2026-04-14,1,,,0,0,0.0,4.5
CMP_002,HH_000726,Target,2026-04-30,1,,,0,0,0.0,4.5
CMP_002,HH_000727,Target,2026-04-30,1,,,0,0,0.0,4.5
CMP_002,HH_000728,Target,2026-04-18,1,,,0,0,0.0,4.5
CMP_002,HH_000732,Target,2026-04-06,1,,,0,0,0.0,4.5
CMP_002,HH_000733,Target,2026-04-10,1,,,0,0,0.0,4.5
CMP_002,HH_000734,Target,2026-04-12,1,,,0,0,0.0,4.5
CMP_002,HH_000739,Target,2026-04-30,1,,,0,0,0.0,4.5
CMP_002,HH_000740,Target,2026-04-08,1,,,0,0,0.0,4.5
CMP_002,HH_000742,Target,2026-04-28,1,,,0,0,0.0,4.5
CMP_002,HH_000743,Target,2026-04-06,1,,,0,0,0.0,4.5
CMP_002,HH_000746,Target,2026-04-29,1,,,1,1,8672.81,4.5
CMP_002,HH_000751,Target,2026-04-19,1,,,0,0,0.0,4.5
CMP_002,HH_000753,Target,2026-04-28,1,,,0,0,0.0,4.5
CMP_002,HH_000754,Target,2026-04-07,1,,,0,0,0.0,4.5
CMP_002,HH_000755,Target,2026-04-16,1,,,0,0,0.0,4.5
CMP_002,HH_000756,Target,2026-04-24,1,,,0,0,0.0,4.5
CMP_002,HH_000766,Holdout,,0,,,0,0,0.0,0.0
CMP_002,HH_000768,Target,2026-04-09,1,,,0,0,0.0,4.5
CMP_002,HH_000770,Holdout,,0,,,0,0,0.0,0.0
CMP_002,HH_000772,Target,2026-04-11,1,,,1,1,7823.17,4.5
CMP_002,HH_000773,Target,2026-04-08,1,,,0,0,0.0,4.5
CMP_002,HH_000779,Target,2026-04-15,1,,,0,0,0.0,4.5
CMP_002,HH_000781,Target,2026-04-22,1,,,1,1,5287.4,4.5
CMP_002,HH_000788,Holdout,,0,,,0,0,0.0,0.0
CMP_002,HH_000795,Target,2026-04-29,1,,,1,1,38652.9,4.5
CMP_002,HH_000805,Holdout,,0,,,0,0,0.0,0.0
CMP_002,HH_000810,Target,2026-04-21,1,,,0,0,0.0,4.5
CMP_002,HH_000814,Target,2026-04-12,1,,,0,0,0.0,4.5
CMP_002,HH_000815,Target,2026-04-06,1,,,0,0,0.0,4.5
CMP_002,HH_000816,Target,2026-04-25,1,,,0,0,0.0,4.5
CMP_002,HH_000817,Target,2026-04-21,1,,,0,0,0.0,4.5
CMP_002,HH_000819,Target,2026-04-15,1,,,0,0,0.0,4.5
CMP_002,HH_000820,Holdout,,0,,,0,0,0.0,0.0
CMP_002,HH_000821,Target,2026-04-11,1,,,0,0,0.0,4.5
CMP_002,HH_000823,Target,2026-04-19,1,,,0,0,0.0,4.5
CMP_002,HH_000830,Holdout,,0,,,0,0,0.0,0.0
CMP_002,HH_000834,Target,2026-04-13,1,,,0,0,0.0,4.5
CMP_002,HH_000837,Target,2026-04-23,1,,,0,0,0.0,4.5
CMP_002,HH_000839,Holdout,,0,,,0,0,0.0,0.0
CMP_002,HH_000840,Target,2026-04-30,1,,,0,0,0.0,4.5
CMP_002,HH_000841,Holdout,,0,,,0,0,0.0,0.0
CMP_002,HH_000843,Target,2026-04-20,1,,,0,0,0.0,4.5
CMP_002,HH_000848,Target,2026-04-06,1,,,0,0,0.0,4.5
CMP_002,HH_000850,Target,2026-04-18,1,,,0,0,0.0,4.5
CMP_002,HH_000855,Target,2026-04-07,1,,,1,1,3802.78,4.5
CMP_002,HH_000856,Holdout,,0,,,0,0,0.0,0.0
CMP_002,HH_000864,Target,2026-04-23,1,,,0,0,0.0,4.5
CMP_002,HH_000867,Target,2026-04-21,1,,,0,0,0.0,4.5
CMP_002,HH_000868,Target,2026-04-06,1,,,0,0,0.0,4.5
CMP_002,HH_000870,Target,2026-04-29,1,,,0,0,0.0,4.5
CMP_002,HH_000871,Target,2026-04-27,1,,,0,0,0.0,4.5
CMP_002,HH_000874,Target,2026-04-28,1,,,1,1,114254.85,4.5
CMP_002,HH_000875,Target,2026-04-26,1,,,0,0,0.0,4.5
CMP_002,HH_000878,Target,2026-04-09,1,,,0,0,0.0,4.5
CMP_002,HH_000881,Target,2026-04-06,1,,,1,1,21321.87,4.5
CMP_002,HH_000885,Target,2026-04-13,1,,,0,0,0.0,4.5
CMP_002,HH_000892,Target,2026-04-06,1,,,0,0,0.0,4.5
CMP_002,HH_000897,Target,2026-04-13,1,,,0,0,0.0,4.5
CMP_002,HH_000899,Target,2026-04-27,1,,,0,0,0.0,4.5
CMP_002,HH_000902,Target,2026-04-09,1,,,0,0,0.0,4.5
CMP_002,HH_000908,Target,2026-04-25,1,,,0,0,0.0,4.5
CMP_002,HH_000913,Target,2026-04-09,1,,,0,0,0.0,4.5
CMP_002,HH_000917,Target,2026-04-06,1,,,0,0,0.0,4.5
CMP_002,HH_000925,Target,2026-04-20,1,,,0,0,0.0,4.5
CMP_002,HH_000932,Target,2026-04-25,1,,,0,0,0.0,4.5
CMP_002,HH_000933,Target,2026-04-15,1,,,0,0,0.0,4.5
CMP_002,HH_000939,Target,2026-04-28,0,,,0,0,0.0,4.5
CMP_002,HH_000940,Target,2026-04-24,0,,,0,0,0.0,4.5
CMP_002,HH_000941,Target,2026-04-25,1,,,0,0,0.0,4.5
CMP_002,HH_000944,Target,2026-04-30,1,,,0,0,0.0,4.5
CMP_002,HH_000945,Target,2026-04-28,1,,,0,0,0.0,4.5
CMP_002,HH_000946,Holdout,,0,,,0,0,0.0,0.0
CMP_002,HH_000947,Target,2026-04-18,1,,,0,0,0.0,4.5
CMP_002,HH_000961,Target,2026-04-28,1,,,0,0,0.0,4.5
CMP_002,HH_000963,Target,2026-04-09,1,,,0,0,0.0,4.5
CMP_002,HH_000965,Target,2026-04-25,1,,,1,1,14126.66,4.5
CMP_002,HH_000966,Target,2026-04-18,1,,,0,0,0.0,4.5
CMP_002,HH_000968,Target,2026-04-25,1,,,0,0,0.0,4.5
CMP_002,HH_000972,Target,2026-04-10,1,,,0,0,0.0,4.5
CMP_002,HH_000973,Target,2026-04-22,1,,,0,0,0.0,4.5
CMP_002,HH_000980,Target,2026-04-30,1,,,1,1,133162.83,4.5
CMP_002,HH_000983,Target,2026-04-23,1,,,1,1,9423.75,4.5
CMP_002,HH_000989,Holdout,,0,,,0,0,0.0,0.0
CMP_002,HH_000992,Target,2026-04-22,1,,,0,0,0.0,4.5
CMP_002,HH_000993,Target,2026-04-21,1,,,0,0,0.0,4.5
CMP_002,HH_000994,Target,2026-04-10,1,,,0,0,0.0,4.5
CMP_002,HH_000998,Target,2026-04-23,1,,,0,0,0.0,4.5
CMP_002,HH_000999,Holdout,,0,,,0,0,0.0,0.0
CMP_002,HH_001000,Target,2026-04-29,1,,,0,0,0.0,4.5
CMP_002,HH_001005,Target,2026-04-15,1,,,0,0,0.0,4.5
CMP_002,HH_001008,Target,2026-04-14,1,,,0,0,0.0,4.5
CMP_002,HH_001010,Target,2026-04-17,1,,,0,0,0.0,4.5
CMP_002,HH_001018,Target,2026-04-22,1,,,0,0,0.0,4.5
CMP_002,HH_001019,Target,2026-04-21,1,,,1,1,5669.94,4.5
CMP_002,HH_001020,Holdout,,0,,,0,0,0.0,0.0
CMP_002,HH_001038,Target,2026-04-29,1,,,0,0,0.0,4.5
CMP_002,HH_001040,Target,2026-04-15,1,,,0,0,0.0,4.5
CMP_002,HH_001041,Target,2026-04-10,1,,,0,0,0.0,4.5
CMP_002,HH_001042,Target,2026-04-06,1,,,1,1,6504.9,4.5
CMP_002,HH_001044,Target,2026-04-19,1,,,0,0,0.0,4.5
CMP_002,HH_001047,Holdout,,0,,,0,0,0.0,0.0
CMP_002,HH_001048,Target,2026-04-19,1,,,0,0,0.0,4.5
CMP_002,HH_001049,Holdout,,0,,,0,0,0.0,0.0
CMP_002,HH_001052,Target,2026-04-14,1,,,0,0,0.0,4.5
CMP_002,HH_001053,Target,2026-04-28,1,,,0,0,0.0,4.5
CMP_002,HH_001054,Target,2026-04-26,1,,,0,0,0.0,4.5
CMP_002,HH_001055,Target,2026-04-21,1,,,1,1,129443.91,4.5
CMP_002,HH_001056,Target,2026-04-28,1,,,0,0,0.0,4.5
CMP_002,HH_001057,Target,2026-04-27,1,,,0,0,0.0,4.5
CMP_002,HH_001058,Target,2026-04-27,1,,,0,0,0.0,4.5
CMP_002,HH_001060,Target,2026-04-26,1,,,0,0,0.0,4.5
CMP_002,HH_001063,Target,2026-04-08,1,,,0,0,0.0,4.5
CMP_002,HH_001071,Target,2026-04-19,1,,,0,0,0.0,4.5
CMP_002,HH_001076,Target,2026-04-27,1,,,0,0,0.0,4.5
CMP_002,HH_001082,Target,2026-04-30,1,,,0,0,0.0,4.5
CMP_002,HH_001088,Target,2026-04-26,1,,,0,0,0.0,4.5
CMP_002,HH_001092,Target,2026-04-14,1,,,0,0,0.0,4.5
CMP_002,HH_001093,Holdout,,0,,,0,0,0.0,0.0
CMP_002,HH_001095,Holdout,,0,,,0,1,3488.89,0.0
CMP_002,HH_001096,Target,2026-04-26,1,,,0,0,0.0,4.5
CMP_002,HH_001100,Target,2026-04-11,1,,,0,0,0.0,4.5
CMP_002,HH_001101,Target,2026-04-09,1,,,0,0,0.0,4.5
CMP_002,HH_001106,Target,2026-04-07,1,,,0,0,0.0,4.5
CMP_002,HH_001107,Target,2026-04-19,1,,,0,0,0.0,4.5
CMP_002,HH_001110,Holdout,,0,,,0,0,0.0,0.0
CMP_002,HH_001115,Target,2026-04-09,1,,,0,0,0.0,4.5
CMP_002,HH_001116,Target,2026-04-21,1,,,0,0,0.0,4.5
CMP_002,HH_001119,Target,2026-04-14,1,,,0,0,0.0,4.5
CMP_002,HH_001122,Target,2026-04-07,1,,,0,0,0.0,4.5
CMP_002,HH_001126,Target,2026-04-25,1,,,0,0,0.0,4.5
CMP_002,HH_001129,Holdout,,0,,,0,0,0.0,0.0
CMP_002,HH_001131,Target,2026-04-16,1,,,0,0,0.0,4.5
CMP_002,HH_001134,Holdout,,0,,,0,0,0.0,0.0
CMP_002,HH_001138,Holdout,,0,,,0,0,0.0,0.0
CMP_002,HH_001142,Target,2026-04-16,1,,,0,0,0.0,4.5
CMP_002,HH_001150,Target,2026-04-18,1,,,0,0,0.0,4.5
CMP_002,HH_001151,Holdout,,0,,,0,0,0.0,0.0
CMP_002,HH_001154,Holdout,,0,,,0,0,0.0,0.0
CMP_002,HH_001158,Target,2026-04-25,1,,,0,0,0.0,4.5
CMP_002,HH_001162,Holdout,,0,,,0,0,0.0,0.0
CMP_002,HH_001165,Target,2026-04-16,1,,,1,1,5521.44,4.5
CMP_002,HH_001168,Target,2026-04-16,1,,,0,0,0.0,4.5
CMP_002,HH_001171,Target,2026-04-29,1,,,0,0,0.0,4.5
CMP_002,HH_001174,Target,2026-04-21,1,,,0,0,0.0,4.5
CMP_002,HH_001175,Holdout,,0,,,0,0,0.0,0.0
CMP_002,HH_001176,Target,2026-04-10,1,,,0,0,0.0,4.5
CMP_002,HH_001177,Holdout,,0,,,0,0,0.0,0.0
CMP_002,HH_001182,Target,2026-04-08,1,,,0,0,0.0,4.5
CMP_002,HH_001183,Target,2026-04-20,1,,,0,0,0.0,4.5
CMP_002,HH_001187,Target,2026-04-27,1,,,0,0,0.0,4.5
CMP_002,HH_001194,Target,2026-04-27,1,,,0,0,0.0,4.5
CMP_002,HH_001201,Target,2026-04-06,0,,,0,0,0.0,4.5
CMP_002,HH_001205,Target,2026-04-18,1,,,0,0,0.0,4.5
CMP_002,HH_001206,Target,2026-04-21,1,,,0,0,0.0,4.5
CMP_002,HH_001208,Target,2026-04-23,1,,,0,0,0.0,4.5
CMP_002,HH_001209,Target,2026-04-16,1,,,0,0,0.0,4.5
CMP_002,HH_001215,Holdout,,0,,,0,0,0.0,0.0
CMP_002,HH_001216,Target,2026-04-28,1,,,0,0,0.0,4.5
CMP_002,HH_001218,Target,2026-04-23,1,,,0,0,0.0,4.5
CMP_002,HH_001226,Target,2026-04-14,1,,,0,0,0.0,4.5
CMP_002,HH_001230,Target,2026-04-29,1,,,0,0,0.0,4.5
CMP_002,HH_001233,Target,2026-04-24,1,,,0,0,0.0,4.5
CMP_002,HH_001236,Holdout,,0,,,0,0,0.0,0.0
CMP_002,HH_001238,Target,2026-04-23,1,,,0,0,0.0,4.5
CMP_002,HH_001239,Target,2026-04-30,1,,,0,0,0.0,4.5
CMP_002,HH_001241,Target,2026-04-22,1,,,0,0,0.0,4.5
CMP_002,HH_001243,Target,2026-04-06,1,,,0,0,0.0,4.5
CMP_002,HH_001245,Target,2026-04-15,1,,,0,0,0.0,4.5
CMP_002,HH_001247,Target,2026-04-25,1,,,0,0,0.0,4.5
CMP_002,HH_001251,Target,2026-04-28,1,,,1,1,5240.98,4.5
CMP_002,HH_001253,Target,2026-04-14,1,,,0,0,0.0,4.5
CMP_002,HH_001259,Target,2026-04-12,1,,,0,0,0.0,4.5
CMP_002,HH_001269,Target,2026-04-16,1,,,1,1,118844.29,4.5
CMP_002,HH_001270,Target,2026-04-13,1,,,0,0,0.0,4.5
CMP_002,HH_001272,Target,2026-04-11,1,,,0,0,0.0,4.5
CMP_002,HH_001280,Target,2026-04-27,1,,,0,0,0.0,4.5
CMP_002,HH_001282,Target,2026-04-18,1,,,0,0,0.0,4.5
CMP_002,HH_001283,Target,2026-04-30,0,,,0,0,0.0,4.5
CMP_002,HH_001289,Target,2026-04-29,1,,,0,0,0.0,4.5
CMP_002,HH_001293,Target,2026-04-23,1,,,0,0,0.0,4.5
CMP_002,HH_001301,Target,2026-04-24,1,,,0,0,0.0,4.5
CMP_002,HH_001302,Target,2026-04-15,1,,,0,0,0.0,4.5
CMP_002,HH_001303,Target,2026-04-28,1,,,0,0,0.0,4.5
CMP_002,HH_001305,Holdout,,0,,,0,0,0.0,0.0
CMP_002,HH_001308,Target,2026-04-17,1,,,0,0,0.0,4.5
CMP_002,HH_001314,Target,2026-04-10,1,,,0,0,0.0,4.5
CMP_002,HH_001316,Holdout,,0,,,0,0,0.0,0.0
CMP_002,HH_001318,Target,2026-04-21,1,,,0,0,0.0,4.5
CMP_002,HH_001321,Target,2026-04-26,1,,,0,0,0.0,4.5
CMP_002,HH_001324,Target,2026-04-29,1,,,0,0,0.0,4.5
CMP_002,HH_001327,Target,2026-04-21,1,,,0,0,0.0,4.5
CMP_002,HH_001329,Target,2026-04-29,1,,,0,0,0.0,4.5
CMP_002,HH_001331,Target,2026-04-27,1,,,1,1,23910.21,4.5
CMP_002,HH_001342,Target,2026-04-26,1,,,0,0,0.0,4.5
CMP_002,HH_001346,Target,2026-04-08,1,,,0,0,0.0,4.5
CMP_002,HH_001347,Target,2026-04-13,1,,,1,1,7010.87,4.5
CMP_002,HH_001351,Target,2026-04-29,1,,,1,1,27786.37,4.5
CMP_002,HH_001352,Target,2026-04-28,0,,,0,0,0.0,4.5
CMP_002,HH_001360,Target,2026-04-09,1,,,0,0,0.0,4.5
CMP_002,HH_001363,Target,2026-04-23,1,,,0,0,0.0,4.5
CMP_002,HH_001367,Target,2026-04-23,1,,,0,0,0.0,4.5
CMP_002,HH_001369,Target,2026-04-08,1,,,0,0,0.0,4.5
CMP_002,HH_001375,Target,2026-04-26,1,,,0,0,0.0,4.5
CMP_002,HH_001376,Target,2026-04-09,1,,,0,0,0.0,4.5
CMP_002,HH_001377,Target,2026-04-23,1,,,0,0,0.0,4.5
CMP_002,HH_001382,Target,2026-04-24,1,,,0,0,0.0,4.5
CMP_002,HH_001387,Target,2026-04-30,1,,,1,1,39397.85,4.5
CMP_002,HH_001393,Target,2026-04-23,1,,,0,0,0.0,4.5
CMP_002,HH_001400,Holdout,,0,,,0,0,0.0,0.0
CMP_002,HH_001406,Target,2026-04-15,1,,,0,0,0.0,4.5
CMP_002,HH_001410,Target,2026-04-28,1,,,0,0,0.0,4.5
CMP_002,HH_001413,Holdout,,0,,,0,0,0.0,0.0
CMP_002,HH_001418,Target,2026-04-27,1,,,0,0,0.0,4.5
CMP_002,HH_001421,Target,2026-04-15,1,,,0,0,0.0,4.5
CMP_002,HH_001422,Target,2026-04-23,1,,,0,0,0.0,4.5
CMP_002,HH_001428,Target,2026-04-25,1,,,0,0,0.0,4.5
CMP_002,HH_001432,Target,2026-04-26,1,,,0,0,0.0,4.5
CMP_002,HH_001435,Target,2026-04-14,1,,,0,0,0.0,4.5
CMP_002,HH_001438,Holdout,,0,,,0,0,0.0,0.0
CMP_002,HH_001443,Target,2026-04-26,1,,,0,0,0.0,4.5
CMP_002,HH_001445,Target,2026-04-27,1,,,0,0,0.0,4.5
CMP_002,HH_001448,Target,2026-04-10,1,,,0,0,0.0,4.5
CMP_002,HH_001449,Target,2026-04-25,1,,,0,0,0.0,4.5
CMP_002,HH_001452,Target,2026-04-27,1,,,0,0,0.0,4.5
CMP_002,HH_001454,Target,2026-04-17,1,,,0,0,0.0,4.5
CMP_002,HH_001455,Target,2026-04-13,1,,,0,0,0.0,4.5
CMP_002,HH_001457,Target,2026-04-13,1,,,0,0,0.0,4.5
CMP_002,HH_001459,Target,2026-04-11,1,,,0,0,0.0,4.5
CMP_002,HH_001460,Holdout,,0,,,0,0,0.0,0.0
CMP_002,HH_001467,Target,2026-04-24,1,,,0,0,0.0,4.5
CMP_002,HH_001469,Target,2026-04-07,1,,,0,0,0.0,4.5
CMP_002,HH_001476,Holdout,,0,,,0,0,0.0,0.0
CMP_002,HH_001477,Target,2026-04-23,1,,,0,0,0.0,4.5
CMP_002,HH_001478,Holdout,,0,,,0,0,0.0,0.0
CMP_002,HH_001485,Target,2026-04-28,1,,,0,0,0.0,4.5
CMP_002,HH_001495,Target,2026-04-29,1,,,0,0,0.0,4.5
CMP_002,HH_001496,Holdout,,0,,,0,0,0.0,0.0
CMP_002,HH_001499,Target,2026-04-19,1,,,0,0,0.0,4.5
CMP_002,HH_001505,Target,2026-04-20,1,,,0,0,0.0,4.5
CMP_002,HH_001507,Target,2026-04-28,1,,,0,0,0.0,4.5
CMP_002,HH_001508,Target,2026-04-08,1,,,0,0,0.0,4.5
CMP_002,HH_001511,Target,2026-04-08,1,,,0,0,0.0,4.5
CMP_002,HH_001512,Target,2026-04-08,1,,,0,0,0.0,4.5
CMP_002,HH_001535,Target,2026-04-23,1,,,0,0,0.0,4.5
CMP_002,HH_001536,Target,2026-04-19,1,,,0,0,0.0,4.5
CMP_002,HH_001538,Holdout,,0,,,0,0,0.0,0.0
CMP_002,HH_001539,Target,2026-04-23,1,,,0,0,0.0,4.5
CMP_002,HH_001542,Target,2026-04-29,1,,,1,1,5974.85,4.5
CMP_002,HH_001546,Target,2026-04-29,1,,,0,0,0.0,4.5
CMP_002,HH_001554,Holdout,,0,,,0,0,0.0,0.0
CMP_002,HH_001555,Target,2026-04-20,1,,,0,0,0.0,4.5
CMP_002,HH_001562,Target,2026-04-22,1,,,0,0,0.0,4.5
CMP_002,HH_001566,Target,2026-04-10,1,,,0,0,0.0,4.5
CMP_002,HH_001568,Holdout,,0,,,0,0,0.0,0.0
CMP_002,HH_001569,Target,2026-04-27,1,,,0,0,0.0,4.5
CMP_002,HH_001575,Target,2026-04-09,1,,,0,0,0.0,4.5
CMP_002,HH_001576,Target,2026-04-06,1,,,0,0,0.0,4.5
CMP_002,HH_001578,Target,2026-04-15,1,,,0,0,0.0,4.5
CMP_002,HH_001580,Holdout,,0,,,0,0,0.0,0.0
CMP_002,HH_001582,Holdout,,0,,,0,0,0.0,0.0
CMP_002,HH_001588,Target,2026-04-20,1,,,0,0,0.0,4.5
CMP_002,HH_001593,Target,2026-04-29,1,,,0,0,0.0,4.5
CMP_002,HH_001594,Target,2026-04-21,1,,,0,0,0.0,4.5
CMP_002,HH_001595,Target,2026-04-19,1,,,0,0,0.0,4.5
CMP_002,HH_001596,Target,2026-04-27,1,,,0,0,0.0,4.5
CMP_002,HH_001599,Target,2026-04-17,1,,,0,0,0.0,4.5
CMP_002,HH_001600,Target,2026-04-09,1,,,0,0,0.0,4.5
CMP_002,HH_001601,Target,2026-04-10,1,,,0,0,0.0,4.5
CMP_002,HH_001606,Target,2026-04-28,1,,,0,0,0.0,4.5
CMP_002,HH_001608,Target,2026-04-18,1,,,0,0,0.0,4.5
CMP_002,HH_001612,Target,2026-04-27,1,,,0,0,0.0,4.5
CMP_002,HH_001615,Target,2026-04-14,1,,,0,0,0.0,4.5
CMP_002,HH_001616,Target,2026-04-27,1,,,0,0,0.0,4.5
CMP_002,HH_001618,Target,2026-04-18,1,,,0,0,0.0,4.5
CMP_002,HH_001619,Holdout,,0,,,0,0,0.0,0.0
CMP_002,HH_001622,Target,2026-04-06,1,,,0,0,0.0,4.5
CMP_002,HH_001627,Target,2026-04-27,1,,,0,0,0.0,4.5
CMP_002,HH_001631,Target,2026-04-25,1,,,0,0,0.0,4.5
CMP_002,HH_001632,Target,2026-04-21,1,,,1,1,22868.56,4.5
CMP_002,HH_001634,Target,2026-04-11,1,,,0,0,0.0,4.5
CMP_002,HH_001649,Target,2026-04-28,1,,,0,0,0.0,4.5
CMP_002,HH_001655,Target,2026-04-28,1,,,0,0,0.0,4.5
CMP_002,HH_001660,Target,2026-04-25,1,,,0,0,0.0,4.5
CMP_002,HH_001662,Holdout,,0,,,0,0,0.0,0.0
CMP_002,HH_001665,Target,2026-04-07,1,,,0,0,0.0,4.5
CMP_002,HH_001675,Target,2026-04-06,1,,,0,0,0.0,4.5
CMP_002,HH_001677,Target,2026-04-19,1,,,0,0,0.0,4.5
CMP_002,HH_001680,Target,2026-04-13,1,,,0,0,0.0,4.5
CMP_002,HH_001681,Target,2026-04-26,1,,,0,0,0.0,4.5
CMP_002,HH_001682,Target,2026-04-17,1,,,0,0,0.0,4.5
CMP_002,HH_001684,Target,2026-04-11,1,,,1,1,3364.91,4.5
CMP_002,HH_001687,Target,2026-04-21,1,,,0,0,0.0,4.5
CMP_002,HH_001690,Target,2026-04-14,1,,,0,0,0.0,4.5
CMP_002,HH_001691,Target,2026-04-09,1,,,0,0,0.0,4.5
CMP_002,HH_001692,Target,2026-04-10,1,,,0,0,0.0,4.5
CMP_002,HH_001697,Target,2026-04-30,1,,,0,0,0.0,4.5
CMP_002,HH_001700,Target,2026-04-14,1,,,0,0,0.0,4.5
CMP_002,HH_001701,Target,2026-04-10,1,,,0,0,0.0,4.5
CMP_002,HH_001702,Target,2026-04-26,1,,,0,0,0.0,4.5
CMP_002,HH_001704,Target,2026-04-09,1,,,0,0,0.0,4.5
CMP_002,HH_001705,Target,2026-04-29,1,,,0,0,0.0,4.5
CMP_002,HH_001707,Target,2026-04-10,1,,,1,1,4341.95,4.5
CMP_002,HH_001712,Target,2026-04-30,1,,,0,0,0.0,4.5
CMP_002,HH_001716,Holdout,,0,,,0,0,0.0,0.0
CMP_002,HH_001720,Target,2026-04-19,1,,,0,0,0.0,4.5
CMP_002,HH_001723,Target,2026-04-22,1,,,0,0,0.0,4.5
CMP_002,HH_001731,Target,2026-04-10,1,,,0,0,0.0,4.5
CMP_002,HH_001734,Holdout,,0,,,0,0,0.0,0.0
CMP_002,HH_001736,Target,2026-04-21,1,,,0,0,0.0,4.5
CMP_002,HH_001745,Holdout,,0,,,0,0,0.0,0.0
CMP_002,HH_001746,Target,2026-04-30,1,,,0,0,0.0,4.5
CMP_002,HH_001747,Target,2026-04-06,1,,,0,0,0.0,4.5
CMP_002,HH_001751,Target,2026-04-22,1,,,0,0,0.0,4.5
CMP_002,HH_001761,Target,2026-04-15,1,,,0,0,0.0,4.5
CMP_002,HH_001763,Target,2026-04-09,1,,,0,0,0.0,4.5
CMP_002,HH_001764,Target,2026-04-07,1,,,0,0,0.0,4.5
CMP_002,HH_001768,Holdout,,0,,,0,0,0.0,0.0
CMP_002,HH_001769,Holdout,,0,,,0,0,0.0,0.0
CMP_002,HH_001777,Holdout,,0,,,0,0,0.0,0.0
CMP_002,HH_001779,Target,2026-04-17,1,,,0,0,0.0,4.5
CMP_002,HH_001780,Holdout,,0,,,0,0,0.0,0.0
CMP_002,HH_001781,Target,2026-04-15,1,,,0,0,0.0,4.5
CMP_002,HH_001789,Target,2026-04-17,1,,,0,0,0.0,4.5
CMP_002,HH_001790,Holdout,,0,,,0,0,0.0,0.0
CMP_002,HH_001800,Target,2026-04-30,1,,,0,0,0.0,4.5
CMP_002,HH_001802,Target,2026-04-28,1,,,0,0,0.0,4.5
CMP_002,HH_001803,Target,2026-04-26,1,,,0,0,0.0,4.5
CMP_002,HH_001804,Target,2026-04-16,1,,,0,0,0.0,4.5
CMP_002,HH_001805,Target,2026-04-30,1,,,0,0,0.0,4.5
CMP_002,HH_001810,Target,2026-04-19,1,,,0,0,0.0,4.5
CMP_002,HH_001811,Holdout,,0,,,0,0,0.0,0.0
CMP_002,HH_001823,Target,2026-04-12,1,,,0,0,0.0,4.5
CMP_002,HH_001824,Holdout,,0,,,0,0,0.0,0.0
CMP_002,HH_001825,Target,2026-04-18,1,,,0,0,0.0,4.5
CMP_002,HH_001826,Target,2026-04-19,1,,,0,0,0.0,4.5
CMP_002,HH_001827,Holdout,,0,,,0,0,0.0,0.0
CMP_002,HH_001830,Target,2026-04-06,1,,,0,0,0.0,4.5
CMP_002,HH_001832,Target,2026-04-06,1,,,0,0,0.0,4.5
CMP_002,HH_001836,Target,2026-04-13,1,,,0,0,0.0,4.5
CMP_002,HH_001844,Target,2026-04-25,1,,,1,1,9764.53,4.5
CMP_002,HH_001848,Holdout,,0,,,0,0,0.0,0.0
CMP_002,HH_001864,Target,2026-04-12,1,,,0,0,0.0,4.5
CMP_002,HH_001865,Target,2026-04-11,1,,,0,0,0.0,4.5
CMP_002,HH_001872,Target,2026-04-23,1,,,0,0,0.0,4.5
CMP_002,HH_001874,Target,2026-04-07,1,,,0,0,0.0,4.5
CMP_002,HH_001878,Target,2026-04-19,1,,,0,0,0.0,4.5
CMP_002,HH_001880,Holdout,,0,,,0,0,0.0,0.0
CMP_002,HH_001881,Target,2026-04-13,1,,,0,0,0.0,4.5
CMP_002,HH_001882,Target,2026-04-28,1,,,0,0,0.0,4.5
CMP_002,HH_001885,Target,2026-04-09,1,,,0,0,0.0,4.5
CMP_002,HH_001888,Holdout,,0,,,0,0,0.0,0.0
CMP_002,HH_001896,Target,2026-04-08,1,,,0,0,0.0,4.5
CMP_002,HH_001900,Target,2026-04-22,1,,,0,0,0.0,4.5
CMP_002,HH_001904,Target,2026-04-27,1,,,0,0,0.0,4.5
CMP_002,HH_001908,Target,2026-04-09,1,,,0,0,0.0,4.5
CMP_002,HH_001912,Target,2026-04-14,1,,,0,0,0.0,4.5
CMP_002,HH_001915,Target,2026-04-06,1,,,0,0,0.0,4.5
CMP_002,HH_001923,Holdout,,0,,,0,0,0.0,0.0
CMP_002,HH_001928,Target,2026-04-21,1,,,0,0,0.0,4.5
CMP_002,HH_001934,Target,2026-04-29,1,,,0,0,0.0,4.5
CMP_002,HH_001935,Target,2026-04-11,0,,,0,0,0.0,4.5
CMP_002,HH_001937,Target,2026-04-21,1,,,0,0,0.0,4.5
CMP_002,HH_001938,Target,2026-04-26,1,,,0,0,0.0,4.5
CMP_002,HH_001943,Target,2026-04-13,1,,,0,0,0.0,4.5
CMP_002,HH_001945,Target,2026-04-21,1,,,0,0,0.0,4.5
CMP_002,HH_001948,Target,2026-04-24,1,,,0,0,0.0,4.5
CMP_002,HH_001955,Target,2026-04-29,1,,,0,0,0.0,4.5
CMP_002,HH_001957,Target,2026-04-12,1,,,0,0,0.0,4.5
CMP_002,HH_001961,Target,2026-04-10,1,,,0,0,0.0,4.5
CMP_002,HH_001964,Target,2026-04-30,1,,,0,0,0.0,4.5
CMP_002,HH_001965,Target,2026-04-23,1,,,0,0,0.0,4.5
CMP_002,HH_001971,Holdout,,0,,,0,0,0.0,0.0
CMP_002,HH_001978,Target,2026-04-28,1,,,0,0,0.0,4.5
CMP_002,HH_001979,Target,2026-04-19,1,,,0,0,0.0,4.5
CMP_002,HH_001980,Target,2026-04-08,1,,,0,0,0.0,4.5
CMP_002,HH_001981,Target,2026-04-10,1,,,0,0,0.0,4.5
CMP_002,HH_001983,Target,2026-04-24,1,,,0,0,0.0,4.5
CMP_002,HH_001985,Target,2026-04-21,1,,,0,0,0.0,4.5
CMP_002,HH_001987,Target,2026-04-15,1,,,0,0,0.0,4.5
CMP_002,HH_001991,Target,2026-04-26,1,,,0,0,0.0,4.5
CMP_002,HH_001999,Target,2026-04-26,1,,,1,1,8257.93,4.5
CMP_002,HH_002010,Target,2026-04-19,1,,,0,0,0.0,4.5
CMP_002,HH_002013,Holdout,,0,,,0,0,0.0,0.0
CMP_002,HH_002020,Holdout,,0,,,0,0,0.0,0.0
CMP_002,HH_002022,Target,2026-04-08,1,,,0,0,0.0,4.5
CMP_002,HH_002025,Holdout,,0,,,0,0,0.0,0.0
CMP_002,HH_002029,Target,2026-04-11,1,,,0,0,0.0,4.5
CMP_002,HH_002033,Holdout,,0,,,0,0,0.0,0.0
CMP_002,HH_002036,Target,2026-04-26,1,,,0,0,0.0,4.5
CMP_002,HH_002040,Target,2026-04-17,1,,,0,0,0.0,4.5
CMP_002,HH_002067,Target,2026-04-08,1,,,0,0,0.0,4.5
CMP_002,HH_002069,Target,2026-04-13,1,,,0,0,0.0,4.5
CMP_002,HH_002070,Target,2026-04-25,1,,,1,1,9367.81,4.5
CMP_002,HH_002071,Target,2026-04-07,1,,,0,0,0.0,4.5
CMP_002,HH_002072,Target,2026-04-07,1,,,0,0,0.0,4.5
CMP_002,HH_002074,Target,2026-04-16,1,,,0,0,0.0,4.5
CMP_002,HH_002077,Target,2026-04-30,1,,,0,0,0.0,4.5
CMP_002,HH_002078,Target,2026-04-30,1,,,0,0,0.0,4.5
CMP_002,HH_002079,Target,2026-04-27,1,,,0,0,0.0,4.5
CMP_002,HH_002083,Target,2026-04-09,1,,,0,0,0.0,4.5
CMP_002,HH_002089,Target,2026-04-18,1,,,0,0,0.0,4.5
CMP_002,HH_002095,Holdout,,0,,,0,0,0.0,0.0
CMP_002,HH_002096,Target,2026-04-26,1,,,0,0,0.0,4.5
CMP_002,HH_002098,Target,2026-04-27,1,,,0,0,0.0,4.5
CMP_002,HH_002102,Target,2026-04-22,1,,,0,0,0.0,4.5
CMP_002,HH_002104,Target,2026-04-30,1,,,0,0,0.0,4.5
CMP_002,HH_002105,Target,2026-04-17,1,,,0,0,0.0,4.5
CMP_002,HH_002107,Holdout,,0,,,0,0,0.0,0.0
CMP_002,HH_002109,Target,2026-04-25,1,,,0,0,0.0,4.5
CMP_002,HH_002112,Holdout,,0,,,0,0,0.0,0.0
CMP_002,HH_002113,Target,2026-04-30,1,,,0,0,0.0,4.5
CMP_002,HH_002114,Target,2026-04-08,1,,,0,0,0.0,4.5
CMP_002,HH_002117,Target,2026-04-15,1,,,0,0,0.0,4.5
CMP_002,HH_002118,Target,2026-04-08,1,,,0,0,0.0,4.5
CMP_002,HH_002121,Target,2026-04-21,1,,,0,0,0.0,4.5
CMP_002,HH_002124,Target,2026-04-10,1,,,0,0,0.0,4.5
CMP_002,HH_002125,Holdout,,0,,,0,0,0.0,0.0
CMP_002,HH_002126,Target,2026-04-25,1,,,0,0,0.0,4.5
CMP_002,HH_002131,Target,2026-04-25,1,,,0,0,0.0,4.5
CMP_002,HH_002132,Target,2026-04-22,1,,,0,0,0.0,4.5
CMP_002,HH_002134,Holdout,,0,,,0,0,0.0,0.0
CMP_002,HH_002136,Holdout,,0,,,0,0,0.0,0.0
CMP_002,HH_002138,Target,2026-04-10,1,,,0,0,0.0,4.5
CMP_002,HH_002140,Target,2026-04-18,1,,,0,0,0.0,4.5
CMP_002,HH_002142,Target,2026-04-27,1,,,0,0,0.0,4.5
CMP_002,HH_002158,Target,2026-04-20,1,,,0,0,0.0,4.5
CMP_002,HH_002159,Target,2026-04-18,1,,,0,0,0.0,4.5
CMP_002,HH_002164,Target,2026-04-16,1,,,0,0,0.0,4.5
CMP_002,HH_002169,Target,2026-04-29,1,,,0,0,0.0,4.5
CMP_002,HH_002171,Target,2026-04-10,1,,,0,0,0.0,4.5
CMP_002,HH_002177,Target,2026-04-24,1,,,1,1,28032.32,4.5
CMP_002,HH_002191,Target,2026-04-17,1,,,0,0,0.0,4.5
CMP_002,HH_002194,Holdout,,0,,,0,0,0.0,0.0
CMP_002,HH_002203,Target,2026-04-19,1,,,0,0,0.0,4.5
CMP_002,HH_002206,Target,2026-04-08,1,,,0,0,0.0,4.5
CMP_002,HH_002212,Target,2026-04-20,1,,,0,0,0.0,4.5
CMP_002,HH_002220,Target,2026-04-14,1,,,0,0,0.0,4.5
CMP_002,HH_002221,Target,2026-04-19,1,,,0,0,0.0,4.5
CMP_002,HH_002227,Target,2026-04-17,1,,,0,0,0.0,4.5
CMP_002,HH_002230,Target,2026-04-11,1,,,0,0,0.0,4.5
CMP_002,HH_002237,Target,2026-04-24,1,,,0,0,0.0,4.5
CMP_002,HH_002241,Target,2026-04-25,1,,,0,0,0.0,4.5
CMP_002,HH_002246,Target,2026-04-10,1,,,0,0,0.0,4.5
CMP_002,HH_002247,Holdout,,0,,,0,0,0.0,0.0
CMP_002,HH_002250,Target,2026-04-10,1,,,0,0,0.0,4.5
CMP_002,HH_002251,Holdout,,0,,,0,0,0.0,0.0
CMP_002,HH_002253,Target,2026-04-14,1,,,0,0,0.0,4.5
CMP_002,HH_002260,Target,2026-04-10,1,,,0,0,0.0,4.5
CMP_002,HH_002261,Target,2026-04-07,1,,,0,0,0.0,4.5
CMP_002,HH_002263,Holdout,,0,,,0,0,0.0,0.0
CMP_002,HH_002267,Target,2026-04-17,1,,,0,0,0.0,4.5
CMP_002,HH_002276,Target,2026-04-06,1,,,0,0,0.0,4.5
CMP_002,HH_002279,Target,2026-04-15,1,,,0,0,0.0,4.5
CMP_002,HH_002280,Holdout,,0,,,0,0,0.0,0.0
CMP_002,HH_002282,Target,2026-04-17,1,,,0,0,0.0,4.5
CMP_002,HH_002288,Target,2026-04-16,1,,,0,0,0.0,4.5
CMP_002,HH_002291,Target,2026-04-11,1,,,0,0,0.0,4.5
CMP_002,HH_002292,Target,2026-04-15,1,,,0,0,0.0,4.5
CMP_002,HH_002298,Target,2026-04-15,1,,,0,0,0.0,4.5
CMP_002,HH_002304,Holdout,,0,,,0,0,0.0,0.0
CMP_002,HH_002312,Target,2026-04-08,1,,,0,0,0.0,4.5
CMP_002,HH_002319,Target,2026-04-21,1,,,0,0,0.0,4.5
CMP_002,HH_002322,Target,2026-04-26,1,,,0,0,0.0,4.5
CMP_002,HH_002332,Target,2026-04-15,1,,,0,0,0.0,4.5
CMP_002,HH_002354,Target,2026-04-23,1,,,0,0,0.0,4.5
CMP_002,HH_002358,Target,2026-04-09,1,,,0,0,0.0,4.5
CMP_002,HH_002360,Target,2026-04-26,1,,,0,0,0.0,4.5
CMP_002,HH_002361,Target,2026-04-17,1,,,0,0,0.0,4.5
CMP_002,HH_002362,Target,2026-04-27,1,,,0,0,0.0,4.5
CMP_002,HH_002365,Target,2026-04-19,1,,,0,0,0.0,4.5
CMP_002,HH_002367,Target,2026-04-07,1,,,1,1,14601.26,4.5
CMP_002,HH_002371,Target,2026-04-29,1,,,0,0,0.0,4.5
CMP_002,HH_002377,Target,2026-04-19,1,,,0,0,0.0,4.5
CMP_002,HH_002379,Holdout,,0,,,0,0,0.0,0.0
CMP_002,HH_002381,Target,2026-04-24,1,,,0,0,0.0,4.5
CMP_002,HH_002383,Holdout,,0,,,0,0,0.0,0.0
CMP_002,HH_002387,Target,2026-04-11,1,,,0,0,0.0,4.5
CMP_002,HH_002389,Target,2026-04-22,1,,,0,0,0.0,4.5
CMP_002,HH_002391,Target,2026-04-30,1,,,0,0,0.0,4.5
CMP_002,HH_002394,Target,2026-04-16,1,,,0,0,0.0,4.5
CMP_002,HH_002397,Target,2026-04-26,1,,,0,0,0.0,4.5
CMP_002,HH_002398,Target,2026-04-23,1,,,0,0,0.0,4.5
CMP_002,HH_002401,Target,2026-04-29,1,,,0,0,0.0,4.5
CMP_002,HH_002402,Holdout,,0,,,0,0,0.0,0.0
CMP_002,HH_002412,Target,2026-04-13,1,,,0,0,0.0,4.5
CMP_002,HH_002413,Target,2026-04-30,1,,,0,0,0.0,4.5
CMP_002,HH_002415,Target,2026-04-07,1,,,0,0,0.0,4.5
CMP_002,HH_002416,Holdout,,0,,,0,0,0.0,0.0
CMP_002,HH_002419,Target,2026-04-20,1,,,0,0,0.0,4.5
CMP_002,HH_002421,Target,2026-04-14,1,,,0,0,0.0,4.5
CMP_002,HH_002422,Target,2026-04-17,1,,,0,0,0.0,4.5
CMP_002,HH_002424,Target,2026-04-06,1,,,0,0,0.0,4.5
CMP_002,HH_002426,Target,2026-04-12,1,,,0,0,0.0,4.5
CMP_002,HH_002430,Target,2026-04-20,1,,,0,0,0.0,4.5
CMP_002,HH_002435,Target,2026-04-11,1,,,0,0,0.0,4.5
CMP_002,HH_002459,Target,2026-04-09,1,,,0,0,0.0,4.5
CMP_002,HH_002460,Holdout,,0,,,0,0,0.0,0.0
CMP_002,HH_002463,Target,2026-04-29,1,,,0,0,0.0,4.5
CMP_002,HH_002466,Target,2026-04-23,1,,,1,1,25352.34,4.5
CMP_002,HH_002467,Target,2026-04-09,1,,,0,0,0.0,4.5
CMP_002,HH_002468,Target,2026-04-08,1,,,0,0,0.0,4.5
CMP_002,HH_002471,Holdout,,0,,,0,0,0.0,0.0
CMP_002,HH_002474,Holdout,,0,,,0,0,0.0,0.0
CMP_002,HH_002482,Target,2026-04-21,1,,,0,0,0.0,4.5
CMP_002,HH_002493,Holdout,,0,,,0,0,0.0,0.0
CMP_002,HH_002495,Target,2026-04-28,1,,,0,0,0.0,4.5
CMP_002,HH_002500,Target,2026-04-30,1,,,0,0,0.0,4.5
CMP_002,HH_002502,Target,2026-04-29,1,,,0,0,0.0,4.5
CMP_002,HH_002503,Holdout,,0,,,0,0,0.0,0.0
CMP_002,HH_002505,Target,2026-04-25,1,,,0,0,0.0,4.5
CMP_002,HH_002507,Target,2026-04-26,1,,,0,0,0.0,4.5
CMP_002,HH_002508,Target,2026-04-22,1,,,0,0,0.0,4.5
CMP_002,HH_002511,Target,2026-04-26,1,,,0,0,0.0,4.5
CMP_002,HH_002516,Target,2026-04-09,1,,,0,0,0.0,4.5
CMP_002,HH_002517,Target,2026-04-17,1,,,0,0,0.0,4.5
CMP_002,HH_002518,Target,2026-04-10,1,,,0,0,0.0,4.5
CMP_002,HH_002521,Target,2026-04-06,1,,,0,0,0.0,4.5
CMP_002,HH_002522,Target,2026-04-16,1,,,0,0,0.0,4.5
CMP_002,HH_002523,Target,2026-04-25,1,,,0,0,0.0,4.5
CMP_002,HH_002524,Target,2026-04-28,1,,,0,0,0.0,4.5
CMP_002,HH_002525,Holdout,,0,,,0,0,0.0,0.0
CMP_002,HH_002529,Holdout,,0,,,0,0,0.0,0.0
CMP_002,HH_002530,Target,2026-04-12,1,,,1,1,6457.54,4.5
CMP_002,HH_002532,Target,2026-04-09,1,,,0,0,0.0,4.5
CMP_002,HH_002533,Target,2026-04-18,1,,,0,0,0.0,4.5
CMP_002,HH_002535,Target,2026-04-24,1,,,0,0,0.0,4.5
CMP_002,HH_002537,Holdout,,0,,,0,0,0.0,0.0
CMP_002,HH_002539,Target,2026-04-22,1,,,1,1,7513.43,4.5
CMP_002,HH_002541,Target,2026-04-19,1,,,0,0,0.0,4.5
CMP_002,HH_002544,Target,2026-04-18,1,,,0,0,0.0,4.5
CMP_002,HH_002545,Target,2026-04-07,1,,,0,0,0.0,4.5
CMP_002,HH_002550,Target,2026-04-26,1,,,0,0,0.0,4.5
CMP_002,HH_002554,Target,2026-04-25,1,,,0,0,0.0,4.5
CMP_002,HH_002556,Target,2026-04-10,1,,,1,1,75514.49,4.5
CMP_002,HH_002560,Target,2026-04-11,1,,,0,0,0.0,4.5
CMP_002,HH_002570,Target,2026-04-23,1,,,0,0,0.0,4.5
CMP_002,HH_002573,Holdout,,0,,,0,0,0.0,0.0
CMP_002,HH_002581,Target,2026-04-15,1,,,0,0,0.0,4.5
CMP_002,HH_002585,Target,2026-04-18,1,,,0,0,0.0,4.5
CMP_002,HH_002586,Target,2026-04-20,1,,,0,0,0.0,4.5
CMP_002,HH_002595,Target,2026-04-24,1,,,0,0,0.0,4.5
CMP_002,HH_002596,Holdout,,0,,,0,0,0.0,0.0
CMP_002,HH_002600,Target,2026-04-24,1,,,0,0,0.0,4.5
CMP_002,HH_002608,Target,2026-04-30,1,,,0,0,0.0,4.5
CMP_002,HH_002612,Target,2026-04-15,1,,,0,0,0.0,4.5
CMP_002,HH_002622,Target,2026-04-13,1,,,0,0,0.0,4.5
CMP_002,HH_002623,Target,2026-04-08,1,,,0,0,0.0,4.5
CMP_002,HH_002624,Target,2026-04-27,1,,,0,0,0.0,4.5
CMP_002,HH_002627,Target,2026-04-09,1,,,0,0,0.0,4.5
CMP_002,HH_002629,Target,2026-04-22,1,,,0,0,0.0,4.5
CMP_002,HH_002633,Target,2026-04-20,1,,,0,0,0.0,4.5
CMP_002,HH_002634,Target,2026-04-10,1,,,0,0,0.0,4.5
CMP_002,HH_002640,Target,2026-04-25,1,,,0,0,0.0,4.5
CMP_002,HH_002641,Target,2026-04-14,1,,,0,0,0.0,4.5
CMP_002,HH_002642,Target,2026-04-24,1,,,0,0,0.0,4.5
CMP_002,HH_002649,Target,2026-04-29,1,,,0,0,0.0,4.5
CMP_002,HH_002651,Target,2026-04-14,1,,,1,1,7633.2,4.5
CMP_002,HH_002653,Target,2026-04-23,1,,,0,0,0.0,4.5
CMP_002,HH_002664,Target,2026-04-22,1,,,0,0,0.0,4.5
CMP_002,HH_002667,Target,2026-04-17,1,,,0,0,0.0,4.5
CMP_002,HH_002668,Target,2026-04-19,1,,,0,0,0.0,4.5
CMP_002,HH_002674,Target,2026-04-14,1,,,0,0,0.0,4.5
CMP_002,HH_002676,Target,2026-04-27,1,,,0,0,0.0,4.5
CMP_002,HH_002683,Target,2026-04-09,1,,,0,0,0.0,4.5
CMP_002,HH_002688,Target,2026-04-08,1,,,0,0,0.0,4.5
CMP_002,HH_002691,Target,2026-04-28,1,,,0,0,0.0,4.5
CMP_002,HH_002695,Target,2026-04-29,1,,,0,0,0.0,4.5
CMP_002,HH_002698,Target,2026-04-11,1,,,0,0,0.0,4.5
CMP_002,HH_002700,Target,2026-04-25,1,,,0,0,0.0,4.5
CMP_002,HH_002702,Target,2026-04-28,1,,,0,0,0.0,4.5
CMP_002,HH_002704,Target,2026-04-28,1,,,0,0,0.0,4.5
CMP_002,HH_002705,Target,2026-04-11,1,,,0,0,0.0,4.5
CMP_002,HH_002706,Target,2026-04-27,1,,,0,0,0.0,4.5
CMP_002,HH_002708,Target,2026-04-14,1,,,0,0,0.0,4.5
CMP_002,HH_002725,Target,2026-04-06,1,,,0,0,0.0,4.5
CMP_002,HH_002726,Holdout,,0,,,0,0,0.0,0.0
CMP_002,HH_002727,Target,2026-04-06,1,,,0,0,0.0,4.5
CMP_002,HH_002729,Holdout,,0,,,0,0,0.0,0.0
CMP_002,HH_002735,Target,2026-04-09,1,,,0,0,0.0,4.5
CMP_002,HH_002737,Target,2026-04-21,1,,,0,0,0.0,4.5
CMP_002,HH_002740,Holdout,,0,,,0,0,0.0,0.0
CMP_002,HH_002744,Target,2026-04-17,1,,,0,0,0.0,4.5
CMP_002,HH_002746,Target,2026-04-27,1,,,0,0,0.0,4.5
CMP_002,HH_002748,Holdout,,0,,,0,0,0.0,0.0
CMP_002,HH_002754,Target,2026-04-06,1,,,0,0,0.0,4.5
CMP_002,HH_002756,Target,2026-04-10,1,,,0,0,0.0,4.5
CMP_002,HH_002765,Target,2026-04-28,1,,,0,0,0.0,4.5
CMP_002,HH_002768,Target,2026-04-12,1,,,0,0,0.0,4.5
CMP_002,HH_002771,Target,2026-04-14,1,,,0,0,0.0,4.5
CMP_002,HH_002776,Target,2026-04-20,1,,,0,0,0.0,4.5
CMP_002,HH_002778,Holdout,,0,,,0,0,0.0,0.0
CMP_002,HH_002779,Target,2026-04-24,1,,,0,0,0.0,4.5
CMP_002,HH_002784,Holdout,,0,,,0,0,0.0,0.0
CMP_002,HH_002789,Target,2026-04-25,1,,,0,0,0.0,4.5
CMP_002,HH_002799,Target,2026-04-17,1,,,0,0,0.0,4.5
CMP_002,HH_002800,Holdout,,0,,,0,0,0.0,0.0
CMP_002,HH_002805,Target,2026-04-15,1,,,0,0,0.0,4.5
CMP_002,HH_002806,Target,2026-04-15,1,,,0,0,0.0,4.5
CMP_002,HH_002811,Target,2026-04-12,1,,,0,0,0.0,4.5
CMP_002,HH_002814,Target,2026-04-15,1,,,1,1,20567.67,4.5
CMP_002,HH_002815,Target,2026-04-10,1,,,0,0,0.0,4.5
CMP_002,HH_002816,Target,2026-04-27,1,,,0,0,0.0,4.5
CMP_002,HH_002824,Target,2026-04-28,1,,,0,0,0.0,4.5
CMP_002,HH_002825,Holdout,,0,,,0,0,0.0,0.0
CMP_002,HH_002828,Target,2026-04-21,1,,,0,0,0.0,4.5
CMP_002,HH_002837,Target,2026-04-18,1,,,0,0,0.0,4.5
CMP_002,HH_002838,Holdout,,0,,,0,0,0.0,0.0
CMP_002,HH_002848,Target,2026-04-24,1,,,0,0,0.0,4.5
CMP_002,HH_002852,Holdout,,0,,,0,0,0.0,0.0
CMP_002,HH_002860,Target,2026-04-19,1,,,0,0,0.0,4.5
CMP_002,HH_002865,Target,2026-04-24,1,,,0,0,0.0,4.5
CMP_002,HH_002877,Target,2026-04-19,1,,,0,0,0.0,4.5
CMP_002,HH_002878,Target,2026-04-22,1,,,0,0,0.0,4.5
CMP_002,HH_002879,Target,2026-04-19,1,,,0,0,0.0,4.5
CMP_002,HH_002881,Holdout,,0,,,0,0,0.0,0.0
CMP_002,HH_002882,Target,2026-04-08,1,,,0,0,0.0,4.5
CMP_002,HH_002885,Target,2026-04-13,1,,,0,0,0.0,4.5
CMP_002,HH_002888,Target,2026-04-24,1,,,0,0,0.0,4.5
CMP_002,HH_002894,Target,2026-04-10,1,,,0,0,0.0,4.5
CMP_002,HH_002897,Target,2026-04-22,1,,,0,0,0.0,4.5
CMP_002,HH_002898,Target,2026-04-26,1,,,0,0,0.0,4.5
CMP_002,HH_002900,Target,2026-04-24,1,,,0,0,0.0,4.5
CMP_002,HH_002905,Target,2026-04-29,1,,,0,0,0.0,4.5
CMP_002,HH_002906,Target,2026-04-28,1,,,0,0,0.0,4.5
CMP_002,HH_002910,Target,2026-04-21,1,,,0,0,0.0,4.5
CMP_002,HH_002911,Holdout,,0,,,0,0,0.0,0.0
CMP_002,HH_002912,Target,2026-04-06,1,,,0,0,0.0,4.5
CMP_002,HH_002918,Target,2026-04-08,1,,,1,1,28113.72,4.5
CMP_002,HH_002921,Target,2026-04-12,1,,,1,1,10739.69,4.5
CMP_002,HH_002923,Target,2026-04-09,1,,,0,0,0.0,4.5
CMP_002,HH_002927,Target,2026-04-13,1,,,0,0,0.0,4.5
CMP_002,HH_002929,Target,2026-04-27,1,,,0,0,0.0,4.5
CMP_002,HH_002933,Target,2026-04-10,1,,,0,0,0.0,4.5
CMP_002,HH_002937,Target,2026-04-27,1,,,0,0,0.0,4.5
CMP_002,HH_002939,Target,2026-04-12,1,,,0,0,0.0,4.5
CMP_002,HH_002940,Target,2026-04-24,1,,,0,0,0.0,4.5
CMP_002,HH_002941,Target,2026-04-28,1,,,0,0,0.0,4.5
CMP_002,HH_002946,Target,2026-04-10,1,,,1,1,6199.58,4.5
CMP_002,HH_002948,Target,2026-04-15,1,,,1,1,7552.96,4.5
CMP_002,HH_002954,Target,2026-04-17,1,,,0,0,0.0,4.5
CMP_002,HH_002957,Target,2026-04-14,1,,,1,1,14749.44,4.5
CMP_002,HH_002959,Target,2026-04-12,1,,,0,0,0.0,4.5
CMP_002,HH_002966,Target,2026-04-08,1,,,0,0,0.0,4.5
CMP_002,HH_002969,Target,2026-04-24,1,,,0,0,0.0,4.5
CMP_002,HH_002971,Target,2026-04-14,1,,,0,0,0.0,4.5
CMP_003,HH_000001,Target,2026-05-06,1,0,0,0,0,0.0,1.2
CMP_003,HH_000004,Target,2026-05-25,1,1,0,0,0,0.0,1.2
CMP_003,HH_000006,Target,2026-05-22,1,0,0,0,0,0.0,1.2
CMP_003,HH_000007,Target,2026-05-05,1,1,0,0,0,0.0,1.2
CMP_003,HH_000009,Target,2026-05-14,1,0,0,0,0,0.0,1.2
CMP_003,HH_000010,Target,2026-05-11,1,1,0,0,0,0.0,1.2
CMP_003,HH_000011,Holdout,,0,,,0,0,0.0,0.0
CMP_003,HH_000014,Target,2026-05-27,1,1,0,0,0,0.0,1.2
CMP_003,HH_000015,Holdout,,0,,,0,0,0.0,0.0
CMP_003,HH_000016,Target,2026-05-22,0,,,0,0,0.0,1.2
CMP_003,HH_000018,Target,2026-05-19,1,0,0,0,0,0.0,1.2
CMP_003,HH_000019,Target,2026-05-20,1,0,0,0,0,0.0,1.2
CMP_003,HH_000020,Target,2026-05-25,1,1,1,1,0,0.0,1.2
CMP_003,HH_000021,Target,2026-05-22,1,0,0,0,0,0.0,1.2
CMP_003,HH_000022,Target,2026-05-27,1,0,0,0,0,0.0,1.2
CMP_003,HH_000023,Target,2026-05-19,1,0,0,0,0,0.0,1.2
CMP_003,HH_000024,Holdout,,0,,,0,0,0.0,0.0
CMP_003,HH_000027,Target,2026-05-06,1,0,0,0,0,0.0,1.2
CMP_003,HH_000029,Target,2026-05-19,1,1,0,1,0,0.0,1.2
CMP_003,HH_000030,Holdout,,0,,,0,0,0.0,0.0
CMP_003,HH_000031,Target,2026-05-09,1,0,0,0,0,0.0,1.2
CMP_003,HH_000032,Target,2026-05-23,1,0,0,0,0,0.0,1.2
CMP_003,HH_000033,Target,2026-05-07,1,0,0,0,0,0.0,1.2
CMP_003,HH_000034,Holdout,,0,,,0,0,0.0,0.0
CMP_003,HH_000035,Target,2026-05-28,1,1,1,1,0,0.0,1.2
CMP_003,HH_000036,Target,2026-05-05,1,1,1,1,0,0.0,1.2
CMP_003,HH_000037,Holdout,,0,,,0,0,0.0,0.0
CMP_003,HH_000038,Target,2026-05-17,0,,,0,0,0.0,1.2
CMP_003,HH_000040,Target,2026-05-06,1,0,0,0,0,0.0,1.2
CMP_003,HH_000041,Target,2026-05-07,1,1,0,0,0,0.0,1.2
CMP_003,HH_000042,Target,2026-05-11,1,1,1,1,0,0.0,1.2
CMP_003,HH_000045,Target,2026-05-16,1,0,0,0,0,0.0,1.2
CMP_003,HH_000047,Target,2026-05-28,1,0,0,0,0,0.0,1.2
CMP_003,HH_000048,Target,2026-05-07,1,0,0,0,0,0.0,1.2
CMP_003,HH_000049,Holdout,,0,,,0,0,0.0,0.0
CMP_003,HH_000050,Target,2026-05-11,1,1,1,1,0,0.0,1.2
CMP_003,HH_000052,Target,2026-05-21,1,0,0,0,0,0.0,1.2
CMP_003,HH_000054,Target,2026-05-05,1,1,1,1,0,0.0,1.2
CMP_003,HH_000055,Target,2026-05-24,1,0,0,0,0,0.0,1.2
CMP_003,HH_000057,Target,2026-05-25,1,1,1,1,0,0.0,1.2
CMP_003,HH_000058,Target,2026-05-27,1,0,0,0,0,0.0,1.2
CMP_003,HH_000059,Holdout,,0,,,0,0,0.0,0.0
CMP_003,HH_000060,Target,2026-05-24,1,1,0,0,0,0.0,1.2
CMP_003,HH_000061,Target,2026-05-17,1,0,0,0,0,0.0,1.2
CMP_003,HH_000063,Target,2026-05-08,1,0,0,0,0,0.0,1.2
CMP_003,HH_000064,Target,2026-05-07,1,0,0,0,0,0.0,1.2
CMP_003,HH_000065,Target,2026-05-26,0,,,0,0,0.0,1.2
CMP_003,HH_000066,Target,2026-05-07,1,1,0,0,0,0.0,1.2
CMP_003,HH_000069,Target,2026-05-05,1,1,0,0,0,0.0,1.2
CMP_003,HH_000070,Target,2026-05-10,1,0,0,0,0,0.0,1.2
CMP_003,HH_000071,Target,2026-05-05,1,0,0,0,0,0.0,1.2
CMP_003,HH_000072,Target,2026-05-14,1,0,0,0,0,0.0,1.2
CMP_003,HH_000075,Target,2026-05-28,1,1,0,0,0,0.0,1.2
CMP_003,HH_000076,Target,2026-05-28,1,1,1,1,0,0.0,1.2
CMP_003,HH_000077,Target,2026-05-21,1,0,0,0,0,0.0,1.2
CMP_003,HH_000078,Target,2026-05-09,1,0,0,0,0,0.0,1.2
CMP_003,HH_000080,Holdout,,0,,,0,0,0.0,0.0
CMP_003,HH_000081,Target,2026-05-12,1,1,1,1,0,0.0,1.2
CMP_003,HH_000083,Target,2026-05-23,1,0,0,0,0,0.0,1.2
CMP_003,HH_000084,Target,2026-05-28,1,0,0,0,0,0.0,1.2
CMP_003,HH_000085,Target,2026-05-12,1,0,0,0,0,0.0,1.2
CMP_003,HH_000086,Target,2026-05-05,1,0,0,0,0,0.0,1.2
CMP_003,HH_000087,Target,2026-05-05,1,0,0,0,0,0.0,1.2
CMP_003,HH_000088,Holdout,,0,,,0,0,0.0,0.0
CMP_003,HH_000090,Target,2026-05-29,1,1,0,0,0,0.0,1.2
CMP_003,HH_000091,Target,2026-05-05,1,1,0,0,0,0.0,1.2
CMP_003,HH_000092,Target,2026-05-21,1,0,0,0,0,0.0,1.2
CMP_003,HH_000094,Target,2026-05-12,1,1,0,0,0,0.0,1.2
CMP_003,HH_000095,Target,2026-05-07,1,1,0,1,0,0.0,1.2
CMP_003,HH_000098,Target,2026-05-25,1,0,0,0,0,0.0,1.2
CMP_003,HH_000101,Holdout,,0,,,0,0,0.0,0.0
CMP_003,HH_000102,Target,2026-05-17,1,0,0,0,0,0.0,1.2
CMP_003,HH_000103,Holdout,,0,,,0,0,0.0,0.0
CMP_003,HH_000104,Target,2026-05-08,1,0,0,0,0,0.0,1.2
CMP_003,HH_000105,Target,2026-05-20,1,0,0,0,0,0.0,1.2
CMP_003,HH_000107,Target,2026-05-10,1,0,0,0,0,0.0,1.2
CMP_003,HH_000108,Target,2026-05-28,1,0,0,0,0,0.0,1.2
CMP_003,HH_000109,Target,2026-05-11,1,0,0,0,0,0.0,1.2
CMP_003,HH_000110,Target,2026-05-21,1,0,0,0,0,0.0,1.2
CMP_003,HH_000112,Target,2026-05-19,1,0,0,0,0,0.0,1.2
CMP_003,HH_000114,Target,2026-05-22,1,0,0,0,0,0.0,1.2
CMP_003,HH_000115,Target,2026-05-15,1,1,0,0,0,0.0,1.2
CMP_003,HH_000116,Target,2026-05-17,1,0,0,0,0,0.0,1.2
CMP_003,HH_000117,Target,2026-05-24,1,0,0,0,0,0.0,1.2
CMP_003,HH_000118,Target,2026-05-08,1,0,0,0,0,0.0,1.2
CMP_003,HH_000119,Holdout,,0,,,0,0,0.0,0.0
CMP_003,HH_000120,Target,2026-05-14,1,1,1,1,0,0.0,1.2
CMP_003,HH_000121,Holdout,,0,,,0,0,0.0,0.0
CMP_003,HH_000122,Target,2026-05-18,1,1,1,1,0,0.0,1.2
CMP_003,HH_000123,Target,2026-05-27,1,1,0,1,0,0.0,1.2
CMP_003,HH_000124,Target,2026-05-20,1,0,0,0,0,0.0,1.2
CMP_003,HH_000125,Holdout,,0,,,0,0,0.0,0.0
CMP_003,HH_000126,Target,2026-05-07,1,0,0,0,0,0.0,1.2
CMP_003,HH_000127,Target,2026-05-07,1,0,0,0,0,0.0,1.2
CMP_003,HH_000128,Target,2026-05-18,1,0,0,0,0,0.0,1.2
CMP_003,HH_000129,Target,2026-05-28,1,0,0,0,0,0.0,1.2
CMP_003,HH_000130,Target,2026-05-20,1,1,0,0,0,0.0,1.2
CMP_003,HH_000131,Target,2026-05-18,1,1,0,0,0,0.0,1.2
CMP_003,HH_000132,Target,2026-05-05,1,0,0,0,0,0.0,1.2
CMP_003,HH_000134,Target,2026-05-17,1,1,0,0,0,0.0,1.2
CMP_003,HH_000136,Target,2026-05-27,1,1,0,0,0,0.0,1.2
CMP_003,HH_000137,Target,2026-05-07,1,0,0,0,0,0.0,1.2
CMP_003,HH_000138,Target,2026-05-12,1,0,0,0,0,0.0,1.2
CMP_003,HH_000139,Holdout,,0,,,0,0,0.0,0.0
CMP_003,HH_000140,Target,2026-05-28,1,1,0,0,0,0.0,1.2
CMP_003,HH_000141,Target,2026-05-19,1,0,0,1,1,1246.91,1.2
CMP_003,HH_000142,Holdout,,0,,,0,0,0.0,0.0
CMP_003,HH_000143,Target,2026-05-13,1,0,0,0,0,0.0,1.2
CMP_003,HH_000144,Holdout,,0,,,0,0,0.0,0.0
CMP_003,HH_000145,Target,2026-05-08,1,0,0,0,0,0.0,1.2
CMP_003,HH_000146,Target,2026-05-06,1,0,0,0,0,0.0,1.2
CMP_003,HH_000147,Target,2026-05-14,1,1,0,0,0,0.0,1.2
CMP_003,HH_000148,Target,2026-05-05,1,0,0,0,0,0.0,1.2
CMP_003,HH_000149,Target,2026-05-21,1,0,0,0,0,0.0,1.2
CMP_003,HH_000151,Target,2026-05-04,1,1,0,1,0,0.0,1.2
CMP_003,HH_000153,Target,2026-05-19,1,0,0,0,0,0.0,1.2
CMP_003,HH_000156,Target,2026-05-06,1,0,0,0,0,0.0,1.2
CMP_003,HH_000158,Target,2026-05-06,1,0,0,0,0,0.0,1.2
CMP_003,HH_000159,Target,2026-05-26,1,0,0,0,0,0.0,1.2
CMP_003,HH_000161,Target,2026-05-19,1,0,0,0,0,0.0,1.2
CMP_003,HH_000164,Holdout,,0,,,0,0,0.0,0.0
CMP_003,HH_000165,Target,2026-05-24,1,0,0,0,0,0.0,1.2
CMP_003,HH_000166,Target,2026-05-07,1,0,0,0,0,0.0,1.2
CMP_003,HH_000168,Target,2026-05-18,1,0,0,0,0,0.0,1.2
CMP_003,HH_000169,Target,2026-05-14,1,0,0,0,0,0.0,1.2
CMP_003,HH_000170,Target,2026-05-19,1,0,0,0,0,0.0,1.2
CMP_003,HH_000171,Target,2026-05-04,1,0,0,0,0,0.0,1.2
CMP_003,HH_000172,Holdout,,0,,,0,0,0.0,0.0
CMP_003,HH_000173,Target,2026-05-14,1,0,0,0,0,0.0,1.2
CMP_003,HH_000175,Target,2026-05-05,1,0,0,0,0,0.0,1.2
CMP_003,HH_000176,Target,2026-05-13,1,0,0,0,0,0.0,1.2
CMP_003,HH_000177,Holdout,,0,,,0,0,0.0,0.0
CMP_003,HH_000178,Target,2026-05-23,1,1,0,1,1,619.45,1.2
CMP_003,HH_000179,Target,2026-05-26,1,1,0,1,0,0.0,1.2
CMP_003,HH_000180,Target,2026-05-21,1,1,1,1,0,0.0,1.2
CMP_003,HH_000181,Holdout,,0,,,0,0,0.0,0.0
CMP_003,HH_000182,Holdout,,0,,,0,0,0.0,0.0
CMP_003,HH_000183,Target,2026-05-05,1,0,0,0,0,0.0,1.2
CMP_003,HH_000184,Target,2026-05-29,1,0,0,0,0,0.0,1.2
CMP_003,HH_000185,Target,2026-05-28,1,0,0,0,0,0.0,1.2
CMP_003,HH_000186,Target,2026-05-16,1,0,0,0,0,0.0,1.2
CMP_003,HH_000187,Target,2026-05-06,1,1,0,0,0,0.0,1.2
CMP_003,HH_000191,Target,2026-05-21,1,0,0,0,0,0.0,1.2
CMP_003,HH_000193,Target,2026-05-10,1,0,0,0,0,0.0,1.2
CMP_003,HH_000194,Target,2026-05-27,1,1,1,1,0,0.0,1.2
CMP_003,HH_000195,Target,2026-05-19,1,0,0,0,0,0.0,1.2
CMP_003,HH_000196,Target,2026-05-12,1,0,0,0,0,0.0,1.2
CMP_003,HH_000197,Target,2026-05-04,1,0,0,0,0,0.0,1.2
CMP_003,HH_000199,Holdout,,0,,,0,0,0.0,0.0
CMP_003,HH_000200,Target,2026-05-04,1,0,0,0,0,0.0,1.2
CMP_003,HH_000206,Target,2026-05-24,1,0,0,0,0,0.0,1.2
CMP_003,HH_000207,Target,2026-05-21,1,1,0,1,0,0.0,1.2
CMP_003,HH_000208,Target,2026-05-19,1,0,0,0,0,0.0,1.2
CMP_003,HH_000210,Target,2026-05-19,1,1,0,1,0,0.0,1.2
CMP_003,HH_000211,Target,2026-05-17,1,0,0,0,0,0.0,1.2
CMP_003,HH_000212,Target,2026-05-19,1,0,0,0,0,0.0,1.2
CMP_003,HH_000214,Target,2026-05-26,1,0,0,0,0,0.0,1.2
CMP_003,HH_000215,Target,2026-05-07,1,0,0,0,0,0.0,1.2
CMP_003,HH_000216,Target,2026-05-20,1,0,0,0,0,0.0,1.2
CMP_003,HH_000218,Target,2026-05-05,0,,,0,0,0.0,1.2
CMP_003,HH_000220,Holdout,,0,,,0,0,0.0,0.0
CMP_003,HH_000221,Target,2026-05-21,1,0,0,1,1,226.43,1.2
CMP_003,HH_000223,Holdout,,0,,,0,0,0.0,0.0
CMP_003,HH_000225,Target,2026-05-15,1,0,0,0,0,0.0,1.2
CMP_003,HH_000226,Target,2026-05-29,1,0,0,0,0,0.0,1.2
CMP_003,HH_000227,Target,2026-05-18,1,1,0,0,0,0.0,1.2
CMP_003,HH_000228,Holdout,,0,,,0,0,0.0,0.0
CMP_003,HH_000229,Target,2026-05-09,1,1,1,1,0,0.0,1.2
CMP_003,HH_000230,Target,2026-05-26,1,1,0,0,0,0.0,1.2
CMP_003,HH_000232,Target,2026-05-24,1,0,0,0,0,0.0,1.2
CMP_003,HH_000233,Target,2026-05-12,1,1,0,0,0,0.0,1.2
CMP_003,HH_000234,Target,2026-05-12,1,0,0,0,0,0.0,1.2
CMP_003,HH_000235,Target,2026-05-07,1,0,0,0,0,0.0,1.2
CMP_003,HH_000237,Target,2026-05-29,1,0,0,0,0,0.0,1.2
CMP_003,HH_000239,Target,2026-05-22,1,0,0,0,0,0.0,1.2
CMP_003,HH_000241,Target,2026-05-19,1,1,1,1,0,0.0,1.2
CMP_003,HH_000242,Target,2026-05-23,1,1,1,1,0,0.0,1.2
CMP_003,HH_000243,Target,2026-05-05,1,1,0,0,0,0.0,1.2
CMP_003,HH_000244,Target,2026-05-11,1,0,0,0,0,0.0,1.2
CMP_003,HH_000245,Target,2026-05-13,1,0,0,0,0,0.0,1.2
CMP_003,HH_000246,Target,2026-05-10,1,0,0,0,0,0.0,1.2
CMP_003,HH_000247,Target,2026-05-17,1,0,0,0,0,0.0,1.2
CMP_003,HH_000249,Target,2026-05-21,1,0,0,0,0,0.0,1.2
CMP_003,HH_000251,Target,2026-05-18,1,0,0,0,0,0.0,1.2
CMP_003,HH_000252,Target,2026-05-10,1,1,1,1,0,0.0,1.2
CMP_003,HH_000253,Target,2026-05-20,1,1,0,0,0,0.0,1.2
CMP_003,HH_000254,Holdout,,0,,,0,1,1400.66,0.0
CMP_003,HH_000256,Target,2026-05-16,1,1,0,0,0,0.0,1.2
CMP_003,HH_000258,Holdout,,0,,,0,0,0.0,0.0
CMP_003,HH_000259,Holdout,,0,,,0,0,0.0,0.0
CMP_003,HH_000260,Target,2026-05-24,1,0,0,0,0,0.0,1.2
CMP_003,HH_000261,Target,2026-05-26,1,1,0,1,0,0.0,1.2
CMP_003,HH_000262,Target,2026-05-05,1,0,0,0,0,0.0,1.2
CMP_003,HH_000263,Target,2026-05-12,1,0,0,0,0,0.0,1.2
CMP_003,HH_000264,Target,2026-05-25,1,0,0,0,0,0.0,1.2
CMP_003,HH_000265,Target,2026-05-22,1,0,0,0,0,0.0,1.2
CMP_003,HH_000266,Target,2026-05-17,1,0,0,0,0,0.0,1.2
CMP_003,HH_000268,Target,2026-05-20,1,1,1,1,0,0.0,1.2
CMP_003,HH_000269,Target,2026-05-26,1,0,0,0,0,0.0,1.2
CMP_003,HH_000270,Target,2026-05-04,1,1,0,0,0,0.0,1.2
CMP_003,HH_000271,Target,2026-05-18,1,1,0,1,0,0.0,1.2
CMP_003,HH_000272,Target,2026-05-04,1,0,0,0,0,0.0,1.2
CMP_003,HH_000273,Target,2026-05-06,1,0,0,0,0,0.0,1.2
CMP_003,HH_000276,Target,2026-05-10,1,0,0,0,0,0.0,1.2
CMP_003,HH_000277,Target,2026-05-13,1,1,1,1,0,0.0,1.2
CMP_003,HH_000279,Target,2026-05-10,1,1,0,1,0,0.0,1.2
CMP_003,HH_000280,Target,2026-05-15,1,0,0,0,0,0.0,1.2
CMP_003,HH_000281,Target,2026-05-09,1,1,0,0,0,0.0,1.2
CMP_003,HH_000282,Target,2026-05-15,1,0,0,0,0,0.0,1.2
CMP_003,HH_000283,Target,2026-05-20,1,0,0,0,0,0.0,1.2
CMP_003,HH_000284,Target,2026-05-10,1,1,0,1,0,0.0,1.2
CMP_003,HH_000285,Target,2026-05-08,1,0,0,0,0,0.0,1.2
CMP_003,HH_000286,Target,2026-05-05,1,1,1,1,0,0.0,1.2
CMP_003,HH_000288,Holdout,,0,,,0,0,0.0,0.0
CMP_003,HH_000289,Target,2026-05-09,1,0,0,0,0,0.0,1.2
CMP_003,HH_000291,Target,2026-05-04,1,0,0,0,0,0.0,1.2
CMP_003,HH_000292,Target,2026-05-27,1,0,0,0,0,0.0,1.2
CMP_003,HH_000293,Target,2026-05-14,1,0,0,0,0,0.0,1.2
CMP_003,HH_000294,Target,2026-05-11,1,0,0,0,0,0.0,1.2
CMP_003,HH_000296,Target,2026-05-28,1,1,0,1,0,0.0,1.2
CMP_003,HH_000297,Target,2026-05-23,1,0,0,0,0,0.0,1.2
CMP_003,HH_000299,Target,2026-05-28,0,,,0,0,0.0,1.2
CMP_003,HH_000303,Target,2026-05-29,1,0,0,0,0,0.0,1.2
CMP_003,HH_000304,Target,2026-05-29,1,1,0,0,0,0.0,1.2
CMP_003,HH_000305,Target,2026-05-13,1,1,1,1,0,0.0,1.2
CMP_003,HH_000306,Target,2026-05-25,1,0,0,0,0,0.0,1.2
CMP_003,HH_000307,Target,2026-05-07,1,0,0,0,0,0.0,1.2
CMP_003,HH_000308,Target,2026-05-25,1,0,0,0,0,0.0,1.2
CMP_003,HH_000311,Target,2026-05-16,1,1,0,0,0,0.0,1.2
CMP_003,HH_000312,Holdout,,0,,,0,0,0.0,0.0
CMP_003,HH_000314,Target,2026-05-06,1,0,0,0,0,0.0,1.2
CMP_003,HH_000315,Holdout,,0,,,0,0,0.0,0.0
CMP_003,HH_000320,Target,2026-05-15,1,0,0,0,0,0.0,1.2
CMP_003,HH_000321,Target,2026-05-06,1,0,0,0,0,0.0,1.2
CMP_003,HH_000323,Target,2026-05-17,1,1,0,1,0,0.0,1.2
CMP_003,HH_000324,Target,2026-05-19,1,1,0,1,0,0.0,1.2
CMP_003,HH_000325,Target,2026-05-18,1,0,0,0,0,0.0,1.2
CMP_003,HH_000326,Target,2026-05-16,1,0,0,1,1,1501.86,1.2
CMP_003,HH_000327,Target,2026-05-18,1,1,0,0,0,0.0,1.2
CMP_003,HH_000328,Target,2026-05-27,1,0,0,0,0,0.0,1.2
CMP_003,HH_000330,Target,2026-05-15,1,0,0,0,0,0.0,1.2
CMP_003,HH_000332,Target,2026-05-07,0,,,0,0,0.0,1.2
CMP_003,HH_000333,Target,2026-05-21,0,,,0,0,0.0,1.2
CMP_003,HH_000334,Target,2026-05-06,1,1,0,0,0,0.0,1.2
CMP_003,HH_000336,Target,2026-05-27,1,0,0,0,0,0.0,1.2
CMP_003,HH_000338,Target,2026-05-19,1,0,0,0,0,0.0,1.2
CMP_003,HH_000339,Target,2026-05-17,1,0,0,0,0,0.0,1.2
CMP_003,HH_000340,Target,2026-05-09,1,0,0,0,0,0.0,1.2
CMP_003,HH_000342,Target,2026-05-05,1,0,0,0,0,0.0,1.2
CMP_003,HH_000344,Target,2026-05-11,1,1,0,1,0,0.0,1.2
CMP_003,HH_000345,Target,2026-05-15,1,0,0,0,0,0.0,1.2
CMP_003,HH_000346,Target,2026-05-27,1,0,0,0,0,0.0,1.2
CMP_003,HH_000349,Target,2026-05-05,1,1,0,0,0,0.0,1.2
CMP_003,HH_000350,Target,2026-05-06,0,,,0,0,0.0,1.2
CMP_003,HH_000351,Target,2026-05-13,1,0,0,1,1,2890.79,1.2
CMP_003,HH_000352,Target,2026-05-06,1,0,0,0,0,0.0,1.2
CMP_003,HH_000355,Target,2026-05-12,1,0,0,0,0,0.0,1.2
CMP_003,HH_000356,Target,2026-05-26,1,0,0,0,0,0.0,1.2
CMP_003,HH_000357,Target,2026-05-17,1,0,0,0,0,0.0,1.2
CMP_003,HH_000358,Target,2026-05-05,1,0,0,0,0,0.0,1.2
CMP_003,HH_000359,Target,2026-05-17,1,1,0,1,0,0.0,1.2
CMP_003,HH_000360,Target,2026-05-24,1,0,0,0,0,0.0,1.2
CMP_003,HH_000362,Target,2026-05-06,1,0,0,0,0,0.0,1.2
CMP_003,HH_000363,Target,2026-05-17,1,0,0,0,0,0.0,1.2
CMP_003,HH_000365,Target,2026-05-04,1,0,0,0,0,0.0,1.2
CMP_003,HH_000366,Target,2026-05-27,1,0,0,0,0,0.0,1.2
CMP_003,HH_000367,Target,2026-05-16,1,1,0,0,0,0.0,1.2
CMP_003,HH_000368,Target,2026-05-10,1,0,0,0,0,0.0,1.2
CMP_003,HH_000372,Target,2026-05-18,1,0,0,0,0,0.0,1.2
CMP_003,HH_000373,Target,2026-05-15,1,0,0,0,0,0.0,1.2
CMP_003,HH_000374,Target,2026-05-13,1,0,0,0,0,0.0,1.2
CMP_003,HH_000376,Target,2026-05-08,1,0,0,0,0,0.0,1.2
CMP_003,HH_000378,Target,2026-05-10,1,0,0,0,0,0.0,1.2
CMP_003,HH_000380,Target,2026-05-28,1,0,0,0,0,0.0,1.2
CMP_003,HH_000382,Target,2026-05-10,1,0,0,0,0,0.0,1.2
CMP_003,HH_000383,Target,2026-05-07,1,0,0,0,0,0.0,1.2
CMP_003,HH_000384,Target,2026-05-20,1,0,0,0,0,0.0,1.2
CMP_003,HH_000385,Holdout,,0,,,0,0,0.0,0.0
CMP_003,HH_000386,Target,2026-05-09,1,0,0,1,1,689.41,1.2
CMP_003,HH_000387,Target,2026-05-25,1,0,0,0,0,0.0,1.2
CMP_003,HH_000389,Target,2026-05-17,0,,,0,0,0.0,1.2
CMP_003,HH_000390,Target,2026-05-11,1,1,0,0,0,0.0,1.2
CMP_003,HH_000394,Target,2026-05-14,1,0,0,0,0,0.0,1.2
CMP_003,HH_000396,Target,2026-05-15,1,1,0,0,0,0.0,1.2
CMP_003,HH_000401,Target,2026-05-09,1,0,0,0,0,0.0,1.2
CMP_003,HH_000402,Target,2026-05-26,1,0,0,0,0,0.0,1.2
CMP_003,HH_000403,Target,2026-05-10,1,0,0,0,0,0.0,1.2
CMP_003,HH_000404,Target,2026-05-11,1,0,0,0,0,0.0,1.2
CMP_003,HH_000406,Target,2026-05-23,1,0,0,0,0,0.0,1.2
CMP_003,HH_000407,Holdout,,0,,,0,0,0.0,0.0
CMP_003,HH_000408,Target,2026-05-25,1,0,0,0,0,0.0,1.2
CMP_003,HH_000410,Holdout,,0,,,0,0,0.0,0.0
CMP_003,HH_000411,Target,2026-05-26,1,0,0,0,0,0.0,1.2
CMP_003,HH_000412,Target,2026-05-26,0,,,0,0,0.0,1.2
CMP_003,HH_000413,Target,2026-05-27,1,1,0,0,0,0.0,1.2
CMP_003,HH_000415,Target,2026-05-20,1,0,0,0,0,0.0,1.2
CMP_003,HH_000416,Target,2026-05-12,1,0,0,0,0,0.0,1.2
CMP_003,HH_000419,Target,2026-05-15,1,0,0,0,0,0.0,1.2
CMP_003,HH_000420,Holdout,,0,,,0,0,0.0,0.0
CMP_003,HH_000421,Target,2026-05-06,1,0,0,0,0,0.0,1.2
CMP_003,HH_000422,Target,2026-05-14,1,1,0,0,0,0.0,1.2
CMP_003,HH_000423,Target,2026-05-28,1,1,0,1,1,722.11,1.2
CMP_003,HH_000424,Target,2026-05-13,1,0,0,0,0,0.0,1.2
CMP_003,HH_000425,Target,2026-05-18,1,0,0,0,0,0.0,1.2
CMP_003,HH_000426,Target,2026-05-23,1,1,0,1,0,0.0,1.2
CMP_003,HH_000427,Target,2026-05-22,1,1,0,0,0,0.0,1.2
CMP_003,HH_000428,Target,2026-05-09,1,0,0,0,0,0.0,1.2
CMP_003,HH_000430,Target,2026-05-20,1,0,0,0,0,0.0,1.2
CMP_003,HH_000431,Target,2026-05-20,1,0,0,0,0,0.0,1.2
CMP_003,HH_000433,Target,2026-05-06,1,0,0,0,0,0.0,1.2
CMP_003,HH_000434,Target,2026-05-28,1,0,0,0,0,0.0,1.2
CMP_003,HH_000435,Target,2026-05-22,1,0,0,0,0,0.0,1.2
CMP_003,HH_000436,Target,2026-05-29,1,0,0,0,0,0.0,1.2
CMP_003,HH_000437,Target,2026-05-05,1,0,0,0,0,0.0,1.2
CMP_003,HH_000439,Target,2026-05-21,1,0,0,0,0,0.0,1.2
CMP_003,HH_000440,Target,2026-05-29,1,1,0,1,0,0.0,1.2
CMP_003,HH_000441,Target,2026-05-24,1,0,0,0,0,0.0,1.2
CMP_003,HH_000442,Target,2026-05-23,1,1,1,1,0,0.0,1.2
CMP_003,HH_000443,Target,2026-05-08,1,0,0,0,0,0.0,1.2
CMP_003,HH_000444,Target,2026-05-22,1,0,0,0,0,0.0,1.2
CMP_003,HH_000445,Holdout,,0,,,0,0,0.0,0.0
CMP_003,HH_000446,Target,2026-05-18,1,1,1,1,0,0.0,1.2
CMP_003,HH_000447,Target,2026-05-22,1,1,0,0,0,0.0,1.2
CMP_003,HH_000448,Target,2026-05-22,1,0,0,0,0,0.0,1.2
CMP_003,HH_000449,Target,2026-05-28,1,0,0,0,0,0.0,1.2
CMP_003,HH_000450,Target,2026-05-19,1,0,0,0,0,0.0,1.2
CMP_003,HH_000451,Target,2026-05-11,1,0,0,0,0,0.0,1.2
CMP_003,HH_000453,Target,2026-05-07,1,0,0,0,0,0.0,1.2
CMP_003,HH_000454,Target,2026-05-20,1,0,0,0,0,0.0,1.2
CMP_003,HH_000455,Target,2026-05-13,1,1,0,0,0,0.0,1.2
CMP_003,HH_000456,Target,2026-05-07,1,0,0,0,0,0.0,1.2
CMP_003,HH_000458,Target,2026-05-20,1,0,0,0,0,0.0,1.2
CMP_003,HH_000461,Holdout,,0,,,0,0,0.0,0.0
CMP_003,HH_000462,Target,2026-05-16,1,0,0,0,0,0.0,1.2
CMP_003,HH_000463,Target,2026-05-20,1,0,0,0,0,0.0,1.2
CMP_003,HH_000464,Target,2026-05-12,1,1,1,1,0,0.0,1.2
CMP_003,HH_000466,Target,2026-05-13,1,0,0,0,0,0.0,1.2
CMP_003,HH_000467,Target,2026-05-17,1,0,0,0,0,0.0,1.2
CMP_003,HH_000468,Target,2026-05-05,1,0,0,0,0,0.0,1.2
CMP_003,HH_000469,Target,2026-05-28,0,,,0,0,0.0,1.2
CMP_003,HH_000470,Target,2026-05-10,1,1,0,0,0,0.0,1.2
CMP_003,HH_000471,Target,2026-05-14,1,0,0,0,0,0.0,1.2
CMP_003,HH_000472,Target,2026-05-18,1,0,0,0,0,0.0,1.2
CMP_003,HH_000473,Target,2026-05-19,1,0,0,0,0,0.0,1.2
CMP_003,HH_000476,Holdout,,0,,,0,0,0.0,0.0
CMP_003,HH_000477,Target,2026-05-26,1,0,0,0,0,0.0,1.2
CMP_003,HH_000478,Target,2026-05-07,1,1,0,0,0,0.0,1.2
CMP_003,HH_000480,Target,2026-05-27,1,1,0,0,0,0.0,1.2
CMP_003,HH_000481,Holdout,,0,,,0,0,0.0,0.0
CMP_003,HH_000482,Target,2026-05-14,1,0,0,0,0,0.0,1.2
CMP_003,HH_000483,Target,2026-05-13,1,0,0,0,0,0.0,1.2
CMP_003,HH_000484,Target,2026-05-26,1,0,0,0,0,0.0,1.2
CMP_003,HH_000485,Holdout,,0,,,0,0,0.0,0.0
CMP_003,HH_000486,Holdout,,0,,,0,0,0.0,0.0
CMP_003,HH_000487,Target,2026-05-25,1,0,0,0,0,0.0,1.2
CMP_003,HH_000488,Target,2026-05-08,1,1,0,0,0,0.0,1.2
CMP_003,HH_000490,Target,2026-05-20,1,0,0,0,0,0.0,1.2
CMP_003,HH_000491,Holdout,,0,,,0,0,0.0,0.0
CMP_003,HH_000492,Target,2026-05-13,1,0,0,0,0,0.0,1.2
CMP_003,HH_000493,Target,2026-05-21,1,0,0,0,0,0.0,1.2
CMP_003,HH_000494,Target,2026-05-06,1,0,0,0,0,0.0,1.2
CMP_003,HH_000495,Target,2026-05-06,1,0,0,0,0,0.0,1.2
CMP_003,HH_000496,Target,2026-05-27,1,1,0,0,0,0.0,1.2
CMP_003,HH_000498,Target,2026-05-27,1,0,0,0,0,0.0,1.2
CMP_003,HH_000502,Target,2026-05-04,1,0,0,0,0,0.0,1.2
CMP_003,HH_000503,Target,2026-05-08,1,1,1,1,0,0.0,1.2
CMP_003,HH_000506,Target,2026-05-25,1,1,0,0,0,0.0,1.2
CMP_003,HH_000508,Target,2026-05-10,1,0,0,0,0,0.0,1.2
CMP_003,HH_000509,Target,2026-05-23,1,0,0,0,0,0.0,1.2
CMP_003,HH_000510,Target,2026-05-06,1,0,0,0,0,0.0,1.2
CMP_003,HH_000513,Target,2026-05-13,1,1,0,0,0,0.0,1.2
CMP_003,HH_000514,Target,2026-05-18,1,1,0,0,0,0.0,1.2
CMP_003,HH_000515,Holdout,,0,,,0,0,0.0,0.0
CMP_003,HH_000516,Target,2026-05-28,1,0,0,0,0,0.0,1.2
CMP_003,HH_000520,Target,2026-05-22,1,0,0,0,0,0.0,1.2
CMP_003,HH_000521,Target,2026-05-19,1,0,0,0,0,0.0,1.2
CMP_003,HH_000522,Holdout,,0,,,0,0,0.0,0.0
CMP_003,HH_000523,Target,2026-05-19,1,1,1,1,0,0.0,1.2
CMP_003,HH_000524,Target,2026-05-16,1,0,0,0,0,0.0,1.2
CMP_003,HH_000526,Target,2026-05-06,1,0,0,0,0,0.0,1.2
CMP_003,HH_000527,Target,2026-05-06,0,,,0,0,0.0,1.2
CMP_003,HH_000529,Target,2026-05-19,1,1,0,0,0,0.0,1.2
CMP_003,HH_000530,Target,2026-05-09,1,0,0,0,0,0.0,1.2
CMP_003,HH_000531,Target,2026-05-28,1,1,0,0,0,0.0,1.2
CMP_003,HH_000532,Target,2026-05-09,1,0,0,0,0,0.0,1.2
CMP_003,HH_000535,Target,2026-05-29,1,0,0,0,0,0.0,1.2
CMP_003,HH_000536,Holdout,,0,,,0,0,0.0,0.0
CMP_003,HH_000538,Target,2026-05-24,1,0,0,0,0,0.0,1.2
CMP_003,HH_000540,Target,2026-05-04,1,0,0,0,0,0.0,1.2
CMP_003,HH_000542,Target,2026-05-17,1,1,0,0,0,0.0,1.2
CMP_003,HH_000543,Target,2026-05-11,1,1,0,0,0,0.0,1.2
CMP_003,HH_000544,Holdout,,0,,,0,0,0.0,0.0
CMP_003,HH_000546,Target,2026-05-24,1,1,0,1,0,0.0,1.2
CMP_003,HH_000547,Target,2026-05-23,1,0,0,0,0,0.0,1.2
CMP_003,HH_000549,Target,2026-05-22,1,1,1,1,0,0.0,1.2
CMP_003,HH_000550,Holdout,,0,,,0,0,0.0,0.0
CMP_003,HH_000551,Target,2026-05-23,1,1,1,1,0,0.0,1.2
CMP_003,HH_000552,Target,2026-05-18,1,0,0,0,0,0.0,1.2
CMP_003,HH_000554,Target,2026-05-28,1,0,0,0,0,0.0,1.2
CMP_003,HH_000555,Target,2026-05-27,1,0,0,0,0,0.0,1.2
CMP_003,HH_000556,Holdout,,0,,,0,0,0.0,0.0
CMP_003,HH_000557,Target,2026-05-08,1,0,0,0,0,0.0,1.2
CMP_003,HH_000558,Target,2026-05-04,1,0,0,0,0,0.0,1.2
CMP_003,HH_000560,Target,2026-05-22,1,0,0,0,0,0.0,1.2
CMP_003,HH_000563,Target,2026-05-18,1,1,1,1,0,0.0,1.2
CMP_003,HH_000564,Holdout,,0,,,0,0,0.0,0.0
CMP_003,HH_000565,Target,2026-05-19,1,0,0,0,0,0.0,1.2
CMP_003,HH_000566,Target,2026-05-28,1,0,0,0,0,0.0,1.2
CMP_003,HH_000567,Target,2026-05-21,1,1,1,1,0,0.0,1.2
CMP_003,HH_000569,Target,2026-05-13,1,1,0,0,0,0.0,1.2
CMP_003,HH_000570,Holdout,,0,,,0,0,0.0,0.0
CMP_003,HH_000574,Target,2026-05-20,1,1,0,1,0,0.0,1.2
CMP_003,HH_000575,Target,2026-05-23,1,0,0,0,0,0.0,1.2
CMP_003,HH_000576,Target,2026-05-21,1,0,0,0,0,0.0,1.2
CMP_003,HH_000577,Holdout,,0,,,0,0,0.0,0.0
CMP_003,HH_000578,Target,2026-05-24,1,0,0,0,0,0.0,1.2
CMP_003,HH_000579,Holdout,,0,,,0,0,0.0,0.0
CMP_003,HH_000580,Holdout,,0,,,0,0,0.0,0.0
CMP_003,HH_000583,Target,2026-05-16,1,1,0,0,0,0.0,1.2
CMP_003,HH_000585,Target,2026-05-13,1,1,1,1,0,0.0,1.2
CMP_003,HH_000586,Target,2026-05-23,1,0,0,0,0,0.0,1.2
CMP_003,HH_000587,Target,2026-05-19,1,0,0,0,0,0.0,1.2
CMP_003,HH_000588,Target,2026-05-11,1,0,0,0,0,0.0,1.2
CMP_003,HH_000589,Target,2026-05-11,1,0,0,0,0,0.0,1.2
CMP_003,HH_000591,Holdout,,0,,,0,0,0.0,0.0
CMP_003,HH_000592,Target,2026-05-25,1,1,0,0,0,0.0,1.2
CMP_003,HH_000593,Target,2026-05-13,1,0,0,0,0,0.0,1.2
CMP_003,HH_000594,Target,2026-05-18,1,1,1,1,0,0.0,1.2
CMP_003,HH_000595,Target,2026-05-28,1,0,0,0,0,0.0,1.2
CMP_003,HH_000598,Target,2026-05-16,0,,,0,0,0.0,1.2
CMP_003,HH_000599,Target,2026-05-24,1,0,0,0,0,0.0,1.2
CMP_003,HH_000600,Holdout,,0,,,0,0,0.0,0.0
CMP_003,HH_000601,Target,2026-05-07,1,1,0,0,0,0.0,1.2
CMP_003,HH_000602,Target,2026-05-19,1,0,0,0,0,0.0,1.2
CMP_003,HH_000604,Target,2026-05-28,1,0,0,0,0,0.0,1.2
CMP_003,HH_000607,Target,2026-05-20,1,0,0,0,0,0.0,1.2
CMP_003,HH_000608,Target,2026-05-04,1,1,0,0,0,0.0,1.2
CMP_003,HH_000609,Target,2026-05-07,1,0,0,0,0,0.0,1.2
CMP_003,HH_000610,Target,2026-05-22,1,0,0,0,0,0.0,1.2
CMP_003,HH_000611,Holdout,,0,,,0,0,0.0,0.0
CMP_003,HH_000612,Target,2026-05-07,1,0,0,0,0,0.0,1.2
CMP_003,HH_000613,Target,2026-05-25,1,0,0,0,0,0.0,1.2
CMP_003,HH_000614,Target,2026-05-05,1,0,0,0,0,0.0,1.2
CMP_003,HH_000615,Holdout,,0,,,0,0,0.0,0.0
CMP_003,HH_000617,Holdout,,0,,,0,0,0.0,0.0
CMP_003,HH_000619,Target,2026-05-04,1,1,1,1,0,0.0,1.2
CMP_003,HH_000621,Target,2026-05-17,1,0,0,0,0,0.0,1.2
CMP_003,HH_000623,Target,2026-05-25,1,0,0,0,0,0.0,1.2
CMP_003,HH_000624,Target,2026-05-05,1,0,0,0,0,0.0,1.2
CMP_003,HH_000626,Target,2026-05-09,1,1,0,0,0,0.0,1.2
CMP_003,HH_000627,Target,2026-05-09,1,0,0,0,0,0.0,1.2
CMP_003,HH_000628,Target,2026-05-27,1,0,0,0,0,0.0,1.2
CMP_003,HH_000629,Target,2026-05-27,1,1,0,0,0,0.0,1.2
CMP_003,HH_000631,Target,2026-05-26,1,0,0,0,0,0.0,1.2
CMP_003,HH_000633,Target,2026-05-09,1,0,0,0,0,0.0,1.2
CMP_003,HH_000634,Target,2026-05-20,1,0,0,0,0,0.0,1.2
CMP_003,HH_000635,Target,2026-05-16,1,0,0,0,0,0.0,1.2
CMP_003,HH_000636,Target,2026-05-25,1,0,0,0,0,0.0,1.2
CMP_003,HH_000637,Target,2026-05-16,1,1,0,0,0,0.0,1.2
CMP_003,HH_000638,Holdout,,0,,,0,0,0.0,0.0
CMP_003,HH_000639,Holdout,,0,,,0,0,0.0,0.0
CMP_003,HH_000642,Target,2026-05-08,1,0,0,0,0,0.0,1.2
CMP_003,HH_000643,Target,2026-05-11,1,1,1,1,0,0.0,1.2
CMP_003,HH_000644,Target,2026-05-11,1,0,0,0,0,0.0,1.2
CMP_003,HH_000645,Target,2026-05-21,1,0,0,0,0,0.0,1.2
CMP_003,HH_000647,Target,2026-05-22,1,0,0,0,0,0.0,1.2
CMP_003,HH_000650,Holdout,,0,,,0,0,0.0,0.0
CMP_003,HH_000651,Target,2026-05-29,1,1,0,0,0,0.0,1.2
CMP_003,HH_000652,Target,2026-05-26,1,1,0,1,0,0.0,1.2
CMP_003,HH_000653,Target,2026-05-29,1,0,0,0,0,0.0,1.2
CMP_003,HH_000654,Target,2026-05-23,1,0,0,0,0,0.0,1.2
CMP_003,HH_000655,Target,2026-05-11,0,,,0,0,0.0,1.2
CMP_003,HH_000656,Target,2026-05-05,1,0,0,0,0,0.0,1.2
CMP_003,HH_000657,Target,2026-05-09,1,1,0,0,0,0.0,1.2
CMP_003,HH_000658,Target,2026-05-06,1,0,0,0,0,0.0,1.2
CMP_003,HH_000659,Target,2026-05-27,1,1,0,0,0,0.0,1.2
CMP_003,HH_000660,Target,2026-05-25,1,0,0,0,0,0.0,1.2
CMP_003,HH_000663,Target,2026-05-22,1,0,0,0,0,0.0,1.2
CMP_003,HH_000664,Target,2026-05-25,1,0,0,0,0,0.0,1.2
CMP_003,HH_000665,Holdout,,0,,,0,0,0.0,0.0
CMP_003,HH_000666,Target,2026-05-06,1,0,0,0,0,0.0,1.2
CMP_003,HH_000668,Target,2026-05-11,1,0,0,0,0,0.0,1.2
CMP_003,HH_000670,Holdout,,0,,,0,0,0.0,0.0
CMP_003,HH_000672,Holdout,,0,,,0,0,0.0,0.0
CMP_003,HH_000673,Target,2026-05-26,1,0,0,0,0,0.0,1.2
CMP_003,HH_000674,Target,2026-05-08,1,0,0,0,0,0.0,1.2
CMP_003,HH_000677,Target,2026-05-17,1,0,0,0,0,0.0,1.2
CMP_003,HH_000678,Target,2026-05-11,1,0,0,0,0,0.0,1.2
CMP_003,HH_000679,Target,2026-05-07,1,0,0,0,0,0.0,1.2
CMP_003,HH_000680,Target,2026-05-05,0,,,0,0,0.0,1.2
CMP_003,HH_000683,Target,2026-05-04,1,0,0,0,0,0.0,1.2
CMP_003,HH_000689,Target,2026-05-04,1,0,0,0,0,0.0,1.2
CMP_003,HH_000690,Target,2026-05-09,1,1,0,1,0,0.0,1.2
CMP_003,HH_000691,Target,2026-05-08,1,0,0,0,0,0.0,1.2
CMP_003,HH_000692,Holdout,,0,,,0,0,0.0,0.0
CMP_003,HH_000693,Target,2026-05-18,1,1,1,1,0,0.0,1.2
CMP_003,HH_000694,Holdout,,0,,,0,0,0.0,0.0
CMP_003,HH_000696,Target,2026-05-15,1,0,0,0,0,0.0,1.2
CMP_003,HH_000698,Target,2026-05-10,1,0,0,0,0,0.0,1.2
CMP_003,HH_000699,Holdout,,0,,,0,0,0.0,0.0
CMP_003,HH_000702,Target,2026-05-18,1,0,0,0,0,0.0,1.2
CMP_003,HH_000705,Target,2026-05-08,1,1,0,0,0,0.0,1.2
CMP_003,HH_000706,Target,2026-05-19,1,0,0,0,0,0.0,1.2
CMP_003,HH_000707,Target,2026-05-07,1,0,0,0,0,0.0,1.2
CMP_003,HH_000710,Target,2026-05-22,1,0,0,0,0,0.0,1.2
CMP_003,HH_000711,Target,2026-05-10,1,0,0,0,0,0.0,1.2
CMP_003,HH_000712,Target,2026-05-24,1,0,0,0,0,0.0,1.2
CMP_003,HH_000713,Target,2026-05-07,1,1,0,0,0,0.0,1.2
CMP_003,HH_000714,Target,2026-05-25,1,0,0,0,0,0.0,1.2
CMP_003,HH_000715,Target,2026-05-13,1,0,0,0,0,0.0,1.2
CMP_003,HH_000716,Target,2026-05-14,1,0,0,0,0,0.0,1.2
CMP_003,HH_000719,Target,2026-05-10,1,0,0,0,0,0.0,1.2
CMP_003,HH_000720,Target,2026-05-17,1,0,0,0,0,0.0,1.2
CMP_003,HH_000721,Target,2026-05-26,1,1,1,1,0,0.0,1.2
CMP_003,HH_000722,Target,2026-05-14,1,1,1,1,0,0.0,1.2
CMP_003,HH_000723,Target,2026-05-16,1,1,0,1,0,0.0,1.2
CMP_003,HH_000724,Target,2026-05-14,1,0,0,0,0,0.0,1.2
CMP_003,HH_000725,Target,2026-05-16,1,1,1,1,0,0.0,1.2
CMP_003,HH_000729,Target,2026-05-17,1,0,0,0,0,0.0,1.2
CMP_003,HH_000730,Holdout,,0,,,0,0,0.0,0.0
CMP_003,HH_000731,Target,2026-05-17,1,0,0,0,0,0.0,1.2
CMP_003,HH_000735,Target,2026-05-10,1,0,0,0,0,0.0,1.2
CMP_003,HH_000736,Target,2026-05-16,1,1,0,0,0,0.0,1.2
CMP_003,HH_000737,Target,2026-05-09,1,0,0,0,0,0.0,1.2
CMP_003,HH_000738,Target,2026-05-27,1,1,0,0,0,0.0,1.2
CMP_003,HH_000741,Target,2026-05-22,1,0,0,0,0,0.0,1.2
CMP_003,HH_000744,Target,2026-05-10,1,0,0,0,0,0.0,1.2
CMP_003,HH_000745,Target,2026-05-05,1,0,0,0,0,0.0,1.2
CMP_003,HH_000747,Target,2026-05-09,1,1,0,0,0,0.0,1.2
CMP_003,HH_000748,Target,2026-05-18,1,0,0,1,1,2853.95,1.2
CMP_003,HH_000749,Target,2026-05-10,1,0,0,0,0,0.0,1.2
CMP_003,HH_000750,Target,2026-05-12,1,0,0,0,0,0.0,1.2
CMP_003,HH_000752,Target,2026-05-16,1,0,0,0,0,0.0,1.2
CMP_003,HH_000757,Target,2026-05-24,1,0,0,0,0,0.0,1.2
CMP_003,HH_000758,Target,2026-05-06,1,0,0,0,0,0.0,1.2
CMP_003,HH_000759,Target,2026-05-21,1,0,0,0,0,0.0,1.2
CMP_003,HH_000760,Target,2026-05-21,1,1,0,0,0,0.0,1.2
CMP_003,HH_000761,Target,2026-05-25,1,0,0,0,0,0.0,1.2
CMP_003,HH_000762,Target,2026-05-28,1,0,0,0,0,0.0,1.2
CMP_003,HH_000763,Target,2026-05-21,1,1,0,0,0,0.0,1.2
CMP_003,HH_000764,Target,2026-05-23,1,0,0,0,0,0.0,1.2
CMP_003,HH_000765,Target,2026-05-12,1,0,0,0,0,0.0,1.2
CMP_003,HH_000767,Target,2026-05-08,1,0,0,0,0,0.0,1.2
CMP_003,HH_000769,Target,2026-05-27,1,1,0,0,0,0.0,1.2
CMP_003,HH_000771,Target,2026-05-29,1,1,1,1,0,0.0,1.2
CMP_003,HH_000774,Holdout,,0,,,0,0,0.0,0.0
CMP_003,HH_000775,Target,2026-05-10,1,0,0,0,0,0.0,1.2
CMP_003,HH_000776,Target,2026-05-18,1,0,0,0,0,0.0,1.2
CMP_003,HH_000777,Target,2026-05-08,1,0,0,0,0,0.0,1.2
CMP_003,HH_000778,Target,2026-05-10,1,0,0,0,0,0.0,1.2
CMP_003,HH_000780,Target,2026-05-18,1,0,0,0,0,0.0,1.2
CMP_003,HH_000782,Target,2026-05-10,1,0,0,0,0,0.0,1.2
CMP_003,HH_000783,Target,2026-05-28,1,0,0,0,0,0.0,1.2
CMP_003,HH_000784,Target,2026-05-09,1,0,0,0,0,0.0,1.2
CMP_003,HH_000785,Target,2026-05-04,1,0,0,0,0,0.0,1.2
CMP_003,HH_000786,Target,2026-05-27,1,0,0,0,0,0.0,1.2
CMP_003,HH_000787,Target,2026-05-29,1,1,0,0,0,0.0,1.2
CMP_003,HH_000789,Target,2026-05-14,1,0,0,0,0,0.0,1.2
CMP_003,HH_000790,Target,2026-05-05,1,0,0,0,0,0.0,1.2
CMP_003,HH_000791,Target,2026-05-05,1,1,1,1,0,0.0,1.2
CMP_003,HH_000792,Target,2026-05-10,1,0,0,0,0,0.0,1.2
CMP_003,HH_000793,Target,2026-05-18,1,0,0,0,0,0.0,1.2
CMP_003,HH_000794,Target,2026-05-21,1,1,0,1,0,0.0,1.2
CMP_003,HH_000796,Holdout,,0,,,0,0,0.0,0.0
CMP_003,HH_000797,Target,2026-05-12,1,0,0,0,0,0.0,1.2
CMP_003,HH_000798,Holdout,,0,,,0,0,0.0,0.0
CMP_003,HH_000799,Target,2026-05-08,1,0,0,0,0,0.0,1.2
CMP_003,HH_000800,Target,2026-05-22,1,0,0,0,0,0.0,1.2
CMP_003,HH_000801,Holdout,,0,,,0,0,0.0,0.0
CMP_003,HH_000802,Holdout,,0,,,0,0,0.0,0.0
CMP_003,HH_000803,Target,2026-05-06,1,0,0,0,0,0.0,1.2
CMP_003,HH_000804,Target,2026-05-16,1,0,0,0,0,0.0,1.2
CMP_003,HH_000806,Holdout,,0,,,0,0,0.0,0.0
CMP_003,HH_000807,Target,2026-05-29,1,0,0,0,0,0.0,1.2
CMP_003,HH_000808,Target,2026-05-04,1,0,0,0,0,0.0,1.2
CMP_003,HH_000809,Holdout,,0,,,0,0,0.0,0.0
CMP_003,HH_000811,Target,2026-05-04,0,,,0,0,0.0,1.2
CMP_003,HH_000812,Target,2026-05-05,1,0,0,0,0,0.0,1.2
CMP_003,HH_000813,Target,2026-05-14,0,,,0,0,0.0,1.2
CMP_003,HH_000818,Target,2026-05-28,1,0,0,0,0,0.0,1.2
CMP_003,HH_000822,Target,2026-05-23,1,1,0,1,0,0.0,1.2
CMP_003,HH_000824,Target,2026-05-26,1,0,0,0,0,0.0,1.2
CMP_003,HH_000825,Target,2026-05-29,1,0,0,0,0,0.0,1.2
CMP_003,HH_000826,Target,2026-05-12,1,0,0,0,0,0.0,1.2
CMP_003,HH_000827,Target,2026-05-25,1,1,0,0,0,0.0,1.2
CMP_003,HH_000828,Target,2026-05-29,1,0,0,0,0,0.0,1.2
CMP_003,HH_000829,Target,2026-05-22,1,0,0,0,0,0.0,1.2
CMP_003,HH_000831,Holdout,,0,,,0,1,2575.37,0.0
CMP_003,HH_000832,Holdout,,0,,,0,0,0.0,0.0
CMP_003,HH_000833,Target,2026-05-18,1,0,0,0,0,0.0,1.2
CMP_003,HH_000835,Target,2026-05-05,1,0,0,0,0,0.0,1.2
CMP_003,HH_000836,Target,2026-05-06,1,0,0,0,0,0.0,1.2
CMP_003,HH_000838,Target,2026-05-10,1,1,1,1,0,0.0,1.2
CMP_003,HH_000842,Target,2026-05-10,1,0,0,0,0,0.0,1.2
CMP_003,HH_000844,Target,2026-05-27,1,0,0,0,0,0.0,1.2
CMP_003,HH_000845,Target,2026-05-04,1,1,0,0,0,0.0,1.2
CMP_003,HH_000846,Target,2026-05-07,1,0,0,0,0,0.0,1.2
CMP_003,HH_000847,Target,2026-05-11,1,1,0,0,0,0.0,1.2
CMP_003,HH_000849,Target,2026-05-17,1,0,0,0,0,0.0,1.2
CMP_003,HH_000851,Target,2026-05-25,1,1,0,1,0,0.0,1.2
CMP_003,HH_000852,Target,2026-05-23,1,0,0,0,0,0.0,1.2
CMP_003,HH_000853,Target,2026-05-18,1,1,0,0,0,0.0,1.2
CMP_003,HH_000854,Holdout,,0,,,0,0,0.0,0.0
CMP_003,HH_000857,Target,2026-05-12,1,0,0,0,0,0.0,1.2
CMP_003,HH_000858,Target,2026-05-15,1,0,0,0,0,0.0,1.2
CMP_003,HH_000859,Target,2026-05-10,0,,,0,0,0.0,1.2
CMP_003,HH_000860,Target,2026-05-26,1,0,0,0,0,0.0,1.2
CMP_003,HH_000861,Target,2026-05-16,1,0,0,0,0,0.0,1.2
CMP_003,HH_000862,Target,2026-05-28,1,0,0,0,0,0.0,1.2
CMP_003,HH_000863,Holdout,,0,,,0,0,0.0,0.0
CMP_003,HH_000865,Holdout,,0,,,0,0,0.0,0.0
CMP_003,HH_000866,Target,2026-05-09,1,1,0,1,0,0.0,1.2
CMP_003,HH_000869,Target,2026-05-10,1,1,0,0,0,0.0,1.2
CMP_003,HH_000872,Target,2026-05-19,1,0,0,0,0,0.0,1.2
CMP_003,HH_000873,Target,2026-05-19,1,0,0,0,0,0.0,1.2
CMP_003,HH_000876,Holdout,,0,,,0,0,0.0,0.0
CMP_003,HH_000877,Target,2026-05-11,1,0,0,0,0,0.0,1.2
CMP_003,HH_000879,Target,2026-05-13,1,0,0,0,0,0.0,1.2
CMP_003,HH_000880,Target,2026-05-23,1,1,1,1,0,0.0,1.2
CMP_003,HH_000882,Target,2026-05-08,1,0,0,0,0,0.0,1.2
CMP_003,HH_000883,Target,2026-05-17,1,1,0,0,0,0.0,1.2
CMP_003,HH_000884,Holdout,,0,,,0,0,0.0,0.0
CMP_003,HH_000886,Target,2026-05-14,1,0,0,0,0,0.0,1.2
CMP_003,HH_000887,Target,2026-05-14,1,0,0,0,0,0.0,1.2
CMP_003,HH_000888,Holdout,,0,,,0,0,0.0,0.0
CMP_003,HH_000889,Target,2026-05-22,1,0,0,1,1,1924.11,1.2
CMP_003,HH_000890,Target,2026-05-23,1,1,0,0,0,0.0,1.2
CMP_003,HH_000891,Holdout,,0,,,0,0,0.0,0.0
CMP_003,HH_000893,Target,2026-05-28,1,0,0,0,0,0.0,1.2
CMP_003,HH_000894,Target,2026-05-11,1,1,1,1,0,0.0,1.2
CMP_003,HH_000895,Target,2026-05-29,1,1,0,0,0,0.0,1.2
CMP_003,HH_000896,Target,2026-05-24,1,1,0,1,0,0.0,1.2
CMP_003,HH_000898,Target,2026-05-20,1,0,0,0,0,0.0,1.2
CMP_003,HH_000900,Target,2026-05-04,1,0,0,0,0,0.0,1.2
CMP_003,HH_000901,Target,2026-05-24,1,0,0,0,0,0.0,1.2
CMP_003,HH_000903,Target,2026-05-08,1,0,0,0,0,0.0,1.2
CMP_003,HH_000904,Target,2026-05-14,1,1,1,1,0,0.0,1.2
CMP_003,HH_000905,Target,2026-05-09,1,0,0,0,0,0.0,1.2
CMP_003,HH_000906,Target,2026-05-14,1,0,0,0,0,0.0,1.2
CMP_003,HH_000907,Target,2026-05-21,1,1,0,1,0,0.0,1.2
CMP_003,HH_000909,Target,2026-05-24,1,1,0,0,0,0.0,1.2
CMP_003,HH_000910,Target,2026-05-08,1,0,0,0,0,0.0,1.2
CMP_003,HH_000911,Target,2026-05-09,1,0,0,0,0,0.0,1.2
CMP_003,HH_000912,Target,2026-05-14,0,,,0,0,0.0,1.2
CMP_003,HH_000914,Target,2026-05-06,1,0,0,0,0,0.0,1.2
CMP_003,HH_000915,Target,2026-05-16,1,0,0,0,0,0.0,1.2
CMP_003,HH_000916,Target,2026-05-09,1,1,0,1,0,0.0,1.2
CMP_003,HH_000918,Target,2026-05-05,1,0,0,0,0,0.0,1.2
CMP_003,HH_000919,Target,2026-05-28,1,1,1,1,0,0.0,1.2
CMP_003,HH_000920,Target,2026-05-28,1,0,0,0,0,0.0,1.2
CMP_003,HH_000921,Target,2026-05-04,1,0,0,0,0,0.0,1.2
CMP_003,HH_000922,Target,2026-05-22,1,1,1,1,0,0.0,1.2
CMP_003,HH_000923,Target,2026-05-15,1,0,0,0,0,0.0,1.2
CMP_003,HH_000924,Target,2026-05-04,1,0,0,0,0,0.0,1.2
CMP_003,HH_000926,Target,2026-05-20,1,0,0,0,0,0.0,1.2
CMP_003,HH_000927,Target,2026-05-10,1,0,0,0,0,0.0,1.2
CMP_003,HH_000928,Target,2026-05-04,1,0,0,0,0,0.0,1.2
CMP_003,HH_000929,Target,2026-05-10,1,1,1,1,0,0.0,1.2
CMP_003,HH_000930,Target,2026-05-10,1,0,0,0,0,0.0,1.2
CMP_003,HH_000931,Target,2026-05-10,1,0,0,0,0,0.0,1.2
CMP_003,HH_000934,Target,2026-05-24,1,1,0,1,0,0.0,1.2
CMP_003,HH_000935,Target,2026-05-09,1,0,0,0,0,0.0,1.2
CMP_003,HH_000936,Holdout,,0,,,0,0,0.0,0.0
CMP_003,HH_000937,Holdout,,0,,,0,0,0.0,0.0
CMP_003,HH_000938,Target,2026-05-13,1,0,0,0,0,0.0,1.2
CMP_003,HH_000942,Holdout,,0,,,0,0,0.0,0.0
CMP_003,HH_000943,Target,2026-05-05,1,0,0,0,0,0.0,1.2
CMP_003,HH_000948,Holdout,,0,,,0,0,0.0,0.0
CMP_003,HH_000949,Target,2026-05-05,1,0,0,0,0,0.0,1.2
CMP_003,HH_000950,Holdout,,0,,,0,0,0.0,0.0
CMP_003,HH_000951,Target,2026-05-13,1,0,0,0,0,0.0,1.2
CMP_003,HH_000952,Target,2026-05-29,1,0,0,0,0,0.0,1.2
CMP_003,HH_000953,Target,2026-05-29,1,1,0,1,0,0.0,1.2
CMP_003,HH_000954,Target,2026-05-22,1,0,0,0,0,0.0,1.2
CMP_003,HH_000955,Target,2026-05-06,1,0,0,0,0,0.0,1.2
CMP_003,HH_000956,Target,2026-05-04,1,1,0,1,0,0.0,1.2
CMP_003,HH_000957,Target,2026-05-25,1,1,0,1,0,0.0,1.2
CMP_003,HH_000958,Target,2026-05-04,1,0,0,0,0,0.0,1.2
CMP_003,HH_000959,Target,2026-05-29,1,1,0,0,0,0.0,1.2
CMP_003,HH_000960,Target,2026-05-19,1,0,0,0,0,0.0,1.2
CMP_003,HH_000962,Target,2026-05-06,1,0,0,0,0,0.0,1.2
CMP_003,HH_000964,Target,2026-05-25,1,0,0,0,0,0.0,1.2
CMP_003,HH_000967,Target,2026-05-24,1,0,0,0,0,0.0,1.2
CMP_003,HH_000969,Target,2026-05-15,1,0,0,0,0,0.0,1.2
CMP_003,HH_000970,Target,2026-05-25,1,0,0,0,0,0.0,1.2
CMP_003,HH_000971,Target,2026-05-08,1,0,0,0,0,0.0,1.2
CMP_003,HH_000974,Target,2026-05-25,1,0,0,0,0,0.0,1.2
CMP_003,HH_000975,Target,2026-05-24,1,1,0,0,0,0.0,1.2
CMP_003,HH_000976,Holdout,,0,,,0,0,0.0,0.0
CMP_003,HH_000977,Target,2026-05-16,1,1,0,0,0,0.0,1.2
CMP_003,HH_000978,Target,2026-05-04,1,1,0,0,0,0.0,1.2
CMP_003,HH_000979,Target,2026-05-19,1,1,0,0,0,0.0,1.2
CMP_003,HH_000981,Target,2026-05-16,1,1,0,0,0,0.0,1.2
CMP_003,HH_000982,Target,2026-05-18,1,1,0,0,0,0.0,1.2
CMP_003,HH_000984,Holdout,,0,,,0,0,0.0,0.0
CMP_003,HH_000985,Target,2026-05-26,1,0,0,0,0,0.0,1.2
CMP_003,HH_000986,Target,2026-05-21,1,0,0,0,0,0.0,1.2
CMP_003,HH_000987,Target,2026-05-13,1,1,1,1,0,0.0,1.2
CMP_003,HH_000988,Target,2026-05-07,1,0,0,0,0,0.0,1.2
CMP_003,HH_000990,Target,2026-05-13,1,0,0,0,0,0.0,1.2
CMP_003,HH_000991,Target,2026-05-19,1,0,0,0,0,0.0,1.2
CMP_003,HH_000995,Target,2026-05-19,0,,,0,0,0.0,1.2
CMP_003,HH_000996,Target,2026-05-26,1,0,0,0,0,0.0,1.2
CMP_003,HH_000997,Target,2026-05-17,1,0,0,0,0,0.0,1.2
CMP_003,HH_001001,Target,2026-05-19,0,,,0,0,0.0,1.2
CMP_003,HH_001002,Holdout,,0,,,0,0,0.0,0.0
CMP_003,HH_001003,Target,2026-05-12,1,0,0,0,0,0.0,1.2
CMP_003,HH_001004,Target,2026-05-07,1,0,0,0,0,0.0,1.2
CMP_003,HH_001006,Target,2026-05-05,0,,,0,0,0.0,1.2
CMP_003,HH_001007,Target,2026-05-26,1,0,0,0,0,0.0,1.2
CMP_003,HH_001009,Target,2026-05-08,1,0,0,0,0,0.0,1.2
CMP_003,HH_001011,Target,2026-05-06,1,0,0,0,0,0.0,1.2
CMP_003,HH_001012,Target,2026-05-21,1,0,0,0,0,0.0,1.2
CMP_003,HH_001013,Target,2026-05-19,1,1,0,1,0,0.0,1.2
CMP_003,HH_001014,Target,2026-05-25,1,1,0,0,0,0.0,1.2
CMP_003,HH_001015,Target,2026-05-29,1,0,0,0,0,0.0,1.2
CMP_003,HH_001016,Target,2026-05-11,1,0,0,0,0,0.0,1.2
CMP_003,HH_001017,Target,2026-05-18,1,0,0,0,0,0.0,1.2
CMP_003,HH_001021,Target,2026-05-08,1,0,0,0,0,0.0,1.2
CMP_003,HH_001022,Target,2026-05-15,1,0,0,0,0,0.0,1.2
CMP_003,HH_001023,Target,2026-05-15,1,0,0,0,0,0.0,1.2
CMP_003,HH_001024,Target,2026-05-21,1,0,0,0,0,0.0,1.2
CMP_003,HH_001025,Target,2026-05-25,1,1,0,0,0,0.0,1.2
CMP_003,HH_001026,Holdout,,0,,,0,0,0.0,0.0
CMP_003,HH_001027,Target,2026-05-18,1,0,0,0,0,0.0,1.2
CMP_003,HH_001028,Target,2026-05-29,1,0,0,0,0,0.0,1.2
CMP_003,HH_001029,Target,2026-05-10,1,1,1,1,0,0.0,1.2
CMP_003,HH_001030,Target,2026-05-29,1,1,0,0,0,0.0,1.2
CMP_003,HH_001031,Target,2026-05-14,1,0,0,0,0,0.0,1.2
CMP_003,HH_001032,Target,2026-05-19,1,0,0,0,0,0.0,1.2
CMP_003,HH_001033,Target,2026-05-24,1,0,0,0,0,0.0,1.2
CMP_003,HH_001034,Target,2026-05-20,1,1,0,0,0,0.0,1.2
CMP_003,HH_001035,Target,2026-05-24,1,0,0,0,0,0.0,1.2
CMP_003,HH_001036,Target,2026-05-12,1,0,0,0,0,0.0,1.2
CMP_003,HH_001037,Target,2026-05-16,1,1,0,0,0,0.0,1.2
CMP_003,HH_001039,Target,2026-05-27,1,0,0,0,0,0.0,1.2
CMP_003,HH_001043,Holdout,,0,,,0,0,0.0,0.0
CMP_003,HH_001045,Holdout,,0,,,0,0,0.0,0.0
CMP_003,HH_001046,Target,2026-05-06,1,0,0,0,0,0.0,1.2
CMP_003,HH_001050,Target,2026-05-28,1,1,0,0,0,0.0,1.2
CMP_003,HH_001051,Target,2026-05-14,1,0,0,0,0,0.0,1.2
CMP_003,HH_001059,Target,2026-05-19,1,0,0,0,0,0.0,1.2
CMP_003,HH_001061,Holdout,,0,,,0,0,0.0,0.0
CMP_003,HH_001062,Holdout,,0,,,0,0,0.0,0.0
CMP_003,HH_001064,Target,2026-05-06,1,0,0,0,0,0.0,1.2
CMP_003,HH_001065,Target,2026-05-06,1,1,1,1,0,0.0,1.2
CMP_003,HH_001066,Target,2026-05-14,1,0,0,0,0,0.0,1.2
CMP_003,HH_001067,Target,2026-05-13,1,1,0,1,0,0.0,1.2
CMP_003,HH_001068,Target,2026-05-10,1,0,0,0,0,0.0,1.2
CMP_003,HH_001069,Target,2026-05-13,1,1,0,0,0,0.0,1.2
CMP_003,HH_001070,Target,2026-05-20,1,1,0,0,0,0.0,1.2
CMP_003,HH_001072,Target,2026-05-14,1,1,0,1,0,0.0,1.2
CMP_003,HH_001073,Target,2026-05-22,1,0,0,0,0,0.0,1.2
CMP_003,HH_001074,Target,2026-05-07,1,0,0,0,0,0.0,1.2
CMP_003,HH_001075,Holdout,,0,,,0,0,0.0,0.0
CMP_003,HH_001077,Holdout,,0,,,0,0,0.0,0.0
CMP_003,HH_001078,Holdout,,0,,,0,0,0.0,0.0
CMP_003,HH_001079,Target,2026-05-05,1,0,0,0,0,0.0,1.2
CMP_003,HH_001080,Target,2026-05-17,1,1,1,1,0,0.0,1.2
CMP_003,HH_001081,Target,2026-05-05,1,1,1,1,0,0.0,1.2
CMP_003,HH_001083,Target,2026-05-07,1,0,0,0,0,0.0,1.2
CMP_003,HH_001084,Target,2026-05-22,1,1,1,1,0,0.0,1.2
CMP_003,HH_001085,Target,2026-05-11,1,1,0,1,0,0.0,1.2
CMP_003,HH_001086,Target,2026-05-08,1,1,0,1,0,0.0,1.2
CMP_003,HH_001087,Holdout,,0,,,0,0,0.0,0.0
CMP_003,HH_001089,Target,2026-05-22,1,0,0,0,0,0.0,1.2
CMP_003,HH_001090,Target,2026-05-07,1,1,0,0,0,0.0,1.2
CMP_003,HH_001091,Holdout,,0,,,0,0,0.0,0.0
CMP_003,HH_001094,Target,2026-05-17,1,0,0,0,0,0.0,1.2
CMP_003,HH_001097,Target,2026-05-07,1,0,0,0,0,0.0,1.2
CMP_003,HH_001098,Target,2026-05-16,1,0,0,0,0,0.0,1.2
CMP_003,HH_001099,Target,2026-05-10,1,0,0,0,0,0.0,1.2
CMP_003,HH_001102,Target,2026-05-14,1,1,0,0,0,0.0,1.2
CMP_003,HH_001103,Target,2026-05-06,1,0,0,0,0,0.0,1.2
CMP_003,HH_001104,Target,2026-05-10,1,1,0,0,0,0.0,1.2
CMP_003,HH_001105,Holdout,,0,,,0,0,0.0,0.0
CMP_003,HH_001108,Holdout,,0,,,0,0,0.0,0.0
CMP_003,HH_001109,Target,2026-05-26,1,0,0,0,0,0.0,1.2
CMP_003,HH_001111,Target,2026-05-19,1,0,0,0,0,0.0,1.2
CMP_003,HH_001112,Target,2026-05-15,1,1,0,0,0,0.0,1.2
CMP_003,HH_001113,Target,2026-05-24,1,0,0,0,0,0.0,1.2
CMP_003,HH_001114,Target,2026-05-16,1,0,0,0,0,0.0,1.2
CMP_003,HH_001117,Target,2026-05-06,1,0,0,0,0,0.0,1.2
CMP_003,HH_001118,Target,2026-05-12,1,0,0,0,0,0.0,1.2
CMP_003,HH_001120,Holdout,,0,,,0,0,0.0,0.0
CMP_003,HH_001121,Target,2026-05-20,1,1,0,0,0,0.0,1.2
CMP_003,HH_001123,Target,2026-05-27,1,1,0,0,0,0.0,1.2
CMP_003,HH_001124,Target,2026-05-10,1,0,0,0,0,0.0,1.2
CMP_003,HH_001125,Target,2026-05-29,1,1,1,1,0,0.0,1.2
CMP_003,HH_001127,Target,2026-05-08,1,0,0,0,0,0.0,1.2
CMP_003,HH_001128,Target,2026-05-09,1,0,0,0,0,0.0,1.2
CMP_003,HH_001130,Target,2026-05-05,1,0,0,0,0,0.0,1.2
CMP_003,HH_001132,Target,2026-05-11,1,0,0,0,0,0.0,1.2
CMP_003,HH_001133,Target,2026-05-11,1,0,0,0,0,0.0,1.2
CMP_003,HH_001135,Target,2026-05-23,1,0,0,0,0,0.0,1.2
CMP_003,HH_001136,Target,2026-05-18,1,0,0,0,0,0.0,1.2
CMP_003,HH_001137,Target,2026-05-27,1,0,0,0,0,0.0,1.2
CMP_003,HH_001139,Holdout,,0,,,0,0,0.0,0.0
CMP_003,HH_001140,Target,2026-05-27,1,0,0,0,0,0.0,1.2
CMP_003,HH_001141,Holdout,,0,,,0,0,0.0,0.0
CMP_003,HH_001143,Target,2026-05-06,1,0,0,0,0,0.0,1.2
CMP_003,HH_001144,Target,2026-05-17,1,0,0,0,0,0.0,1.2
CMP_003,HH_001145,Target,2026-05-28,1,1,0,1,0,0.0,1.2
CMP_003,HH_001146,Holdout,,0,,,0,0,0.0,0.0
CMP_003,HH_001147,Target,2026-05-11,1,1,0,1,0,0.0,1.2
CMP_003,HH_001148,Target,2026-05-15,1,0,0,0,0,0.0,1.2
CMP_003,HH_001149,Target,2026-05-08,1,0,0,0,0,0.0,1.2
CMP_003,HH_001152,Target,2026-05-18,1,0,0,0,0,0.0,1.2
CMP_003,HH_001153,Holdout,,0,,,0,0,0.0,0.0
CMP_003,HH_001155,Target,2026-05-05,1,0,0,0,0,0.0,1.2
CMP_003,HH_001156,Target,2026-05-10,1,1,0,1,1,215.85,1.2
CMP_003,HH_001157,Target,2026-05-05,1,1,1,1,0,0.0,1.2
CMP_003,HH_001159,Target,2026-05-29,1,0,0,0,0,0.0,1.2
CMP_003,HH_001160,Target,2026-05-29,1,0,0,0,0,0.0,1.2
CMP_003,HH_001161,Target,2026-05-28,1,0,0,0,0,0.0,1.2
CMP_003,HH_001163,Target,2026-05-20,1,1,0,0,0,0.0,1.2
CMP_003,HH_001164,Target,2026-05-27,1,0,0,0,0,0.0,1.2
CMP_003,HH_001166,Target,2026-05-23,1,0,0,0,0,0.0,1.2
CMP_003,HH_001167,Target,2026-05-08,1,1,0,0,0,0.0,1.2
CMP_003,HH_001169,Target,2026-05-12,1,0,0,0,0,0.0,1.2
CMP_003,HH_001170,Holdout,,0,,,0,0,0.0,0.0
CMP_003,HH_001172,Target,2026-05-11,1,0,0,0,0,0.0,1.2
CMP_003,HH_001173,Holdout,,0,,,0,0,0.0,0.0
CMP_003,HH_001178,Target,2026-05-23,1,0,0,0,0,0.0,1.2
CMP_003,HH_001179,Target,2026-05-22,1,0,0,0,0,0.0,1.2
CMP_003,HH_001180,Target,2026-05-25,1,0,0,0,0,0.0,1.2
CMP_003,HH_001181,Target,2026-05-20,1,0,0,0,0,0.0,1.2
CMP_003,HH_001184,Target,2026-05-04,1,0,0,0,0,0.0,1.2
CMP_003,HH_001185,Holdout,,0,,,0,0,0.0,0.0
CMP_003,HH_001186,Holdout,,0,,,0,0,0.0,0.0
CMP_003,HH_001188,Target,2026-05-08,1,0,0,0,0,0.0,1.2
CMP_003,HH_001189,Target,2026-05-18,1,0,0,0,0,0.0,1.2
CMP_003,HH_001190,Target,2026-05-17,1,0,0,0,0,0.0,1.2
CMP_003,HH_001191,Target,2026-05-09,1,0,0,0,0,0.0,1.2
CMP_003,HH_001192,Target,2026-05-05,1,0,0,0,0,0.0,1.2
CMP_003,HH_001193,Target,2026-05-04,1,0,0,0,0,0.0,1.2
CMP_003,HH_001195,Target,2026-05-19,1,0,0,0,0,0.0,1.2
CMP_003,HH_001196,Target,2026-05-11,1,0,0,0,0,0.0,1.2
CMP_003,HH_001197,Target,2026-05-14,1,0,0,0,0,0.0,1.2
CMP_003,HH_001198,Target,2026-05-27,1,1,0,1,0,0.0,1.2
CMP_003,HH_001199,Holdout,,0,,,0,0,0.0,0.0
CMP_003,HH_001200,Holdout,,0,,,0,0,0.0,0.0
CMP_003,HH_001202,Target,2026-05-15,0,,,0,0,0.0,1.2
CMP_003,HH_001203,Target,2026-05-26,1,1,0,0,0,0.0,1.2
CMP_003,HH_001204,Target,2026-05-22,1,1,1,1,1,2829.61,1.2
CMP_003,HH_001207,Target,2026-05-19,1,1,0,0,0,0.0,1.2
CMP_003,HH_001210,Target,2026-05-06,1,0,0,0,0,0.0,1.2
CMP_003,HH_001211,Target,2026-05-20,1,1,0,1,0,0.0,1.2
CMP_003,HH_001212,Holdout,,0,,,0,0,0.0,0.0
CMP_003,HH_001213,Target,2026-05-20,1,0,0,0,0,0.0,1.2
CMP_003,HH_001214,Target,2026-05-11,1,0,0,0,0,0.0,1.2
CMP_003,HH_001217,Target,2026-05-18,1,1,1,1,0,0.0,1.2
CMP_003,HH_001219,Target,2026-05-07,1,0,0,0,0,0.0,1.2
CMP_003,HH_001220,Target,2026-05-14,1,0,0,0,0,0.0,1.2
CMP_003,HH_001221,Target,2026-05-07,1,0,0,0,0,0.0,1.2
CMP_003,HH_001222,Target,2026-05-13,1,0,0,0,0,0.0,1.2
CMP_003,HH_001223,Target,2026-05-09,1,0,0,0,0,0.0,1.2
CMP_003,HH_001224,Target,2026-05-29,1,1,1,1,0,0.0,1.2
CMP_003,HH_001225,Target,2026-05-26,1,0,0,0,0,0.0,1.2
CMP_003,HH_001227,Target,2026-05-26,1,0,0,0,0,0.0,1.2
CMP_003,HH_001228,Holdout,,0,,,0,0,0.0,0.0
CMP_003,HH_001229,Target,2026-05-12,1,0,0,0,0,0.0,1.2
CMP_003,HH_001231,Holdout,,0,,,0,0,0.0,0.0
CMP_003,HH_001232,Target,2026-05-12,1,0,0,0,0,0.0,1.2
CMP_003,HH_001234,Target,2026-05-24,1,0,0,0,0,0.0,1.2
CMP_003,HH_001235,Target,2026-05-07,1,0,0,0,0,0.0,1.2
CMP_003,HH_001237,Target,2026-05-14,1,0,0,0,0,0.0,1.2
CMP_003,HH_001240,Target,2026-05-16,1,0,0,0,0,0.0,1.2
CMP_003,HH_001242,Target,2026-05-17,1,0,0,0,0,0.0,1.2
CMP_003,HH_001244,Target,2026-05-22,1,0,0,0,0,0.0,1.2
CMP_003,HH_001246,Target,2026-05-14,1,1,0,1,0,0.0,1.2
CMP_003,HH_001248,Target,2026-05-18,1,0,0,0,0,0.0,1.2
CMP_003,HH_001249,Target,2026-05-22,1,1,1,1,0,0.0,1.2
CMP_003,HH_001250,Holdout,,0,,,0,0,0.0,0.0
CMP_003,HH_001252,Target,2026-05-04,1,0,0,1,1,2894.42,1.2
CMP_003,HH_001254,Target,2026-05-17,1,1,1,1,0,0.0,1.2
CMP_003,HH_001255,Target,2026-05-17,1,1,0,0,0,0.0,1.2
CMP_003,HH_001256,Target,2026-05-25,1,1,0,0,0,0.0,1.2
CMP_003,HH_001257,Target,2026-05-11,1,0,0,0,0,0.0,1.2
CMP_003,HH_001258,Target,2026-05-24,1,1,0,0,0,0.0,1.2
CMP_003,HH_001260,Holdout,,0,,,0,0,0.0,0.0
CMP_003,HH_001261,Target,2026-05-25,1,0,0,0,0,0.0,1.2
CMP_003,HH_001262,Target,2026-05-27,1,1,1,1,0,0.0,1.2
CMP_003,HH_001263,Target,2026-05-21,1,0,0,0,0,0.0,1.2
CMP_003,HH_001264,Target,2026-05-04,1,0,0,0,0,0.0,1.2
CMP_003,HH_001265,Target,2026-05-12,1,0,0,0,0,0.0,1.2
CMP_003,HH_001266,Target,2026-05-28,1,0,0,0,0,0.0,1.2
CMP_003,HH_001267,Target,2026-05-23,1,1,1,1,0,0.0,1.2
CMP_003,HH_001268,Target,2026-05-10,1,0,0,0,0,0.0,1.2
CMP_003,HH_001271,Target,2026-05-29,1,0,0,0,0,0.0,1.2
CMP_003,HH_001273,Holdout,,0,,,0,0,0.0,0.0
CMP_003,HH_001274,Target,2026-05-10,1,0,0,0,0,0.0,1.2
CMP_003,HH_001275,Target,2026-05-16,1,0,0,0,0,0.0,1.2
CMP_003,HH_001276,Target,2026-05-16,1,1,1,1,0,0.0,1.2
CMP_003,HH_001277,Target,2026-05-06,1,0,0,0,0,0.0,1.2
CMP_003,HH_001278,Target,2026-05-28,1,0,0,0,0,0.0,1.2
CMP_003,HH_001279,Target,2026-05-10,1,0,0,0,0,0.0,1.2
CMP_003,HH_001281,Target,2026-05-04,1,0,0,0,0,0.0,1.2
CMP_003,HH_001284,Target,2026-05-04,1,0,0,0,0,0.0,1.2
CMP_003,HH_001285,Target,2026-05-23,1,0,0,0,0,0.0,1.2
CMP_003,HH_001286,Target,2026-05-21,1,0,0,0,0,0.0,1.2
CMP_003,HH_001287,Target,2026-05-05,1,0,0,0,0,0.0,1.2
CMP_003,HH_001288,Target,2026-05-17,1,1,0,0,0,0.0,1.2
CMP_003,HH_001290,Holdout,,0,,,0,0,0.0,0.0
CMP_003,HH_001291,Target,2026-05-14,1,0,0,0,0,0.0,1.2
CMP_003,HH_001292,Holdout,,0,,,0,0,0.0,0.0
CMP_003,HH_001294,Target,2026-05-04,1,0,0,0,0,0.0,1.2
CMP_003,HH_001295,Target,2026-05-20,1,0,0,0,0,0.0,1.2
CMP_003,HH_001296,Target,2026-05-12,1,0,0,0,0,0.0,1.2
CMP_003,HH_001297,Target,2026-05-22,1,0,0,0,0,0.0,1.2
CMP_003,HH_001298,Target,2026-05-21,1,0,0,0,0,0.0,1.2
CMP_003,HH_001299,Target,2026-05-22,1,0,0,0,0,0.0,1.2
CMP_003,HH_001300,Holdout,,0,,,0,0,0.0,0.0
CMP_003,HH_001304,Target,2026-05-13,1,0,0,0,0,0.0,1.2
CMP_003,HH_001306,Target,2026-05-05,1,1,1,1,0,0.0,1.2
CMP_003,HH_001307,Target,2026-05-05,1,0,0,0,0,0.0,1.2
CMP_003,HH_001309,Target,2026-05-22,1,0,0,0,0,0.0,1.2
CMP_003,HH_001310,Target,2026-05-09,1,0,0,0,0,0.0,1.2
CMP_003,HH_001311,Holdout,,0,,,0,0,0.0,0.0
CMP_003,HH_001312,Target,2026-05-09,1,0,0,0,0,0.0,1.2
CMP_003,HH_001313,Target,2026-05-17,1,1,0,0,0,0.0,1.2
CMP_003,HH_001315,Target,2026-05-21,1,1,0,0,0,0.0,1.2
CMP_003,HH_001317,Target,2026-05-08,1,0,0,0,0,0.0,1.2
CMP_003,HH_001319,Holdout,,0,,,0,0,0.0,0.0
CMP_003,HH_001320,Holdout,,0,,,0,0,0.0,0.0
CMP_003,HH_001322,Target,2026-05-07,1,0,0,0,0,0.0,1.2
CMP_003,HH_001323,Target,2026-05-09,1,0,0,0,0,0.0,1.2
CMP_003,HH_001325,Holdout,,0,,,0,0,0.0,0.0
CMP_003,HH_001326,Target,2026-05-05,1,0,0,0,0,0.0,1.2
CMP_003,HH_001328,Target,2026-05-07,1,0,0,0,0,0.0,1.2
CMP_003,HH_001330,Target,2026-05-04,1,0,0,0,0,0.0,1.2
CMP_003,HH_001332,Target,2026-05-24,1,0,0,0,0,0.0,1.2
CMP_003,HH_001333,Target,2026-05-25,1,0,0,0,0,0.0,1.2
CMP_003,HH_001334,Target,2026-05-08,1,1,0,0,0,0.0,1.2
CMP_003,HH_001335,Target,2026-05-12,1,0,0,0,0,0.0,1.2
CMP_003,HH_001336,Target,2026-05-29,1,0,0,0,0,0.0,1.2
CMP_003,HH_001337,Target,2026-05-17,1,1,0,1,0,0.0,1.2
CMP_003,HH_001338,Target,2026-05-28,1,0,0,0,0,0.0,1.2
CMP_003,HH_001339,Target,2026-05-18,1,0,0,0,0,0.0,1.2
CMP_003,HH_001340,Target,2026-05-12,1,1,1,1,0,0.0,1.2
CMP_003,HH_001341,Target,2026-05-19,1,0,0,0,0,0.0,1.2
CMP_003,HH_001343,Target,2026-05-08,1,1,0,0,0,0.0,1.2
CMP_003,HH_001344,Target,2026-05-29,1,0,0,0,0,0.0,1.2
CMP_003,HH_001345,Target,2026-05-07,1,1,0,0,0,0.0,1.2
CMP_003,HH_001348,Target,2026-05-23,1,0,0,0,0,0.0,1.2
CMP_003,HH_001349,Holdout,,0,,,0,0,0.0,0.0
CMP_003,HH_001350,Target,2026-05-14,1,0,0,0,0,0.0,1.2
CMP_003,HH_001353,Target,2026-05-19,1,0,0,0,0,0.0,1.2
CMP_003,HH_001354,Target,2026-05-12,1,0,0,0,0,0.0,1.2
CMP_003,HH_001355,Target,2026-05-23,1,0,0,0,0,0.0,1.2
CMP_003,HH_001356,Target,2026-05-11,1,0,0,0,0,0.0,1.2
CMP_003,HH_001357,Target,2026-05-21,1,1,1,1,0,0.0,1.2
CMP_003,HH_001358,Target,2026-05-22,1,0,0,0,0,0.0,1.2
CMP_003,HH_001359,Holdout,,0,,,0,0,0.0,0.0
CMP_003,HH_001361,Holdout,,0,,,0,0,0.0,0.0
CMP_003,HH_001362,Holdout,,0,,,0,0,0.0,0.0
CMP_003,HH_001364,Target,2026-05-07,1,1,1,1,0,0.0,1.2
CMP_003,HH_001365,Target,2026-05-22,1,0,0,0,0,0.0,1.2
CMP_003,HH_001366,Target,2026-05-23,1,1,0,0,0,0.0,1.2
CMP_003,HH_001368,Target,2026-05-05,1,0,0,0,0,0.0,1.2
CMP_003,HH_001370,Target,2026-05-27,1,1,0,1,0,0.0,1.2
CMP_003,HH_001371,Target,2026-05-06,1,0,0,0,0,0.0,1.2
CMP_003,HH_001372,Target,2026-05-26,1,0,0,0,0,0.0,1.2
CMP_003,HH_001373,Target,2026-05-04,1,0,0,0,0,0.0,1.2
CMP_003,HH_001374,Target,2026-05-10,1,1,1,1,0,0.0,1.2
CMP_003,HH_001378,Target,2026-05-10,1,0,0,0,0,0.0,1.2
CMP_003,HH_001379,Target,2026-05-23,1,1,1,1,0,0.0,1.2
CMP_003,HH_001380,Target,2026-05-28,1,1,0,1,0,0.0,1.2
CMP_003,HH_001381,Holdout,,0,,,0,1,393.45,0.0
CMP_003,HH_001383,Target,2026-05-17,1,1,0,1,0,0.0,1.2
CMP_003,HH_001384,Target,2026-05-09,1,1,0,0,0,0.0,1.2
CMP_003,HH_001385,Holdout,,0,,,0,0,0.0,0.0
CMP_003,HH_001386,Holdout,,0,,,0,0,0.0,0.0
CMP_003,HH_001388,Target,2026-05-21,0,,,0,0,0.0,1.2
CMP_003,HH_001389,Target,2026-05-18,1,0,0,0,0,0.0,1.2
CMP_003,HH_001390,Target,2026-05-12,1,0,0,0,0,0.0,1.2
CMP_003,HH_001391,Target,2026-05-10,1,1,0,0,0,0.0,1.2
CMP_003,HH_001392,Holdout,,0,,,0,0,0.0,0.0
CMP_003,HH_001394,Holdout,,0,,,0,0,0.0,0.0
CMP_003,HH_001395,Holdout,,0,,,0,0,0.0,0.0
CMP_003,HH_001396,Holdout,,0,,,0,0,0.0,0.0
CMP_003,HH_001397,Target,2026-05-21,1,0,0,0,0,0.0,1.2
CMP_003,HH_001398,Target,2026-05-23,1,0,0,0,0,0.0,1.2
CMP_003,HH_001399,Target,2026-05-20,1,0,0,0,0,0.0,1.2
CMP_003,HH_001401,Target,2026-05-09,1,1,0,1,0,0.0,1.2
CMP_003,HH_001402,Target,2026-05-06,1,0,0,0,0,0.0,1.2
CMP_003,HH_001403,Target,2026-05-21,1,1,0,0,0,0.0,1.2
CMP_003,HH_001404,Holdout,,0,,,0,0,0.0,0.0
CMP_003,HH_001405,Target,2026-05-25,1,0,0,0,0,0.0,1.2
CMP_003,HH_001407,Target,2026-05-09,1,0,0,0,0,0.0,1.2
CMP_003,HH_001408,Target,2026-05-10,1,0,0,0,0,0.0,1.2
CMP_003,HH_001409,Target,2026-05-24,1,0,0,0,0,0.0,1.2
CMP_003,HH_001411,Target,2026-05-27,1,1,0,1,0,0.0,1.2
CMP_003,HH_001412,Holdout,,0,,,0,0,0.0,0.0
CMP_003,HH_001414,Target,2026-05-08,1,0,0,0,0,0.0,1.2
CMP_003,HH_001415,Target,2026-05-28,1,1,1,1,0,0.0,1.2
CMP_003,HH_001416,Target,2026-05-14,1,0,0,0,0,0.0,1.2
CMP_003,HH_001417,Target,2026-05-23,1,1,0,0,0,0.0,1.2
CMP_003,HH_001419,Target,2026-05-27,1,0,0,0,0,0.0,1.2
CMP_003,HH_001420,Target,2026-05-11,1,0,0,0,0,0.0,1.2
CMP_003,HH_001423,Target,2026-05-15,0,,,0,0,0.0,1.2
CMP_003,HH_001424,Target,2026-05-09,1,0,0,0,0,0.0,1.2
CMP_003,HH_001425,Target,2026-05-24,1,0,0,0,0,0.0,1.2
CMP_003,HH_001426,Target,2026-05-23,1,0,0,0,0,0.0,1.2
CMP_003,HH_001427,Target,2026-05-23,1,0,0,0,0,0.0,1.2
CMP_003,HH_001429,Holdout,,0,,,0,0,0.0,0.0
CMP_003,HH_001430,Target,2026-05-07,1,0,0,0,0,0.0,1.2
CMP_003,HH_001431,Target,2026-05-20,1,0,0,0,0,0.0,1.2
CMP_003,HH_001433,Target,2026-05-24,1,1,0,0,0,0.0,1.2
CMP_003,HH_001434,Target,2026-05-28,1,1,0,1,0,0.0,1.2
CMP_003,HH_001436,Target,2026-05-16,1,0,0,0,0,0.0,1.2
CMP_003,HH_001437,Target,2026-05-25,1,0,0,0,0,0.0,1.2
CMP_003,HH_001439,Target,2026-05-17,1,0,0,0,0,0.0,1.2
CMP_003,HH_001440,Target,2026-05-17,1,1,0,1,0,0.0,1.2
CMP_003,HH_001441,Holdout,,0,,,0,0,0.0,0.0
CMP_003,HH_001442,Holdout,,0,,,0,0,0.0,0.0
CMP_003,HH_001444,Target,2026-05-05,1,1,0,0,0,0.0,1.2
CMP_003,HH_001446,Target,2026-05-10,1,0,0,0,0,0.0,1.2
CMP_003,HH_001447,Target,2026-05-16,1,1,0,0,0,0.0,1.2
CMP_003,HH_001450,Holdout,,0,,,0,0,0.0,0.0
CMP_003,HH_001451,Target,2026-05-07,1,0,0,0,0,0.0,1.2
CMP_003,HH_001453,Target,2026-05-12,1,0,0,0,0,0.0,1.2
CMP_003,HH_001456,Target,2026-05-05,1,0,0,0,0,0.0,1.2
CMP_003,HH_001458,Target,2026-05-13,1,1,0,0,0,0.0,1.2
CMP_003,HH_001461,Target,2026-05-12,1,0,0,0,0,0.0,1.2
CMP_003,HH_001462,Target,2026-05-29,1,1,1,1,0,0.0,1.2
CMP_003,HH_001463,Target,2026-05-27,1,0,0,0,0,0.0,1.2
CMP_003,HH_001464,Target,2026-05-11,0,,,0,0,0.0,1.2
CMP_003,HH_001465,Target,2026-05-10,1,0,0,0,0,0.0,1.2
CMP_003,HH_001466,Target,2026-05-05,0,,,0,0,0.0,1.2
CMP_003,HH_001468,Holdout,,0,,,0,0,0.0,0.0
CMP_003,HH_001470,Holdout,,0,,,0,0,0.0,0.0
CMP_003,HH_001471,Target,2026-05-14,1,0,0,0,0,0.0,1.2
CMP_003,HH_001472,Holdout,,0,,,0,0,0.0,0.0
CMP_003,HH_001473,Target,2026-05-04,1,1,1,1,0,0.0,1.2
CMP_003,HH_001474,Holdout,,0,,,0,0,0.0,0.0
CMP_003,HH_001475,Target,2026-05-08,1,0,0,0,0,0.0,1.2
CMP_003,HH_001479,Target,2026-05-14,1,0,0,0,0,0.0,1.2
CMP_003,HH_001480,Target,2026-05-23,1,1,0,1,0,0.0,1.2
CMP_003,HH_001481,Target,2026-05-15,1,0,0,0,0,0.0,1.2
CMP_003,HH_001482,Holdout,,0,,,0,0,0.0,0.0
CMP_003,HH_001483,Target,2026-05-24,1,0,0,0,0,0.0,1.2
CMP_003,HH_001484,Target,2026-05-16,1,0,0,0,0,0.0,1.2
CMP_003,HH_001486,Target,2026-05-17,1,1,0,1,0,0.0,1.2
CMP_003,HH_001487,Target,2026-05-11,1,0,0,0,0,0.0,1.2
CMP_003,HH_001488,Target,2026-05-05,1,0,0,0,0,0.0,1.2
CMP_003,HH_001489,Target,2026-05-17,1,0,0,0,0,0.0,1.2
CMP_003,HH_001490,Target,2026-05-29,1,1,0,0,0,0.0,1.2
CMP_003,HH_001491,Target,2026-05-26,1,1,0,0,0,0.0,1.2
CMP_003,HH_001492,Holdout,,0,,,0,0,0.0,0.0
CMP_003,HH_001493,Target,2026-05-15,1,0,0,0,0,0.0,1.2
CMP_003,HH_001494,Target,2026-05-04,1,0,0,0,0,0.0,1.2
CMP_003,HH_001497,Target,2026-05-10,1,1,1,1,0,0.0,1.2
CMP_003,HH_001498,Holdout,,0,,,0,0,0.0,0.0
CMP_003,HH_001500,Target,2026-05-22,1,1,0,0,0,0.0,1.2
CMP_003,HH_001501,Target,2026-05-10,1,0,0,0,0,0.0,1.2
CMP_003,HH_001502,Target,2026-05-07,1,1,0,1,1,1961.18,1.2
CMP_003,HH_001503,Target,2026-05-13,1,1,0,0,0,0.0,1.2
CMP_003,HH_001504,Target,2026-05-10,1,1,0,1,0,0.0,1.2
CMP_003,HH_001506,Target,2026-05-26,1,1,0,0,0,0.0,1.2
CMP_003,HH_001509,Target,2026-05-13,1,1,1,1,1,2989.8,1.2
CMP_003,HH_001510,Holdout,,0,,,0,0,0.0,0.0
CMP_003,HH_001513,Target,2026-05-23,1,0,0,0,0,0.0,1.2
CMP_003,HH_001514,Target,2026-05-28,1,0,0,0,0,0.0,1.2
CMP_003,HH_001515,Target,2026-05-27,1,0,0,0,0,0.0,1.2
CMP_003,HH_001516,Holdout,,0,,,0,0,0.0,0.0
CMP_003,HH_001517,Target,2026-05-15,1,0,0,0,0,0.0,1.2
CMP_003,HH_001518,Target,2026-05-22,1,1,1,1,0,0.0,1.2
CMP_003,HH_001519,Target,2026-05-10,1,0,0,0,0,0.0,1.2
CMP_003,HH_001520,Target,2026-05-29,1,0,0,0,0,0.0,1.2
CMP_003,HH_001521,Target,2026-05-16,1,0,0,0,0,0.0,1.2
CMP_003,HH_001522,Target,2026-05-04,1,0,0,0,0,0.0,1.2
CMP_003,HH_001523,Target,2026-05-28,1,0,0,0,0,0.0,1.2
CMP_003,HH_001524,Target,2026-05-10,1,0,0,0,0,0.0,1.2
CMP_003,HH_001525,Target,2026-05-11,1,0,0,0,0,0.0,1.2
CMP_003,HH_001526,Holdout,,0,,,0,0,0.0,0.0
CMP_003,HH_001527,Target,2026-05-21,1,0,0,0,0,0.0,1.2
CMP_003,HH_001528,Holdout,,0,,,0,0,0.0,0.0
CMP_003,HH_001529,Holdout,,0,,,0,0,0.0,0.0
CMP_003,HH_001530,Target,2026-05-23,1,0,0,1,1,2570.09,1.2
CMP_003,HH_001531,Target,2026-05-28,1,0,0,0,0,0.0,1.2
CMP_003,HH_001532,Target,2026-05-29,1,0,0,0,0,0.0,1.2
CMP_003,HH_001533,Target,2026-05-10,1,1,0,0,0,0.0,1.2
CMP_003,HH_001534,Target,2026-05-10,1,0,0,0,0,0.0,1.2
CMP_003,HH_001537,Target,2026-05-07,1,0,0,0,0,0.0,1.2
CMP_003,HH_001540,Target,2026-05-11,1,0,0,0,0,0.0,1.2
CMP_003,HH_001541,Target,2026-05-05,1,0,0,0,0,0.0,1.2
CMP_003,HH_001543,Target,2026-05-04,1,1,0,0,0,0.0,1.2
CMP_003,HH_001544,Holdout,,0,,,0,0,0.0,0.0
CMP_003,HH_001545,Target,2026-05-20,1,0,0,0,0,0.0,1.2
CMP_003,HH_001547,Target,2026-05-04,1,1,1,1,0,0.0,1.2
CMP_003,HH_001548,Target,2026-05-13,1,0,0,0,0,0.0,1.2
CMP_003,HH_001549,Target,2026-05-17,1,0,0,0,0,0.0,1.2
CMP_003,HH_001550,Target,2026-05-18,1,0,0,0,0,0.0,1.2
CMP_003,HH_001551,Target,2026-05-24,1,0,0,1,1,1889.59,1.2
CMP_003,HH_001552,Target,2026-05-09,1,1,0,0,0,0.0,1.2
CMP_003,HH_001553,Target,2026-05-08,1,0,0,0,0,0.0,1.2
CMP_003,HH_001556,Target,2026-05-19,1,0,0,0,0,0.0,1.2
CMP_003,HH_001557,Holdout,,0,,,0,0,0.0,0.0
CMP_003,HH_001558,Target,2026-05-06,1,0,0,0,0,0.0,1.2
CMP_003,HH_001559,Target,2026-05-21,1,1,0,0,0,0.0,1.2
CMP_003,HH_001560,Target,2026-05-14,1,0,0,0,0,0.0,1.2
CMP_003,HH_001561,Target,2026-05-16,1,1,0,1,0,0.0,1.2
CMP_003,HH_001563,Target,2026-05-09,1,0,0,0,0,0.0,1.2
CMP_003,HH_001564,Target,2026-05-11,1,0,0,0,0,0.0,1.2
CMP_003,HH_001565,Target,2026-05-08,1,0,0,0,0,0.0,1.2
CMP_003,HH_001567,Holdout,,0,,,0,0,0.0,0.0
CMP_003,HH_001570,Target,2026-05-21,1,1,1,1,0,0.0,1.2
CMP_003,HH_001571,Holdout,,0,,,0,0,0.0,0.0
CMP_003,HH_001572,Target,2026-05-20,1,1,0,1,0,0.0,1.2
CMP_003,HH_001573,Target,2026-05-25,1,1,1,1,0,0.0,1.2
CMP_003,HH_001574,Target,2026-05-18,1,0,0,0,0,0.0,1.2
CMP_003,HH_001577,Target,2026-05-06,1,1,1,1,0,0.0,1.2
CMP_003,HH_001579,Target,2026-05-21,1,0,0,0,0,0.0,1.2
CMP_003,HH_001581,Target,2026-05-17,1,1,0,0,0,0.0,1.2
CMP_003,HH_001583,Target,2026-05-11,1,0,0,0,0,0.0,1.2
CMP_003,HH_001584,Target,2026-05-11,1,0,0,0,0,0.0,1.2
CMP_003,HH_001585,Target,2026-05-14,1,0,0,0,0,0.0,1.2
CMP_003,HH_001586,Target,2026-05-27,1,1,0,0,0,0.0,1.2
CMP_003,HH_001587,Target,2026-05-07,1,0,0,0,0,0.0,1.2
CMP_003,HH_001589,Target,2026-05-11,1,0,0,0,0,0.0,1.2
CMP_003,HH_001590,Target,2026-05-04,1,0,0,1,1,1989.37,1.2
CMP_003,HH_001591,Target,2026-05-09,1,0,0,0,0,0.0,1.2
CMP_003,HH_001592,Target,2026-05-16,1,0,0,0,0,0.0,1.2
CMP_003,HH_001597,Target,2026-05-18,1,0,0,0,0,0.0,1.2
CMP_003,HH_001598,Target,2026-05-06,1,0,0,0,0,0.0,1.2
CMP_003,HH_001602,Target,2026-05-08,0,,,0,0,0.0,1.2
CMP_003,HH_001603,Target,2026-05-18,1,0,0,0,0,0.0,1.2
CMP_003,HH_001604,Target,2026-05-25,1,0,0,0,0,0.0,1.2
CMP_003,HH_001605,Target,2026-05-21,1,0,0,0,0,0.0,1.2
CMP_003,HH_001607,Target,2026-05-14,1,0,0,0,0,0.0,1.2
CMP_003,HH_001609,Target,2026-05-21,1,0,0,0,0,0.0,1.2
CMP_003,HH_001610,Target,2026-05-13,1,0,0,0,0,0.0,1.2
CMP_003,HH_001611,Target,2026-05-23,1,0,0,0,0,0.0,1.2
CMP_003,HH_001613,Target,2026-05-18,1,0,0,0,0,0.0,1.2
CMP_003,HH_001614,Holdout,,0,,,0,0,0.0,0.0
CMP_003,HH_001617,Target,2026-05-09,1,1,0,0,0,0.0,1.2
CMP_003,HH_001620,Target,2026-05-09,0,,,0,0,0.0,1.2
CMP_003,HH_001621,Target,2026-05-12,1,0,0,0,0,0.0,1.2
CMP_003,HH_001623,Target,2026-05-25,1,0,0,0,0,0.0,1.2
CMP_003,HH_001624,Target,2026-05-08,1,0,0,0,0,0.0,1.2
CMP_003,HH_001625,Target,2026-05-08,1,0,0,0,0,0.0,1.2
CMP_003,HH_001626,Target,2026-05-27,1,1,0,0,0,0.0,1.2
CMP_003,HH_001628,Target,2026-05-24,1,0,0,0,0,0.0,1.2
CMP_003,HH_001629,Target,2026-05-25,1,0,0,0,0,0.0,1.2
CMP_003,HH_001630,Holdout,,0,,,0,0,0.0,0.0
CMP_003,HH_001633,Target,2026-05-04,1,0,0,0,0,0.0,1.2
CMP_003,HH_001635,Holdout,,0,,,0,0,0.0,0.0
CMP_003,HH_001636,Holdout,,0,,,0,0,0.0,0.0
CMP_003,HH_001637,Target,2026-05-16,1,0,0,0,0,0.0,1.2
CMP_003,HH_001638,Target,2026-05-24,1,1,0,0,0,0.0,1.2
CMP_003,HH_001639,Target,2026-05-11,1,0,0,0,0,0.0,1.2
CMP_003,HH_001640,Holdout,,0,,,0,0,0.0,0.0
CMP_003,HH_001641,Target,2026-05-06,1,0,0,0,0,0.0,1.2
CMP_003,HH_001642,Target,2026-05-27,1,0,0,0,0,0.0,1.2
CMP_003,HH_001643,Holdout,,0,,,0,0,0.0,0.0
CMP_003,HH_001644,Target,2026-05-22,1,1,0,0,0,0.0,1.2
CMP_003,HH_001645,Target,2026-05-20,1,1,0,1,0,0.0,1.2
CMP_003,HH_001646,Target,2026-05-16,1,0,0,0,0,0.0,1.2
CMP_003,HH_001647,Target,2026-05-19,1,0,0,0,0,0.0,1.2
CMP_003,HH_001648,Target,2026-05-13,1,0,0,0,0,0.0,1.2
CMP_003,HH_001650,Target,2026-05-22,1,1,0,0,0,0.0,1.2
CMP_003,HH_001651,Target,2026-05-26,1,1,1,1,0,0.0,1.2
CMP_003,HH_001652,Target,2026-05-16,1,0,0,0,0,0.0,1.2
CMP_003,HH_001653,Target,2026-05-14,1,1,1,1,0,0.0,1.2
CMP_003,HH_001654,Target,2026-05-17,1,0,0,0,0,0.0,1.2
CMP_003,HH_001656,Target,2026-05-17,1,0,0,0,0,0.0,1.2
CMP_003,HH_001657,Target,2026-05-08,1,0,0,0,0,0.0,1.2
CMP_003,HH_001658,Target,2026-05-29,1,1,0,0,0,0.0,1.2
CMP_003,HH_001659,Target,2026-05-26,0,,,0,0,0.0,1.2
CMP_003,HH_001661,Target,2026-05-05,1,0,0,0,0,0.0,1.2
CMP_003,HH_001663,Target,2026-05-15,1,1,0,0,0,0.0,1.2
CMP_003,HH_001664,Target,2026-05-08,1,0,0,0,0,0.0,1.2
CMP_003,HH_001666,Holdout,,0,,,0,0,0.0,0.0
CMP_003,HH_001667,Holdout,,0,,,0,0,0.0,0.0
CMP_003,HH_001668,Target,2026-05-21,1,0,0,0,0,0.0,1.2
CMP_003,HH_001669,Target,2026-05-14,1,0,0,0,0,0.0,1.2
CMP_003,HH_001670,Holdout,,0,,,0,0,0.0,0.0
CMP_003,HH_001671,Target,2026-05-15,1,0,0,0,0,0.0,1.2
CMP_003,HH_001672,Target,2026-05-09,1,0,0,0,0,0.0,1.2
CMP_003,HH_001673,Target,2026-05-06,1,0,0,0,0,0.0,1.2
CMP_003,HH_001674,Target,2026-05-04,1,0,0,0,0,0.0,1.2
CMP_003,HH_001676,Target,2026-05-11,1,0,0,0,0,0.0,1.2
CMP_003,HH_001678,Target,2026-05-24,1,0,0,0,0,0.0,1.2
CMP_003,HH_001679,Target,2026-05-14,1,1,1,1,0,0.0,1.2
CMP_003,HH_001683,Target,2026-05-24,1,0,0,0,0,0.0,1.2
CMP_003,HH_001685,Target,2026-05-13,1,0,0,0,0,0.0,1.2
CMP_003,HH_001686,Target,2026-05-26,1,0,0,0,0,0.0,1.2
CMP_003,HH_001688,Holdout,,0,,,0,0,0.0,0.0
CMP_003,HH_001689,Target,2026-05-18,1,0,0,0,0,0.0,1.2
CMP_003,HH_001693,Target,2026-05-08,1,0,0,0,0,0.0,1.2
CMP_003,HH_001694,Target,2026-05-15,1,1,0,1,0,0.0,1.2
CMP_003,HH_001695,Target,2026-05-29,1,0,0,0,0,0.0,1.2
CMP_003,HH_001696,Target,2026-05-10,1,0,0,0,0,0.0,1.2
CMP_003,HH_001698,Target,2026-05-23,1,1,0,1,1,997.67,1.2
CMP_003,HH_001699,Target,2026-05-09,1,1,0,0,0,0.0,1.2
CMP_003,HH_001703,Target,2026-05-26,1,1,0,0,0,0.0,1.2
CMP_003,HH_001706,Target,2026-05-27,1,0,0,0,0,0.0,1.2
CMP_003,HH_001708,Target,2026-05-08,1,0,0,0,0,0.0,1.2
CMP_003,HH_001709,Target,2026-05-20,1,0,0,0,0,0.0,1.2
CMP_003,HH_001710,Target,2026-05-25,1,0,0,0,0,0.0,1.2
CMP_003,HH_001711,Target,2026-05-09,1,0,0,0,0,0.0,1.2
CMP_003,HH_001713,Target,2026-05-18,1,0,0,0,0,0.0,1.2
CMP_003,HH_001714,Target,2026-05-22,1,0,0,0,0,0.0,1.2
CMP_003,HH_001715,Holdout,,0,,,0,0,0.0,0.0
CMP_003,HH_001717,Target,2026-05-22,1,0,0,0,0,0.0,1.2
CMP_003,HH_001718,Target,2026-05-07,1,0,0,0,0,0.0,1.2
CMP_003,HH_001719,Target,2026-05-24,1,1,0,0,0,0.0,1.2
CMP_003,HH_001721,Target,2026-05-11,1,0,0,0,0,0.0,1.2
CMP_003,HH_001722,Target,2026-05-13,1,1,1,1,0,0.0,1.2
CMP_003,HH_001724,Target,2026-05-19,1,1,0,0,0,0.0,1.2
CMP_003,HH_001725,Target,2026-05-12,1,0,0,0,0,0.0,1.2
CMP_003,HH_001726,Target,2026-05-07,1,1,0,0,0,0.0,1.2
CMP_003,HH_001727,Target,2026-05-09,1,0,0,0,0,0.0,1.2
CMP_003,HH_001728,Target,2026-05-23,1,0,0,0,0,0.0,1.2
CMP_003,HH_001729,Target,2026-05-19,1,0,0,0,0,0.0,1.2
CMP_003,HH_001730,Target,2026-05-20,1,1,1,1,0,0.0,1.2
CMP_003,HH_001732,Target,2026-05-29,1,0,0,0,0,0.0,1.2
CMP_003,HH_001733,Target,2026-05-10,1,1,0,0,0,0.0,1.2
CMP_003,HH_001735,Target,2026-05-18,1,0,0,0,0,0.0,1.2
CMP_003,HH_001737,Target,2026-05-10,1,0,0,0,0,0.0,1.2
CMP_003,HH_001738,Holdout,,0,,,0,0,0.0,0.0
CMP_003,HH_001739,Target,2026-05-05,1,0,0,0,0,0.0,1.2
CMP_003,HH_001740,Target,2026-05-05,1,1,1,1,0,0.0,1.2
CMP_003,HH_001741,Holdout,,0,,,0,0,0.0,0.0
CMP_003,HH_001742,Holdout,,0,,,0,0,0.0,0.0
CMP_003,HH_001743,Target,2026-05-09,1,0,0,0,0,0.0,1.2
CMP_003,HH_001744,Target,2026-05-06,1,1,1,1,0,0.0,1.2
CMP_003,HH_001748,Target,2026-05-22,1,0,0,0,0,0.0,1.2
CMP_003,HH_001749,Target,2026-05-12,1,0,0,0,0,0.0,1.2
CMP_003,HH_001750,Target,2026-05-10,1,0,0,0,0,0.0,1.2
CMP_003,HH_001752,Holdout,,0,,,0,0,0.0,0.0
CMP_003,HH_001753,Target,2026-05-07,1,1,1,1,0,0.0,1.2
CMP_003,HH_001754,Target,2026-05-07,1,0,0,0,0,0.0,1.2
CMP_003,HH_001755,Holdout,,0,,,0,0,0.0,0.0
CMP_003,HH_001756,Target,2026-05-28,1,0,0,0,0,0.0,1.2
CMP_003,HH_001757,Target,2026-05-08,1,0,0,0,0,0.0,1.2
CMP_003,HH_001758,Target,2026-05-08,1,0,0,0,0,0.0,1.2
CMP_003,HH_001759,Holdout,,0,,,0,0,0.0,0.0
CMP_003,HH_001760,Target,2026-05-27,1,1,0,0,0,0.0,1.2
CMP_003,HH_001762,Target,2026-05-09,1,0,0,0,0,0.0,1.2
CMP_003,HH_001765,Target,2026-05-07,1,1,0,1,0,0.0,1.2
CMP_003,HH_001766,Target,2026-05-16,1,0,0,0,0,0.0,1.2
CMP_003,HH_001767,Target,2026-05-25,1,0,0,0,0,0.0,1.2
CMP_003,HH_001770,Target,2026-05-04,1,0,0,0,0,0.0,1.2
CMP_003,HH_001771,Target,2026-05-15,1,0,0,0,0,0.0,1.2
CMP_003,HH_001772,Target,2026-05-24,1,1,0,0,0,0.0,1.2
CMP_003,HH_001773,Target,2026-05-22,1,0,0,1,1,1013.77,1.2
CMP_003,HH_001774,Holdout,,0,,,0,0,0.0,0.0
CMP_003,HH_001775,Target,2026-05-14,1,0,0,0,0,0.0,1.2
CMP_003,HH_001776,Target,2026-05-04,1,1,1,1,0,0.0,1.2
CMP_003,HH_001778,Target,2026-05-19,1,0,0,0,0,0.0,1.2
CMP_003,HH_001782,Target,2026-05-11,1,0,0,0,0,0.0,1.2
CMP_003,HH_001783,Target,2026-05-18,1,0,0,0,0,0.0,1.2
CMP_003,HH_001784,Target,2026-05-04,1,0,0,0,0,0.0,1.2
CMP_003,HH_001785,Holdout,,0,,,0,0,0.0,0.0
CMP_003,HH_001786,Target,2026-05-09,1,0,0,0,0,0.0,1.2
CMP_003,HH_001787,Target,2026-05-26,1,0,0,1,1,929.03,1.2
CMP_003,HH_001788,Target,2026-05-16,1,0,0,0,0,0.0,1.2
CMP_003,HH_001791,Target,2026-05-17,1,0,0,0,0,0.0,1.2
CMP_003,HH_001792,Target,2026-05-25,1,0,0,0,0,0.0,1.2
CMP_003,HH_001793,Target,2026-05-11,1,1,0,0,0,0.0,1.2
CMP_003,HH_001794,Target,2026-05-05,1,0,0,0,0,0.0,1.2
CMP_003,HH_001795,Target,2026-05-05,1,1,0,0,0,0.0,1.2
CMP_003,HH_001796,Target,2026-05-12,1,0,0,0,0,0.0,1.2
CMP_003,HH_001797,Target,2026-05-21,1,1,1,1,0,0.0,1.2
CMP_003,HH_001798,Target,2026-05-22,1,1,0,0,0,0.0,1.2
CMP_003,HH_001799,Target,2026-05-05,1,0,0,0,0,0.0,1.2
CMP_003,HH_001801,Target,2026-05-14,1,1,1,1,0,0.0,1.2
CMP_003,HH_001806,Target,2026-05-12,1,0,0,0,0,0.0,1.2
CMP_003,HH_001807,Target,2026-05-10,1,1,0,0,0,0.0,1.2
CMP_003,HH_001808,Target,2026-05-17,1,0,0,0,0,0.0,1.2
CMP_003,HH_001809,Target,2026-05-21,1,1,1,1,0,0.0,1.2
CMP_003,HH_001812,Holdout,,0,,,0,0,0.0,0.0
CMP_003,HH_001813,Target,2026-05-18,1,0,0,0,0,0.0,1.2
CMP_003,HH_001814,Holdout,,0,,,0,0,0.0,0.0
CMP_003,HH_001815,Target,2026-05-11,1,0,0,0,0,0.0,1.2
CMP_003,HH_001816,Target,2026-05-12,1,0,0,0,0,0.0,1.2
CMP_003,HH_001817,Target,2026-05-22,1,1,1,1,0,0.0,1.2
CMP_003,HH_001818,Target,2026-05-18,1,1,1,1,1,2241.23,1.2
CMP_003,HH_001819,Target,2026-05-21,1,1,0,0,0,0.0,1.2
CMP_003,HH_001820,Target,2026-05-04,1,0,0,0,0,0.0,1.2
CMP_003,HH_001821,Target,2026-05-09,1,1,0,0,0,0.0,1.2
CMP_003,HH_001822,Target,2026-05-19,1,0,0,0,0,0.0,1.2
CMP_003,HH_001828,Target,2026-05-24,0,,,0,0,0.0,1.2
CMP_003,HH_001829,Target,2026-05-18,1,0,0,0,0,0.0,1.2
CMP_003,HH_001831,Target,2026-05-21,1,0,0,0,0,0.0,1.2
CMP_003,HH_001833,Holdout,,0,,,0,0,0.0,0.0
CMP_003,HH_001834,Target,2026-05-19,1,0,0,0,0,0.0,1.2
CMP_003,HH_001835,Target,2026-05-14,1,0,0,0,0,0.0,1.2
CMP_003,HH_001837,Target,2026-05-22,1,0,0,0,0,0.0,1.2
CMP_003,HH_001838,Holdout,,0,,,0,0,0.0,0.0
CMP_003,HH_001839,Target,2026-05-12,1,1,0,0,0,0.0,1.2
CMP_003,HH_001840,Target,2026-05-20,1,0,0,0,0,0.0,1.2
CMP_003,HH_001841,Target,2026-05-17,1,1,1,1,0,0.0,1.2
CMP_003,HH_001842,Target,2026-05-24,1,1,0,0,0,0.0,1.2
CMP_003,HH_001843,Holdout,,0,,,0,0,0.0,0.0
CMP_003,HH_001845,Target,2026-05-20,1,0,0,0,0,0.0,1.2
CMP_003,HH_001846,Target,2026-05-08,1,0,0,0,0,0.0,1.2
CMP_003,HH_001847,Target,2026-05-21,1,0,0,0,0,0.0,1.2
CMP_003,HH_001849,Target,2026-05-04,1,0,0,0,0,0.0,1.2
CMP_003,HH_001850,Holdout,,0,,,0,0,0.0,0.0
CMP_003,HH_001851,Target,2026-05-28,1,1,0,0,0,0.0,1.2
CMP_003,HH_001852,Target,2026-05-18,1,0,0,0,0,0.0,1.2
CMP_003,HH_001853,Holdout,,0,,,0,0,0.0,0.0
CMP_003,HH_001854,Target,2026-05-17,1,0,0,0,0,0.0,1.2
CMP_003,HH_001855,Target,2026-05-10,1,0,0,0,0,0.0,1.2
CMP_003,HH_001856,Target,2026-05-24,1,0,0,0,0,0.0,1.2
CMP_003,HH_001857,Target,2026-05-22,1,1,1,1,0,0.0,1.2
CMP_003,HH_001858,Target,2026-05-18,1,0,0,0,0,0.0,1.2
CMP_003,HH_001859,Holdout,,0,,,0,0,0.0,0.0
CMP_003,HH_001860,Target,2026-05-05,1,0,0,0,0,0.0,1.2
CMP_003,HH_001861,Target,2026-05-06,1,0,0,0,0,0.0,1.2
CMP_003,HH_001862,Target,2026-05-21,1,0,0,0,0,0.0,1.2
CMP_003,HH_001863,Target,2026-05-26,1,0,0,0,0,0.0,1.2
CMP_003,HH_001866,Target,2026-05-28,1,0,0,0,0,0.0,1.2
CMP_003,HH_001867,Holdout,,0,,,0,0,0.0,0.0
CMP_003,HH_001868,Target,2026-05-23,1,0,0,0,0,0.0,1.2
CMP_003,HH_001869,Target,2026-05-16,1,0,0,0,0,0.0,1.2
CMP_003,HH_001870,Holdout,,0,,,0,0,0.0,0.0
CMP_003,HH_001871,Target,2026-05-18,1,1,0,1,0,0.0,1.2
CMP_003,HH_001873,Holdout,,0,,,0,0,0.0,0.0
CMP_003,HH_001875,Target,2026-05-21,1,0,0,1,1,2928.85,1.2
CMP_003,HH_001876,Holdout,,0,,,0,0,0.0,0.0
CMP_003,HH_001877,Target,2026-05-11,1,0,0,0,0,0.0,1.2
CMP_003,HH_001879,Target,2026-05-19,1,1,0,0,0,0.0,1.2
CMP_003,HH_001883,Target,2026-05-06,1,1,1,1,0,0.0,1.2
CMP_003,HH_001884,Target,2026-05-27,1,1,0,0,0,0.0,1.2
CMP_003,HH_001886,Target,2026-05-10,1,0,0,0,0,0.0,1.2
CMP_003,HH_001887,Target,2026-05-04,1,1,0,1,0,0.0,1.2
CMP_003,HH_001889,Target,2026-05-14,1,0,0,0,0,0.0,1.2
CMP_003,HH_001890,Holdout,,0,,,0,0,0.0,0.0
CMP_003,HH_001891,Target,2026-05-12,1,1,1,1,0,0.0,1.2
CMP_003,HH_001892,Target,2026-05-13,1,1,0,0,0,0.0,1.2
CMP_003,HH_001893,Target,2026-05-27,1,1,0,0,0,0.0,1.2
CMP_003,HH_001894,Target,2026-05-05,1,0,0,0,0,0.0,1.2
CMP_003,HH_001895,Target,2026-05-18,1,0,0,0,0,0.0,1.2
CMP_003,HH_001897,Target,2026-05-17,1,0,0,0,0,0.0,1.2
CMP_003,HH_001898,Target,2026-05-23,1,0,0,0,0,0.0,1.2
CMP_003,HH_001899,Target,2026-05-17,1,0,0,0,0,0.0,1.2
CMP_003,HH_001901,Target,2026-05-22,1,0,0,0,0,0.0,1.2
CMP_003,HH_001902,Target,2026-05-16,1,0,0,0,0,0.0,1.2
CMP_003,HH_001903,Holdout,,0,,,0,0,0.0,0.0
CMP_003,HH_001905,Holdout,,0,,,0,0,0.0,0.0
CMP_003,HH_001906,Target,2026-05-23,1,0,0,0,0,0.0,1.2
CMP_003,HH_001907,Target,2026-05-15,1,1,0,1,0,0.0,1.2
CMP_003,HH_001909,Target,2026-05-17,1,0,0,0,0,0.0,1.2
CMP_003,HH_001910,Target,2026-05-28,1,0,0,0,0,0.0,1.2
CMP_003,HH_001911,Target,2026-05-26,1,0,0,0,0,0.0,1.2
CMP_003,HH_001913,Target,2026-05-23,1,1,0,0,0,0.0,1.2
CMP_003,HH_001914,Target,2026-05-08,1,0,0,0,0,0.0,1.2
CMP_003,HH_001916,Target,2026-05-16,1,0,0,0,0,0.0,1.2
CMP_003,HH_001917,Target,2026-05-21,1,0,0,0,0,0.0,1.2
CMP_003,HH_001918,Target,2026-05-17,1,1,1,1,0,0.0,1.2
CMP_003,HH_001919,Target,2026-05-15,1,0,0,0,0,0.0,1.2
CMP_003,HH_001920,Target,2026-05-18,1,0,0,0,0,0.0,1.2
CMP_003,HH_001921,Target,2026-05-29,1,0,0,0,0,0.0,1.2
CMP_003,HH_001922,Target,2026-05-29,1,1,0,0,0,0.0,1.2
CMP_003,HH_001924,Holdout,,0,,,0,0,0.0,0.0
CMP_003,HH_001925,Target,2026-05-16,1,0,0,0,0,0.0,1.2
CMP_003,HH_001926,Target,2026-05-04,1,0,0,0,0,0.0,1.2
CMP_003,HH_001927,Target,2026-05-09,1,1,1,1,0,0.0,1.2
CMP_003,HH_001929,Target,2026-05-19,1,0,0,0,0,0.0,1.2
CMP_003,HH_001930,Target,2026-05-23,1,1,1,1,0,0.0,1.2
CMP_003,HH_001931,Target,2026-05-06,0,,,0,0,0.0,1.2
CMP_003,HH_001932,Target,2026-05-20,0,,,0,0,0.0,1.2
CMP_003,HH_001933,Target,2026-05-29,1,0,0,0,0,0.0,1.2
CMP_003,HH_001936,Target,2026-05-21,1,1,0,0,0,0.0,1.2
CMP_003,HH_001939,Target,2026-05-08,0,,,0,0,0.0,1.2
CMP_003,HH_001940,Target,2026-05-22,1,0,0,0,0,0.0,1.2
CMP_003,HH_001941,Target,2026-05-04,1,0,0,0,0,0.0,1.2
CMP_003,HH_001942,Target,2026-05-29,1,1,1,1,0,0.0,1.2
CMP_003,HH_001944,Target,2026-05-09,1,1,0,0,0,0.0,1.2
CMP_003,HH_001946,Target,2026-05-15,1,0,0,0,0,0.0,1.2
CMP_003,HH_001947,Holdout,,0,,,0,0,0.0,0.0
CMP_003,HH_001949,Target,2026-05-09,1,0,0,0,0,0.0,1.2
CMP_003,HH_001950,Target,2026-05-07,1,0,0,0,0,0.0,1.2
CMP_003,HH_001951,Target,2026-05-12,1,0,0,0,0,0.0,1.2
CMP_003,HH_001952,Holdout,,0,,,0,0,0.0,0.0
CMP_003,HH_001953,Target,2026-05-15,1,1,0,0,0,0.0,1.2
CMP_003,HH_001954,Target,2026-05-08,1,0,0,0,0,0.0,1.2
CMP_003,HH_001956,Target,2026-05-28,1,0,0,0,0,0.0,1.2
CMP_003,HH_001958,Target,2026-05-23,1,0,0,0,0,0.0,1.2
CMP_003,HH_001959,Target,2026-05-16,1,0,0,0,0,0.0,1.2
CMP_003,HH_001960,Target,2026-05-27,1,1,1,1,0,0.0,1.2
CMP_003,HH_001962,Target,2026-05-25,1,1,1,1,0,0.0,1.2
CMP_003,HH_001963,Target,2026-05-05,1,0,0,0,0,0.0,1.2
CMP_003,HH_001966,Target,2026-05-05,1,1,0,0,0,0.0,1.2
CMP_003,HH_001967,Holdout,,0,,,0,0,0.0,0.0
CMP_003,HH_001968,Target,2026-05-12,1,0,0,0,0,0.0,1.2
CMP_003,HH_001969,Target,2026-05-04,1,1,0,0,0,0.0,1.2
CMP_003,HH_001970,Target,2026-05-16,1,0,0,0,0,0.0,1.2
CMP_003,HH_001972,Target,2026-05-17,1,0,0,0,0,0.0,1.2
CMP_003,HH_001973,Target,2026-05-15,1,1,0,1,0,0.0,1.2
CMP_003,HH_001974,Target,2026-05-06,1,0,0,0,0,0.0,1.2
CMP_003,HH_001975,Target,2026-05-07,1,1,0,0,0,0.0,1.2
CMP_003,HH_001976,Target,2026-05-23,1,1,0,0,0,0.0,1.2
CMP_003,HH_001977,Target,2026-05-16,1,0,0,0,0,0.0,1.2
CMP_003,HH_001982,Target,2026-05-20,1,0,0,0,0,0.0,1.2
CMP_003,HH_001984,Target,2026-05-13,1,0,0,0,0,0.0,1.2
CMP_003,HH_001986,Target,2026-05-19,1,1,0,1,0,0.0,1.2
CMP_003,HH_001988,Target,2026-05-27,1,0,0,0,0,0.0,1.2
CMP_003,HH_001989,Holdout,,0,,,0,0,0.0,0.0
CMP_003,HH_001990,Target,2026-05-21,1,0,0,0,0,0.0,1.2
CMP_003,HH_001992,Target,2026-05-22,1,0,0,0,0,0.0,1.2
CMP_003,HH_001993,Target,2026-05-21,1,0,0,0,0,0.0,1.2
CMP_003,HH_001994,Target,2026-05-22,1,1,1,1,0,0.0,1.2
CMP_003,HH_001995,Holdout,,0,,,0,0,0.0,0.0
CMP_003,HH_001996,Target,2026-05-05,1,0,0,1,1,1306.04,1.2
CMP_003,HH_001997,Holdout,,0,,,0,0,0.0,0.0
CMP_003,HH_001998,Target,2026-05-07,1,1,1,1,0,0.0,1.2
CMP_003,HH_002000,Target,2026-05-29,1,0,0,0,0,0.0,1.2
CMP_003,HH_002001,Target,2026-05-13,1,1,0,1,0,0.0,1.2
CMP_003,HH_002002,Target,2026-05-13,1,0,0,0,0,0.0,1.2
CMP_003,HH_002003,Target,2026-05-20,1,0,0,0,0,0.0,1.2
CMP_003,HH_002004,Target,2026-05-28,1,0,0,0,0,0.0,1.2
CMP_003,HH_002005,Target,2026-05-22,1,1,0,1,0,0.0,1.2
CMP_003,HH_002006,Target,2026-05-18,0,,,0,0,0.0,1.2
CMP_003,HH_002007,Target,2026-05-09,1,1,0,0,0,0.0,1.2
CMP_003,HH_002008,Target,2026-05-06,1,0,0,0,0,0.0,1.2
CMP_003,HH_002009,Target,2026-05-25,1,0,0,0,0,0.0,1.2
CMP_003,HH_002011,Target,2026-05-16,1,0,0,0,0,0.0,1.2
CMP_003,HH_002012,Target,2026-05-11,1,0,0,1,1,440.56,1.2
CMP_003,HH_002014,Target,2026-05-22,1,1,0,0,0,0.0,1.2
CMP_003,HH_002015,Target,2026-05-10,1,0,0,0,0,0.0,1.2
CMP_003,HH_002016,Target,2026-05-21,1,0,0,0,0,0.0,1.2
CMP_003,HH_002017,Target,2026-05-18,1,0,0,0,0,0.0,1.2
CMP_003,HH_002018,Target,2026-05-20,1,0,0,0,0,0.0,1.2
CMP_003,HH_002019,Target,2026-05-25,0,,,0,0,0.0,1.2
CMP_003,HH_002021,Target,2026-05-06,1,0,0,0,0,0.0,1.2
CMP_003,HH_002023,Target,2026-05-18,1,0,0,0,0,0.0,1.2
CMP_003,HH_002024,Holdout,,0,,,0,0,0.0,0.0
CMP_003,HH_002026,Target,2026-05-08,1,0,0,0,0,0.0,1.2
CMP_003,HH_002027,Holdout,,0,,,0,0,0.0,0.0
CMP_003,HH_002028,Target,2026-05-09,1,1,0,0,0,0.0,1.2
CMP_003,HH_002030,Target,2026-05-22,0,,,0,0,0.0,1.2
CMP_003,HH_002031,Target,2026-05-06,1,0,0,0,0,0.0,1.2
CMP_003,HH_002032,Target,2026-05-07,0,,,0,0,0.0,1.2
CMP_003,HH_002034,Target,2026-05-26,1,1,0,0,0,0.0,1.2
CMP_003,HH_002035,Target,2026-05-21,1,0,0,0,0,0.0,1.2
CMP_003,HH_002037,Target,2026-05-23,1,0,0,0,0,0.0,1.2
CMP_003,HH_002038,Target,2026-05-09,1,1,0,0,0,0.0,1.2
CMP_003,HH_002039,Target,2026-05-12,1,0,0,0,0,0.0,1.2
CMP_003,HH_002041,Holdout,,0,,,0,0,0.0,0.0
CMP_003,HH_002042,Target,2026-05-05,1,0,0,0,0,0.0,1.2
CMP_003,HH_002043,Target,2026-05-08,1,1,0,1,0,0.0,1.2
CMP_003,HH_002044,Target,2026-05-05,1,1,0,0,0,0.0,1.2
CMP_003,HH_002045,Target,2026-05-18,1,1,0,0,0,0.0,1.2
CMP_003,HH_002046,Holdout,,0,,,0,0,0.0,0.0
CMP_003,HH_002047,Target,2026-05-29,1,0,0,0,0,0.0,1.2
CMP_003,HH_002048,Target,2026-05-20,1,1,0,1,0,0.0,1.2
CMP_003,HH_002049,Target,2026-05-16,1,0,0,0,0,0.0,1.2
CMP_003,HH_002050,Holdout,,0,,,0,1,945.0,0.0
CMP_003,HH_002051,Target,2026-05-24,1,0,0,0,0,0.0,1.2
CMP_003,HH_002052,Target,2026-05-04,1,0,0,0,0,0.0,1.2
CMP_003,HH_002053,Holdout,,0,,,0,0,0.0,0.0
CMP_003,HH_002054,Target,2026-05-06,1,0,0,0,0,0.0,1.2
CMP_003,HH_002055,Target,2026-05-29,1,0,0,0,0,0.0,1.2
CMP_003,HH_002056,Target,2026-05-18,1,1,0,1,0,0.0,1.2
CMP_003,HH_002057,Holdout,,0,,,0,0,0.0,0.0
CMP_003,HH_002058,Holdout,,0,,,0,0,0.0,0.0
CMP_003,HH_002059,Target,2026-05-14,1,0,0,0,0,0.0,1.2
CMP_003,HH_002060,Target,2026-05-20,1,0,0,0,0,0.0,1.2
CMP_003,HH_002061,Target,2026-05-17,1,0,0,0,0,0.0,1.2
CMP_003,HH_002062,Target,2026-05-07,1,0,0,0,0,0.0,1.2
CMP_003,HH_002063,Holdout,,0,,,0,0,0.0,0.0
CMP_003,HH_002064,Target,2026-05-29,1,0,0,0,0,0.0,1.2
CMP_003,HH_002065,Target,2026-05-28,1,1,1,1,0,0.0,1.2
CMP_003,HH_002066,Target,2026-05-23,1,0,0,0,0,0.0,1.2
CMP_003,HH_002068,Target,2026-05-10,1,0,0,0,0,0.0,1.2
CMP_003,HH_002073,Target,2026-05-20,1,0,0,0,0,0.0,1.2
CMP_003,HH_002075,Target,2026-05-17,1,0,0,0,0,0.0,1.2
CMP_003,HH_002076,Target,2026-05-05,1,0,0,0,0,0.0,1.2
CMP_003,HH_002080,Target,2026-05-26,1,0,0,0,0,0.0,1.2
CMP_003,HH_002081,Holdout,,0,,,0,0,0.0,0.0
CMP_003,HH_002082,Holdout,,0,,,0,0,0.0,0.0
CMP_003,HH_002084,Holdout,,0,,,0,0,0.0,0.0
CMP_003,HH_002085,Target,2026-05-08,1,0,0,0,0,0.0,1.2
CMP_003,HH_002086,Target,2026-05-12,1,0,0,0,0,0.0,1.2
CMP_003,HH_002087,Target,2026-05-06,1,0,0,0,0,0.0,1.2
CMP_003,HH_002088,Target,2026-05-04,1,0,0,0,0,0.0,1.2
CMP_003,HH_002090,Target,2026-05-07,1,1,0,1,0,0.0,1.2
CMP_003,HH_002091,Holdout,,0,,,0,0,0.0,0.0
CMP_003,HH_002092,Holdout,,0,,,0,0,0.0,0.0
CMP_003,HH_002093,Target,2026-05-23,1,0,0,1,1,1522.77,1.2
CMP_003,HH_002094,Target,2026-05-25,1,0,0,0,0,0.0,1.2
CMP_003,HH_002097,Target,2026-05-16,1,0,0,0,0,0.0,1.2
CMP_003,HH_002099,Target,2026-05-12,1,0,0,0,0,0.0,1.2
CMP_003,HH_002100,Target,2026-05-06,1,0,0,0,0,0.0,1.2
CMP_003,HH_002101,Holdout,,0,,,0,0,0.0,0.0
CMP_003,HH_002103,Target,2026-05-04,1,1,0,0,0,0.0,1.2
CMP_003,HH_002106,Target,2026-05-10,1,0,0,0,0,0.0,1.2
CMP_003,HH_002108,Holdout,,0,,,0,0,0.0,0.0
CMP_003,HH_002110,Target,2026-05-18,1,0,0,0,0,0.0,1.2
CMP_003,HH_002111,Target,2026-05-19,1,1,0,1,0,0.0,1.2
CMP_003,HH_002115,Target,2026-05-15,1,0,0,0,0,0.0,1.2
CMP_003,HH_002116,Target,2026-05-11,1,0,0,0,0,0.0,1.2
CMP_003,HH_002119,Target,2026-05-13,0,,,0,0,0.0,1.2
CMP_003,HH_002120,Holdout,,0,,,0,0,0.0,0.0
CMP_003,HH_002122,Target,2026-05-26,1,0,0,0,0,0.0,1.2
CMP_003,HH_002123,Target,2026-05-05,1,0,0,0,0,0.0,1.2
CMP_003,HH_002127,Target,2026-05-28,1,1,1,1,0,0.0,1.2
CMP_003,HH_002128,Target,2026-05-11,1,0,0,0,0,0.0,1.2
CMP_003,HH_002129,Target,2026-05-21,1,0,0,0,0,0.0,1.2
CMP_003,HH_002130,Target,2026-05-22,1,0,0,0,0,0.0,1.2
CMP_003,HH_002133,Target,2026-05-17,1,0,0,0,0,0.0,1.2
CMP_003,HH_002135,Target,2026-05-16,1,0,0,0,0,0.0,1.2
CMP_003,HH_002137,Holdout,,0,,,0,0,0.0,0.0
CMP_003,HH_002139,Target,2026-05-12,1,1,0,0,0,0.0,1.2
CMP_003,HH_002141,Target,2026-05-26,1,0,0,0,0,0.0,1.2
CMP_003,HH_002143,Target,2026-05-13,1,0,0,0,0,0.0,1.2
CMP_003,HH_002144,Target,2026-05-04,1,0,0,0,0,0.0,1.2
CMP_003,HH_002145,Target,2026-05-14,1,0,0,0,0,0.0,1.2
CMP_003,HH_002146,Target,2026-05-06,1,0,0,0,0,0.0,1.2
CMP_003,HH_002147,Target,2026-05-16,1,1,1,1,0,0.0,1.2
CMP_003,HH_002148,Target,2026-05-09,1,0,0,0,0,0.0,1.2
CMP_003,HH_002149,Target,2026-05-11,1,0,0,0,0,0.0,1.2
CMP_003,HH_002150,Target,2026-05-05,1,0,0,0,0,0.0,1.2
CMP_003,HH_002151,Holdout,,0,,,0,0,0.0,0.0
CMP_003,HH_002152,Target,2026-05-21,1,0,0,0,0,0.0,1.2
CMP_003,HH_002153,Target,2026-05-07,1,1,0,1,0,0.0,1.2
CMP_003,HH_002154,Holdout,,0,,,0,0,0.0,0.0
CMP_003,HH_002155,Holdout,,0,,,0,0,0.0,0.0
CMP_003,HH_002156,Target,2026-05-21,0,,,0,0,0.0,1.2
CMP_003,HH_002157,Target,2026-05-14,1,0,0,0,0,0.0,1.2
CMP_003,HH_002160,Target,2026-05-22,1,0,0,0,0,0.0,1.2
CMP_003,HH_002161,Target,2026-05-11,1,0,0,0,0,0.0,1.2
CMP_003,HH_002162,Target,2026-05-26,1,1,0,1,0,0.0,1.2
CMP_003,HH_002163,Target,2026-05-04,1,0,0,0,0,0.0,1.2
CMP_003,HH_002165,Holdout,,0,,,0,0,0.0,0.0
CMP_003,HH_002166,Target,2026-05-28,1,0,0,0,0,0.0,1.2
CMP_003,HH_002167,Target,2026-05-07,1,0,0,0,0,0.0,1.2
CMP_003,HH_002168,Target,2026-05-20,1,0,0,0,0,0.0,1.2
CMP_003,HH_002170,Holdout,,0,,,0,0,0.0,0.0
CMP_003,HH_002172,Target,2026-05-28,1,1,0,0,0,0.0,1.2
CMP_003,HH_002173,Target,2026-05-14,1,0,0,0,0,0.0,1.2
CMP_003,HH_002174,Holdout,,0,,,0,0,0.0,0.0
CMP_003,HH_002175,Target,2026-05-26,1,1,0,1,0,0.0,1.2
CMP_003,HH_002176,Target,2026-05-23,1,0,0,0,0,0.0,1.2
CMP_003,HH_002178,Holdout,,0,,,0,0,0.0,0.0
CMP_003,HH_002179,Holdout,,0,,,0,0,0.0,0.0
CMP_003,HH_002180,Target,2026-05-13,1,0,0,0,0,0.0,1.2
CMP_003,HH_002181,Holdout,,0,,,0,0,0.0,0.0
CMP_003,HH_002182,Target,2026-05-09,1,0,0,0,0,0.0,1.2
CMP_003,HH_002183,Target,2026-05-11,1,1,0,1,0,0.0,1.2
CMP_003,HH_002184,Target,2026-05-24,0,,,0,0,0.0,1.2
CMP_003,HH_002185,Target,2026-05-27,1,0,0,0,0,0.0,1.2
CMP_003,HH_002186,Target,2026-05-15,0,,,0,0,0.0,1.2
CMP_003,HH_002187,Target,2026-05-26,1,1,1,1,0,0.0,1.2
CMP_003,HH_002188,Target,2026-05-10,1,0,0,0,0,0.0,1.2
CMP_003,HH_002189,Target,2026-05-08,1,1,0,0,0,0.0,1.2
CMP_003,HH_002190,Target,2026-05-15,1,0,0,0,0,0.0,1.2
CMP_003,HH_002192,Target,2026-05-06,1,0,0,0,0,0.0,1.2
CMP_003,HH_002193,Target,2026-05-04,1,0,0,0,0,0.0,1.2
CMP_003,HH_002195,Target,2026-05-11,1,0,0,0,0,0.0,1.2
CMP_003,HH_002196,Target,2026-05-22,1,1,0,1,0,0.0,1.2
CMP_003,HH_002197,Target,2026-05-23,1,1,0,0,0,0.0,1.2
CMP_003,HH_002198,Target,2026-05-23,1,1,0,0,0,0.0,1.2
CMP_003,HH_002199,Target,2026-05-04,1,0,0,0,0,0.0,1.2
CMP_003,HH_002200,Target,2026-05-06,1,0,0,0,0,0.0,1.2
CMP_003,HH_002201,Target,2026-05-10,1,0,0,0,0,0.0,1.2
CMP_003,HH_002202,Target,2026-05-16,1,0,0,0,0,0.0,1.2
CMP_003,HH_002204,Target,2026-05-16,1,0,0,0,0,0.0,1.2
CMP_003,HH_002205,Holdout,,0,,,0,0,0.0,0.0
CMP_003,HH_002207,Holdout,,0,,,0,0,0.0,0.0
CMP_003,HH_002208,Target,2026-05-13,1,0,0,0,0,0.0,1.2
CMP_003,HH_002209,Target,2026-05-05,1,0,0,0,0,0.0,1.2
CMP_003,HH_002210,Holdout,,0,,,0,0,0.0,0.0
CMP_003,HH_002211,Target,2026-05-17,1,0,0,0,0,0.0,1.2
CMP_003,HH_002213,Target,2026-05-10,1,1,1,1,0,0.0,1.2
CMP_003,HH_002214,Holdout,,0,,,0,0,0.0,0.0
CMP_003,HH_002215,Target,2026-05-17,1,0,0,0,0,0.0,1.2
CMP_003,HH_002216,Target,2026-05-21,1,0,0,0,0,0.0,1.2
CMP_003,HH_002217,Target,2026-05-20,1,0,0,0,0,0.0,1.2
CMP_003,HH_002218,Target,2026-05-23,1,0,0,0,0,0.0,1.2
CMP_003,HH_002219,Target,2026-05-08,1,0,0,0,0,0.0,1.2
CMP_003,HH_002222,Holdout,,0,,,0,0,0.0,0.0
CMP_003,HH_002223,Target,2026-05-11,1,1,0,1,0,0.0,1.2
CMP_003,HH_002224,Holdout,,0,,,0,0,0.0,0.0
CMP_003,HH_002225,Holdout,,0,,,0,0,0.0,0.0
CMP_003,HH_002226,Target,2026-05-11,1,1,0,1,0,0.0,1.2
CMP_003,HH_002228,Target,2026-05-26,1,0,0,0,0,0.0,1.2
CMP_003,HH_002229,Target,2026-05-15,1,0,0,0,0,0.0,1.2
CMP_003,HH_002231,Holdout,,0,,,0,0,0.0,0.0
CMP_003,HH_002232,Target,2026-05-19,1,0,0,0,0,0.0,1.2
CMP_003,HH_002233,Target,2026-05-29,1,0,0,0,0,0.0,1.2
CMP_003,HH_002234,Holdout,,0,,,0,0,0.0,0.0
CMP_003,HH_002235,Target,2026-05-17,1,0,0,0,0,0.0,1.2
CMP_003,HH_002236,Holdout,,0,,,0,0,0.0,0.0
CMP_003,HH_002238,Target,2026-05-29,1,1,1,1,0,0.0,1.2
CMP_003,HH_002239,Target,2026-05-15,1,1,0,1,1,1530.49,1.2
CMP_003,HH_002240,Target,2026-05-13,1,0,0,0,0,0.0,1.2
CMP_003,HH_002242,Target,2026-05-08,1,1,0,0,0,0.0,1.2
CMP_003,HH_002243,Target,2026-05-11,1,1,0,1,0,0.0,1.2
CMP_003,HH_002244,Target,2026-05-07,1,1,0,1,0,0.0,1.2
CMP_003,HH_002245,Holdout,,0,,,0,0,0.0,0.0
CMP_003,HH_002248,Target,2026-05-09,1,0,0,0,0,0.0,1.2
CMP_003,HH_002249,Target,2026-05-13,1,1,0,0,0,0.0,1.2
CMP_003,HH_002252,Target,2026-05-07,1,0,0,0,0,0.0,1.2
CMP_003,HH_002254,Target,2026-05-25,1,0,0,0,0,0.0,1.2
CMP_003,HH_002255,Target,2026-05-09,1,1,1,1,0,0.0,1.2
CMP_003,HH_002256,Target,2026-05-21,1,0,0,0,0,0.0,1.2
CMP_003,HH_002257,Target,2026-05-12,1,0,0,0,0,0.0,1.2
CMP_003,HH_002258,Holdout,,0,,,0,0,0.0,0.0
CMP_003,HH_002259,Target,2026-05-25,1,0,0,0,0,0.0,1.2
CMP_003,HH_002262,Target,2026-05-24,1,0,0,0,0,0.0,1.2
CMP_003,HH_002264,Target,2026-05-14,1,0,0,0,0,0.0,1.2
CMP_003,HH_002265,Target,2026-05-18,1,1,0,0,0,0.0,1.2
CMP_003,HH_002266,Target,2026-05-12,1,0,0,0,0,0.0,1.2
CMP_003,HH_002268,Target,2026-05-26,1,1,1,1,0,0.0,1.2
CMP_003,HH_002269,Target,2026-05-15,1,1,0,1,0,0.0,1.2
CMP_003,HH_002270,Holdout,,0,,,0,0,0.0,0.0
CMP_003,HH_002271,Target,2026-05-09,1,0,0,0,0,0.0,1.2
CMP_003,HH_002272,Holdout,,0,,,0,0,0.0,0.0
CMP_003,HH_002273,Target,2026-05-26,1,0,0,0,0,0.0,1.2
CMP_003,HH_002274,Target,2026-05-29,1,0,0,0,0,0.0,1.2
CMP_003,HH_002275,Holdout,,0,,,0,0,0.0,0.0
CMP_003,HH_002277,Target,2026-05-15,1,0,0,0,0,0.0,1.2
CMP_003,HH_002278,Target,2026-05-04,1,0,0,0,0,0.0,1.2
CMP_003,HH_002281,Target,2026-05-29,1,1,1,1,0,0.0,1.2
CMP_003,HH_002283,Target,2026-05-25,1,0,0,0,0,0.0,1.2
CMP_003,HH_002284,Target,2026-05-26,1,0,0,0,0,0.0,1.2
CMP_003,HH_002285,Target,2026-05-20,1,0,0,0,0,0.0,1.2
CMP_003,HH_002286,Target,2026-05-26,1,0,0,0,0,0.0,1.2
CMP_003,HH_002287,Target,2026-05-11,1,1,0,0,0,0.0,1.2
CMP_003,HH_002289,Target,2026-05-05,1,0,0,0,0,0.0,1.2
CMP_003,HH_002290,Target,2026-05-19,1,0,0,0,0,0.0,1.2
CMP_003,HH_002293,Target,2026-05-10,1,0,0,0,0,0.0,1.2
CMP_003,HH_002294,Target,2026-05-07,1,1,0,0,0,0.0,1.2
CMP_003,HH_002295,Holdout,,0,,,0,0,0.0,0.0
CMP_003,HH_002296,Holdout,,0,,,0,0,0.0,0.0
CMP_003,HH_002297,Target,2026-05-24,1,0,0,0,0,0.0,1.2
CMP_003,HH_002299,Target,2026-05-28,1,0,0,0,0,0.0,1.2
CMP_003,HH_002300,Target,2026-05-08,1,1,0,0,0,0.0,1.2
CMP_003,HH_002301,Target,2026-05-26,1,0,0,0,0,0.0,1.2
CMP_003,HH_002302,Target,2026-05-08,1,0,0,0,0,0.0,1.2
CMP_003,HH_002303,Holdout,,0,,,0,0,0.0,0.0
CMP_003,HH_002305,Target,2026-05-09,1,1,0,0,0,0.0,1.2
CMP_003,HH_002306,Target,2026-05-14,1,1,0,1,0,0.0,1.2
CMP_003,HH_002307,Holdout,,0,,,0,0,0.0,0.0
CMP_003,HH_002308,Target,2026-05-24,1,1,1,1,0,0.0,1.2
CMP_003,HH_002309,Target,2026-05-11,1,1,0,0,0,0.0,1.2
CMP_003,HH_002310,Target,2026-05-21,1,1,1,1,0,0.0,1.2
CMP_003,HH_002311,Target,2026-05-16,1,0,0,0,0,0.0,1.2
CMP_003,HH_002313,Target,2026-05-22,1,0,0,0,0,0.0,1.2
CMP_003,HH_002314,Target,2026-05-27,1,0,0,0,0,0.0,1.2
CMP_003,HH_002315,Target,2026-05-06,1,0,0,0,0,0.0,1.2
CMP_003,HH_002316,Target,2026-05-17,1,0,0,0,0,0.0,1.2
CMP_003,HH_002317,Target,2026-05-25,1,0,0,0,0,0.0,1.2
CMP_003,HH_002318,Target,2026-05-06,1,0,0,0,0,0.0,1.2
CMP_003,HH_002320,Holdout,,0,,,0,0,0.0,0.0
CMP_003,HH_002321,Target,2026-05-05,1,0,0,1,1,239.11,1.2
CMP_003,HH_002323,Target,2026-05-09,1,0,0,0,0,0.0,1.2
CMP_003,HH_002324,Holdout,,0,,,0,0,0.0,0.0
CMP_003,HH_002325,Target,2026-05-06,1,0,0,0,0,0.0,1.2
CMP_003,HH_002326,Target,2026-05-23,1,0,0,0,0,0.0,1.2
CMP_003,HH_002327,Target,2026-05-22,1,0,0,0,0,0.0,1.2
CMP_003,HH_002328,Target,2026-05-19,1,1,0,1,0,0.0,1.2
CMP_003,HH_002329,Target,2026-05-28,1,1,0,0,0,0.0,1.2
CMP_003,HH_002330,Target,2026-05-21,1,0,0,0,0,0.0,1.2
CMP_003,HH_002331,Target,2026-05-24,1,0,0,0,0,0.0,1.2
CMP_003,HH_002333,Target,2026-05-07,1,0,0,0,0,0.0,1.2
CMP_003,HH_002334,Target,2026-05-04,1,0,0,0,0,0.0,1.2
CMP_003,HH_002335,Target,2026-05-09,1,1,1,1,0,0.0,1.2
CMP_003,HH_002336,Target,2026-05-04,1,0,0,0,0,0.0,1.2
CMP_003,HH_002337,Target,2026-05-22,0,,,0,0,0.0,1.2
CMP_003,HH_002338,Target,2026-05-13,1,0,0,0,0,0.0,1.2
CMP_003,HH_002339,Target,2026-05-21,1,0,0,0,0,0.0,1.2
CMP_003,HH_002340,Target,2026-05-19,1,0,0,0,0,0.0,1.2
CMP_003,HH_002341,Target,2026-05-06,1,0,0,0,0,0.0,1.2
CMP_003,HH_002342,Holdout,,0,,,0,0,0.0,0.0
CMP_003,HH_002343,Target,2026-05-04,1,0,0,0,0,0.0,1.2
CMP_003,HH_002344,Target,2026-05-05,1,0,0,0,0,0.0,1.2
CMP_003,HH_002345,Target,2026-05-09,1,0,0,0,0,0.0,1.2
CMP_003,HH_002346,Target,2026-05-24,1,0,0,0,0,0.0,1.2
CMP_003,HH_002347,Target,2026-05-05,1,0,0,0,0,0.0,1.2
CMP_003,HH_002348,Target,2026-05-15,1,1,0,0,0,0.0,1.2
CMP_003,HH_002349,Target,2026-05-06,1,0,0,0,0,0.0,1.2
CMP_003,HH_002350,Holdout,,0,,,0,0,0.0,0.0
CMP_003,HH_002351,Target,2026-05-16,1,0,0,0,0,0.0,1.2
CMP_003,HH_002352,Target,2026-05-14,1,0,0,0,0,0.0,1.2
CMP_003,HH_002353,Holdout,,0,,,0,0,0.0,0.0
CMP_003,HH_002355,Target,2026-05-29,1,0,0,0,0,0.0,1.2
CMP_003,HH_002356,Target,2026-05-22,1,0,0,0,0,0.0,1.2
CMP_003,HH_002357,Target,2026-05-12,1,1,0,0,0,0.0,1.2
CMP_003,HH_002359,Holdout,,0,,,0,0,0.0,0.0
CMP_003,HH_002363,Target,2026-05-21,1,0,0,0,0,0.0,1.2
CMP_003,HH_002364,Target,2026-05-08,1,0,0,0,0,0.0,1.2
CMP_003,HH_002366,Holdout,,0,,,0,0,0.0,0.0
CMP_003,HH_002368,Target,2026-05-20,1,0,0,0,0,0.0,1.2
CMP_003,HH_002369,Target,2026-05-04,1,0,0,0,0,0.0,1.2
CMP_003,HH_002370,Target,2026-05-09,1,1,0,0,0,0.0,1.2
CMP_003,HH_002372,Holdout,,0,,,0,0,0.0,0.0
CMP_003,HH_002373,Target,2026-05-15,1,0,0,0,0,0.0,1.2
CMP_003,HH_002374,Target,2026-05-05,1,0,0,0,0,0.0,1.2
CMP_003,HH_002375,Target,2026-05-13,1,0,0,0,0,0.0,1.2
CMP_003,HH_002376,Target,2026-05-05,1,0,0,0,0,0.0,1.2
CMP_003,HH_002378,Target,2026-05-08,1,0,0,0,0,0.0,1.2
CMP_003,HH_002380,Holdout,,0,,,0,0,0.0,0.0
CMP_003,HH_002382,Target,2026-05-16,1,1,0,0,0,0.0,1.2
CMP_003,HH_002384,Holdout,,0,,,0,0,0.0,0.0
CMP_003,HH_002385,Target,2026-05-23,1,0,0,0,0,0.0,1.2
CMP_003,HH_002386,Target,2026-05-10,1,0,0,0,0,0.0,1.2
CMP_003,HH_002388,Target,2026-05-11,1,0,0,0,0,0.0,1.2
CMP_003,HH_002390,Target,2026-05-09,1,1,0,0,0,0.0,1.2
CMP_003,HH_002392,Target,2026-05-13,1,0,0,0,0,0.0,1.2
CMP_003,HH_002393,Target,2026-05-04,1,0,0,0,0,0.0,1.2
CMP_003,HH_002395,Target,2026-05-27,1,0,0,0,0,0.0,1.2
CMP_003,HH_002396,Target,2026-05-04,1,1,0,0,0,0.0,1.2
CMP_003,HH_002399,Target,2026-05-22,1,0,0,0,0,0.0,1.2
CMP_003,HH_002400,Target,2026-05-29,1,0,0,0,0,0.0,1.2
CMP_003,HH_002403,Holdout,,0,,,0,0,0.0,0.0
CMP_003,HH_002404,Target,2026-05-05,1,1,0,1,0,0.0,1.2
CMP_003,HH_002405,Target,2026-05-05,1,1,0,1,0,0.0,1.2
CMP_003,HH_002406,Target,2026-05-28,1,1,0,1,0,0.0,1.2
CMP_003,HH_002407,Target,2026-05-08,1,0,0,0,0,0.0,1.2
CMP_003,HH_002408,Target,2026-05-16,1,0,0,0,0,0.0,1.2
CMP_003,HH_002409,Target,2026-05-04,1,1,1,1,0,0.0,1.2
CMP_003,HH_002410,Target,2026-05-25,1,0,0,0,0,0.0,1.2
CMP_003,HH_002411,Target,2026-05-18,1,0,0,0,0,0.0,1.2
CMP_003,HH_002414,Target,2026-05-28,1,0,0,0,0,0.0,1.2
CMP_003,HH_002417,Target,2026-05-24,1,0,0,0,0,0.0,1.2
CMP_003,HH_002418,Holdout,,0,,,0,0,0.0,0.0
CMP_003,HH_002420,Target,2026-05-19,1,1,1,1,0,0.0,1.2
CMP_003,HH_002423,Holdout,,0,,,0,0,0.0,0.0
CMP_003,HH_002425,Target,2026-05-29,1,0,0,0,0,0.0,1.2
CMP_003,HH_002427,Holdout,,0,,,0,0,0.0,0.0
CMP_003,HH_002428,Target,2026-05-25,1,0,0,0,0,0.0,1.2
CMP_003,HH_002429,Holdout,,0,,,0,0,0.0,0.0
CMP_003,HH_002431,Target,2026-05-12,1,0,0,0,0,0.0,1.2
CMP_003,HH_002432,Target,2026-05-19,1,0,0,0,0,0.0,1.2
CMP_003,HH_002433,Target,2026-05-07,1,0,0,0,0,0.0,1.2
CMP_003,HH_002434,Holdout,,0,,,0,0,0.0,0.0
CMP_003,HH_002436,Target,2026-05-11,1,0,0,0,0,0.0,1.2
CMP_003,HH_002437,Target,2026-05-24,1,1,0,1,0,0.0,1.2
CMP_003,HH_002438,Target,2026-05-22,1,0,0,0,0,0.0,1.2
CMP_003,HH_002439,Target,2026-05-26,1,1,0,0,0,0.0,1.2
CMP_003,HH_002440,Target,2026-05-18,1,0,0,0,0,0.0,1.2
CMP_003,HH_002441,Target,2026-05-06,1,1,1,1,0,0.0,1.2
CMP_003,HH_002442,Holdout,,0,,,0,0,0.0,0.0
CMP_003,HH_002443,Holdout,,0,,,0,0,0.0,0.0
CMP_003,HH_002444,Target,2026-05-06,1,0,0,0,0,0.0,1.2
CMP_003,HH_002445,Target,2026-05-05,1,0,0,0,0,0.0,1.2
CMP_003,HH_002446,Target,2026-05-22,1,0,0,0,0,0.0,1.2
CMP_003,HH_002447,Target,2026-05-14,1,0,0,0,0,0.0,1.2
CMP_003,HH_002448,Target,2026-05-09,1,1,0,1,0,0.0,1.2
CMP_003,HH_002449,Target,2026-05-09,1,1,0,1,0,0.0,1.2
CMP_003,HH_002450,Target,2026-05-25,1,0,0,0,0,0.0,1.2
CMP_003,HH_002451,Target,2026-05-10,1,0,0,0,0,0.0,1.2
CMP_003,HH_002452,Target,2026-05-10,1,1,0,0,0,0.0,1.2
CMP_003,HH_002453,Target,2026-05-20,1,0,0,0,0,0.0,1.2
CMP_003,HH_002454,Holdout,,0,,,0,0,0.0,0.0
CMP_003,HH_002455,Target,2026-05-15,1,0,0,0,0,0.0,1.2
CMP_003,HH_002456,Target,2026-05-23,1,0,0,0,0,0.0,1.2
CMP_003,HH_002457,Target,2026-05-12,1,0,0,0,0,0.0,1.2
CMP_003,HH_002458,Target,2026-05-10,1,1,0,0,0,0.0,1.2
CMP_003,HH_002461,Target,2026-05-19,1,0,0,0,0,0.0,1.2
CMP_003,HH_002462,Target,2026-05-08,1,1,1,1,0,0.0,1.2
CMP_003,HH_002464,Target,2026-05-23,1,1,0,0,0,0.0,1.2
CMP_003,HH_002465,Target,2026-05-06,1,0,0,0,0,0.0,1.2
CMP_003,HH_002469,Holdout,,0,,,0,0,0.0,0.0
CMP_003,HH_002470,Target,2026-05-25,1,0,0,0,0,0.0,1.2
CMP_003,HH_002472,Target,2026-05-27,1,0,0,0,0,0.0,1.2
CMP_003,HH_002473,Target,2026-05-13,1,0,0,0,0,0.0,1.2
CMP_003,HH_002475,Target,2026-05-14,1,0,0,0,0,0.0,1.2
CMP_003,HH_002476,Target,2026-05-14,1,1,1,1,0,0.0,1.2
CMP_003,HH_002477,Target,2026-05-05,1,1,0,1,0,0.0,1.2
CMP_003,HH_002478,Holdout,,0,,,0,0,0.0,0.0
CMP_003,HH_002479,Target,2026-05-09,1,0,0,0,0,0.0,1.2
CMP_003,HH_002480,Target,2026-05-07,1,0,0,0,0,0.0,1.2
CMP_003,HH_002481,Holdout,,0,,,0,0,0.0,0.0
CMP_003,HH_002483,Holdout,,0,,,0,1,646.32,0.0
CMP_003,HH_002484,Target,2026-05-21,1,0,0,0,0,0.0,1.2
CMP_003,HH_002485,Holdout,,0,,,0,0,0.0,0.0
CMP_003,HH_002486,Target,2026-05-16,1,1,0,0,0,0.0,1.2
CMP_003,HH_002487,Target,2026-05-14,1,0,0,0,0,0.0,1.2
CMP_003,HH_002488,Holdout,,0,,,0,0,0.0,0.0
CMP_003,HH_002489,Holdout,,0,,,0,0,0.0,0.0
CMP_003,HH_002490,Target,2026-05-08,1,1,0,1,0,0.0,1.2
CMP_003,HH_002491,Holdout,,0,,,0,0,0.0,0.0
CMP_003,HH_002492,Target,2026-05-26,1,1,0,0,0,0.0,1.2
CMP_003,HH_002494,Target,2026-05-27,1,0,0,0,0,0.0,1.2
CMP_003,HH_002496,Holdout,,0,,,0,0,0.0,0.0
CMP_003,HH_002497,Target,2026-05-23,1,0,0,0,0,0.0,1.2
CMP_003,HH_002498,Target,2026-05-23,1,0,0,0,0,0.0,1.2
CMP_003,HH_002499,Target,2026-05-26,1,1,0,1,0,0.0,1.2
CMP_003,HH_002501,Target,2026-05-27,1,0,0,0,0,0.0,1.2
CMP_003,HH_002504,Target,2026-05-10,1,0,0,0,0,0.0,1.2
CMP_003,HH_002506,Target,2026-05-07,1,1,0,1,0,0.0,1.2
CMP_003,HH_002509,Target,2026-05-11,1,0,0,1,1,380.93,1.2
CMP_003,HH_002510,Target,2026-05-29,1,0,0,0,0,0.0,1.2
CMP_003,HH_002512,Target,2026-05-05,1,0,0,0,0,0.0,1.2
CMP_003,HH_002513,Target,2026-05-28,1,0,0,0,0,0.0,1.2
CMP_003,HH_002514,Target,2026-05-10,1,0,0,0,0,0.0,1.2
CMP_003,HH_002515,Holdout,,0,,,0,0,0.0,0.0
CMP_003,HH_002519,Target,2026-05-17,1,0,0,0,0,0.0,1.2
CMP_003,HH_002520,Target,2026-05-24,1,0,0,0,0,0.0,1.2
CMP_003,HH_002526,Target,2026-05-09,1,0,0,0,0,0.0,1.2
CMP_003,HH_002527,Target,2026-05-28,1,1,0,0,0,0.0,1.2
CMP_003,HH_002528,Target,2026-05-11,1,0,0,0,0,0.0,1.2
CMP_003,HH_002531,Target,2026-05-27,1,0,0,0,0,0.0,1.2
CMP_003,HH_002534,Target,2026-05-27,1,0,0,0,0,0.0,1.2
CMP_003,HH_002536,Target,2026-05-27,1,0,0,1,1,2895.87,1.2
CMP_003,HH_002538,Target,2026-05-24,1,1,0,0,0,0.0,1.2
CMP_003,HH_002540,Target,2026-05-21,1,0,0,0,0,0.0,1.2
CMP_003,HH_002542,Target,2026-05-06,1,0,0,0,0,0.0,1.2
CMP_003,HH_002543,Target,2026-05-18,1,0,0,0,0,0.0,1.2
CMP_003,HH_002546,Target,2026-05-22,1,0,0,0,0,0.0,1.2
CMP_003,HH_002547,Target,2026-05-25,1,0,0,0,0,0.0,1.2
CMP_003,HH_002548,Target,2026-05-27,1,1,0,0,0,0.0,1.2
CMP_003,HH_002549,Target,2026-05-09,1,0,0,0,0,0.0,1.2
CMP_003,HH_002551,Target,2026-05-18,1,1,0,0,0,0.0,1.2
CMP_003,HH_002552,Target,2026-05-23,1,1,0,0,0,0.0,1.2
CMP_003,HH_002553,Target,2026-05-22,1,0,0,1,1,1389.86,1.2
CMP_003,HH_002555,Target,2026-05-17,1,0,0,0,0,0.0,1.2
CMP_003,HH_002557,Target,2026-05-22,1,0,0,0,0,0.0,1.2
CMP_003,HH_002558,Target,2026-05-23,1,0,0,0,0,0.0,1.2
CMP_003,HH_002559,Target,2026-05-25,1,0,0,0,0,0.0,1.2
CMP_003,HH_002561,Target,2026-05-20,1,1,0,0,0,0.0,1.2
CMP_003,HH_002562,Target,2026-05-18,1,0,0,0,0,0.0,1.2
CMP_003,HH_002563,Target,2026-05-21,1,0,0,0,0,0.0,1.2
CMP_003,HH_002564,Target,2026-05-21,1,1,0,1,1,2130.84,1.2
CMP_003,HH_002565,Target,2026-05-16,1,0,0,0,0,0.0,1.2
CMP_003,HH_002566,Target,2026-05-05,1,1,1,1,0,0.0,1.2
CMP_003,HH_002567,Target,2026-05-23,1,0,0,1,1,1997.6,1.2
CMP_003,HH_002568,Target,2026-05-15,1,0,0,0,0,0.0,1.2
CMP_003,HH_002569,Target,2026-05-22,1,0,0,0,0,0.0,1.2
CMP_003,HH_002571,Target,2026-05-13,1,0,0,0,0,0.0,1.2
CMP_003,HH_002572,Target,2026-05-19,1,1,0,0,0,0.0,1.2
CMP_003,HH_002574,Target,2026-05-04,1,1,0,0,0,0.0,1.2
CMP_003,HH_002575,Target,2026-05-25,1,1,0,1,0,0.0,1.2
CMP_003,HH_002576,Holdout,,0,,,0,0,0.0,0.0
CMP_003,HH_002577,Target,2026-05-15,1,0,0,0,0,0.0,1.2
CMP_003,HH_002578,Target,2026-05-18,1,0,0,0,0,0.0,1.2
CMP_003,HH_002579,Holdout,,0,,,0,0,0.0,0.0
CMP_003,HH_002580,Target,2026-05-27,1,0,0,0,0,0.0,1.2
CMP_003,HH_002582,Target,2026-05-24,1,0,0,0,0,0.0,1.2
CMP_003,HH_002583,Target,2026-05-15,1,0,0,0,0,0.0,1.2
CMP_003,HH_002584,Target,2026-05-13,1,0,0,0,0,0.0,1.2
CMP_003,HH_002587,Target,2026-05-16,1,0,0,0,0,0.0,1.2
CMP_003,HH_002588,Holdout,,0,,,0,0,0.0,0.0
CMP_003,HH_002589,Target,2026-05-13,1,0,0,0,0,0.0,1.2
CMP_003,HH_002590,Target,2026-05-14,1,0,0,0,0,0.0,1.2
CMP_003,HH_002591,Target,2026-05-14,1,0,0,0,0,0.0,1.2
CMP_003,HH_002592,Target,2026-05-07,1,0,0,0,0,0.0,1.2
CMP_003,HH_002593,Target,2026-05-25,1,0,0,0,0,0.0,1.2
CMP_003,HH_002594,Target,2026-05-16,1,0,0,0,0,0.0,1.2
CMP_003,HH_002597,Target,2026-05-11,1,0,0,0,0,0.0,1.2
CMP_003,HH_002598,Target,2026-05-11,1,0,0,0,0,0.0,1.2
CMP_003,HH_002599,Target,2026-05-08,1,1,0,1,0,0.0,1.2
CMP_003,HH_002601,Target,2026-05-05,1,1,1,1,0,0.0,1.2
CMP_003,HH_002602,Target,2026-05-06,1,0,0,0,0,0.0,1.2
CMP_003,HH_002603,Target,2026-05-08,1,0,0,0,0,0.0,1.2
CMP_003,HH_002604,Target,2026-05-21,1,0,0,0,0,0.0,1.2
CMP_003,HH_002605,Target,2026-05-26,1,0,0,0,0,0.0,1.2
CMP_003,HH_002606,Target,2026-05-13,1,1,0,0,0,0.0,1.2
CMP_003,HH_002607,Target,2026-05-20,1,0,0,0,0,0.0,1.2
CMP_003,HH_002609,Target,2026-05-14,1,0,0,0,0,0.0,1.2
CMP_003,HH_002610,Target,2026-05-23,1,1,0,0,0,0.0,1.2
CMP_003,HH_002611,Target,2026-05-15,1,0,0,0,0,0.0,1.2
CMP_003,HH_002613,Holdout,,0,,,0,0,0.0,0.0
CMP_003,HH_002614,Target,2026-05-18,1,1,0,0,0,0.0,1.2
CMP_003,HH_002615,Target,2026-05-23,1,1,0,0,0,0.0,1.2
CMP_003,HH_002616,Target,2026-05-10,1,0,0,0,0,0.0,1.2
CMP_003,HH_002617,Target,2026-05-24,1,0,0,0,0,0.0,1.2
CMP_003,HH_002618,Target,2026-05-20,1,0,0,0,0,0.0,1.2
CMP_003,HH_002619,Target,2026-05-06,1,0,0,0,0,0.0,1.2
CMP_003,HH_002620,Target,2026-05-13,1,0,0,0,0,0.0,1.2
CMP_003,HH_002621,Target,2026-05-09,1,1,0,0,0,0.0,1.2
CMP_003,HH_002625,Target,2026-05-11,1,0,0,0,0,0.0,1.2
CMP_003,HH_002626,Target,2026-05-22,1,0,0,0,0,0.0,1.2
CMP_003,HH_002628,Target,2026-05-12,1,0,0,0,0,0.0,1.2
CMP_003,HH_002630,Target,2026-05-16,1,0,0,0,0,0.0,1.2
CMP_003,HH_002631,Target,2026-05-13,1,1,0,0,0,0.0,1.2
CMP_003,HH_002632,Target,2026-05-29,1,0,0,0,0,0.0,1.2
CMP_003,HH_002635,Target,2026-05-22,1,0,0,0,0,0.0,1.2
CMP_003,HH_002636,Target,2026-05-23,1,0,0,0,0,0.0,1.2
CMP_003,HH_002637,Target,2026-05-11,1,0,0,0,0,0.0,1.2
CMP_003,HH_002638,Target,2026-05-06,1,0,0,0,0,0.0,1.2
CMP_003,HH_002639,Target,2026-05-09,1,0,0,0,0,0.0,1.2
CMP_003,HH_002643,Target,2026-05-20,1,1,0,0,0,0.0,1.2
CMP_003,HH_002644,Target,2026-05-18,1,1,0,0,0,0.0,1.2
CMP_003,HH_002645,Target,2026-05-22,1,0,0,0,0,0.0,1.2
CMP_003,HH_002646,Holdout,,0,,,0,0,0.0,0.0
CMP_003,HH_002647,Target,2026-05-18,1,0,0,0,0,0.0,1.2
CMP_003,HH_002648,Target,2026-05-25,1,0,0,0,0,0.0,1.2
CMP_003,HH_002650,Target,2026-05-21,1,1,0,0,0,0.0,1.2
CMP_003,HH_002652,Target,2026-05-28,1,0,0,0,0,0.0,1.2
CMP_003,HH_002654,Holdout,,0,,,0,0,0.0,0.0
CMP_003,HH_002655,Target,2026-05-10,1,0,0,0,0,0.0,1.2
CMP_003,HH_002656,Target,2026-05-20,0,,,0,0,0.0,1.2
CMP_003,HH_002657,Target,2026-05-10,1,0,0,0,0,0.0,1.2
CMP_003,HH_002658,Target,2026-05-21,1,1,1,1,0,0.0,1.2
CMP_003,HH_002659,Holdout,,0,,,0,0,0.0,0.0
CMP_003,HH_002660,Target,2026-05-22,1,1,0,0,0,0.0,1.2
CMP_003,HH_002661,Holdout,,0,,,0,0,0.0,0.0
CMP_003,HH_002662,Target,2026-05-07,1,0,0,0,0,0.0,1.2
CMP_003,HH_002663,Target,2026-05-17,1,0,0,0,0,0.0,1.2
CMP_003,HH_002665,Target,2026-05-06,1,0,0,0,0,0.0,1.2
CMP_003,HH_002666,Target,2026-05-04,1,0,0,0,0,0.0,1.2
CMP_003,HH_002669,Target,2026-05-25,1,1,1,1,0,0.0,1.2
CMP_003,HH_002670,Target,2026-05-22,1,1,0,1,1,773.04,1.2
CMP_003,HH_002671,Target,2026-05-19,1,1,0,1,0,0.0,1.2
CMP_003,HH_002672,Target,2026-05-05,1,0,0,0,0,0.0,1.2
CMP_003,HH_002673,Target,2026-05-20,1,0,0,0,0,0.0,1.2
CMP_003,HH_002675,Target,2026-05-13,1,1,0,0,0,0.0,1.2
CMP_003,HH_002677,Holdout,,0,,,0,0,0.0,0.0
CMP_003,HH_002678,Target,2026-05-08,1,0,0,0,0,0.0,1.2
CMP_003,HH_002679,Target,2026-05-23,1,1,1,1,0,0.0,1.2
CMP_003,HH_002680,Target,2026-05-04,1,0,0,0,0,0.0,1.2
CMP_003,HH_002681,Holdout,,0,,,0,0,0.0,0.0
CMP_003,HH_002682,Target,2026-05-13,1,0,0,0,0,0.0,1.2
CMP_003,HH_002684,Target,2026-05-16,1,1,0,0,0,0.0,1.2
CMP_003,HH_002685,Holdout,,0,,,0,0,0.0,0.0
CMP_003,HH_002686,Target,2026-05-05,1,0,0,0,0,0.0,1.2
CMP_003,HH_002687,Holdout,,0,,,0,0,0.0,0.0
CMP_003,HH_002689,Target,2026-05-23,1,0,0,0,0,0.0,1.2
CMP_003,HH_002690,Target,2026-05-11,1,1,0,1,0,0.0,1.2
CMP_003,HH_002692,Target,2026-05-17,1,1,0,0,0,0.0,1.2
CMP_003,HH_002693,Holdout,,0,,,0,0,0.0,0.0
CMP_003,HH_002694,Target,2026-05-24,1,0,0,0,0,0.0,1.2
CMP_003,HH_002696,Target,2026-05-07,0,,,0,0,0.0,1.2
CMP_003,HH_002697,Target,2026-05-21,1,1,0,1,0,0.0,1.2
CMP_003,HH_002699,Target,2026-05-08,1,0,0,0,0,0.0,1.2
CMP_003,HH_002701,Target,2026-05-25,1,0,0,0,0,0.0,1.2
CMP_003,HH_002703,Target,2026-05-14,1,0,0,0,0,0.0,1.2
CMP_003,HH_002707,Target,2026-05-05,1,0,0,0,0,0.0,1.2
CMP_003,HH_002709,Target,2026-05-25,1,0,0,0,0,0.0,1.2
CMP_003,HH_002710,Target,2026-05-09,1,1,0,0,0,0.0,1.2
CMP_003,HH_002711,Target,2026-05-14,1,0,0,0,0,0.0,1.2
CMP_003,HH_002712,Holdout,,0,,,0,0,0.0,0.0
CMP_003,HH_002713,Target,2026-05-18,1,1,0,0,0,0.0,1.2
CMP_003,HH_002714,Target,2026-05-29,1,0,0,0,0,0.0,1.2
CMP_003,HH_002715,Target,2026-05-16,1,0,0,0,0,0.0,1.2
CMP_003,HH_002716,Target,2026-05-05,1,1,0,0,0,0.0,1.2
CMP_003,HH_002717,Holdout,,0,,,0,0,0.0,0.0
CMP_003,HH_002718,Target,2026-05-15,1,0,0,0,0,0.0,1.2
CMP_003,HH_002719,Target,2026-05-28,1,0,0,1,1,1352.35,1.2
CMP_003,HH_002720,Target,2026-05-04,1,0,0,0,0,0.0,1.2
CMP_003,HH_002721,Holdout,,0,,,0,0,0.0,0.0
CMP_003,HH_002722,Holdout,,0,,,0,0,0.0,0.0
CMP_003,HH_002723,Target,2026-05-12,1,0,0,0,0,0.0,1.2
CMP_003,HH_002724,Holdout,,0,,,0,0,0.0,0.0
CMP_003,HH_002728,Holdout,,0,,,0,0,0.0,0.0
CMP_003,HH_002730,Target,2026-05-18,1,0,0,1,1,642.68,1.2
CMP_003,HH_002731,Target,2026-05-26,1,0,0,0,0,0.0,1.2
CMP_003,HH_002732,Target,2026-05-10,1,1,0,0,0,0.0,1.2
CMP_003,HH_002733,Target,2026-05-19,1,0,0,0,0,0.0,1.2
CMP_003,HH_002734,Holdout,,0,,,0,0,0.0,0.0
CMP_003,HH_002736,Target,2026-05-04,1,0,0,0,0,0.0,1.2
CMP_003,HH_002738,Target,2026-05-12,1,0,0,0,0,0.0,1.2
CMP_003,HH_002739,Target,2026-05-06,1,0,0,0,0,0.0,1.2
CMP_003,HH_002741,Target,2026-05-04,1,1,0,1,0,0.0,1.2
CMP_003,HH_002742,Target,2026-05-23,1,1,1,1,0,0.0,1.2
CMP_003,HH_002743,Target,2026-05-10,1,1,1,1,0,0.0,1.2
CMP_003,HH_002745,Target,2026-05-05,1,0,0,0,0,0.0,1.2
CMP_003,HH_002747,Target,2026-05-28,1,0,0,0,0,0.0,1.2
CMP_003,HH_002749,Target,2026-05-06,1,0,0,0,0,0.0,1.2
CMP_003,HH_002750,Holdout,,0,,,0,1,1822.66,0.0
CMP_003,HH_002751,Target,2026-05-07,1,0,0,0,0,0.0,1.2
CMP_003,HH_002752,Holdout,,0,,,0,0,0.0,0.0
CMP_003,HH_002753,Target,2026-05-18,1,1,0,0,0,0.0,1.2
CMP_003,HH_002755,Target,2026-05-21,1,0,0,0,0,0.0,1.2
CMP_003,HH_002757,Target,2026-05-06,1,0,0,0,0,0.0,1.2
CMP_003,HH_002758,Target,2026-05-12,1,1,0,0,0,0.0,1.2
CMP_003,HH_002759,Target,2026-05-07,0,,,0,0,0.0,1.2
CMP_003,HH_002760,Target,2026-05-06,1,0,0,1,1,316.94,1.2
CMP_003,HH_002761,Target,2026-05-08,1,0,0,0,0,0.0,1.2
CMP_003,HH_002762,Target,2026-05-08,1,1,1,1,0,0.0,1.2
CMP_003,HH_002763,Target,2026-05-10,1,0,0,0,0,0.0,1.2
CMP_003,HH_002764,Target,2026-05-25,1,0,0,0,0,0.0,1.2
CMP_003,HH_002766,Target,2026-05-29,1,0,0,0,0,0.0,1.2
CMP_003,HH_002767,Target,2026-05-25,1,1,0,1,0,0.0,1.2
CMP_003,HH_002769,Holdout,,0,,,0,0,0.0,0.0
CMP_003,HH_002770,Target,2026-05-27,1,0,0,0,0,0.0,1.2
CMP_003,HH_002772,Target,2026-05-15,1,0,0,0,0,0.0,1.2
CMP_003,HH_002773,Target,2026-05-05,1,1,1,1,0,0.0,1.2
CMP_003,HH_002774,Target,2026-05-22,1,0,0,0,0,0.0,1.2
CMP_003,HH_002775,Target,2026-05-16,1,0,0,0,0,0.0,1.2
CMP_003,HH_002777,Target,2026-05-17,1,1,0,0,0,0.0,1.2
CMP_003,HH_002780,Target,2026-05-10,1,0,0,0,0,0.0,1.2
CMP_003,HH_002781,Holdout,,0,,,0,0,0.0,0.0
CMP_003,HH_002782,Target,2026-05-27,1,1,0,1,0,0.0,1.2
CMP_003,HH_002783,Target,2026-05-19,1,1,0,0,0,0.0,1.2
CMP_003,HH_002785,Target,2026-05-27,1,0,0,0,0,0.0,1.2
CMP_003,HH_002786,Target,2026-05-10,1,0,0,0,0,0.0,1.2
CMP_003,HH_002787,Target,2026-05-29,1,0,0,0,0,0.0,1.2
CMP_003,HH_002788,Target,2026-05-12,1,0,0,0,0,0.0,1.2
CMP_003,HH_002790,Target,2026-05-22,1,0,0,0,0,0.0,1.2
CMP_003,HH_002791,Target,2026-05-26,1,0,0,0,0,0.0,1.2
CMP_003,HH_002792,Holdout,,0,,,0,0,0.0,0.0
CMP_003,HH_002793,Target,2026-05-04,1,0,0,0,0,0.0,1.2
CMP_003,HH_002794,Holdout,,0,,,0,1,845.37,0.0
CMP_003,HH_002795,Target,2026-05-29,1,1,0,1,0,0.0,1.2
CMP_003,HH_002796,Target,2026-05-20,1,0,0,0,0,0.0,1.2
CMP_003,HH_002797,Target,2026-05-12,1,1,0,1,1,770.71,1.2
CMP_003,HH_002798,Holdout,,0,,,0,0,0.0,0.0
CMP_003,HH_002801,Target,2026-05-08,1,0,0,0,0,0.0,1.2
CMP_003,HH_002802,Target,2026-05-25,1,0,0,0,0,0.0,1.2
CMP_003,HH_002803,Target,2026-05-23,1,1,1,1,0,0.0,1.2
CMP_003,HH_002804,Target,2026-05-06,1,0,0,0,0,0.0,1.2
CMP_003,HH_002807,Target,2026-05-12,1,0,0,0,0,0.0,1.2
CMP_003,HH_002808,Target,2026-05-22,1,0,0,0,0,0.0,1.2
CMP_003,HH_002809,Target,2026-05-07,1,0,0,0,0,0.0,1.2
CMP_003,HH_002810,Target,2026-05-20,1,0,0,0,0,0.0,1.2
CMP_003,HH_002812,Target,2026-05-15,1,0,0,0,0,0.0,1.2
CMP_003,HH_002813,Target,2026-05-29,1,0,0,0,0,0.0,1.2
CMP_003,HH_002817,Target,2026-05-25,1,1,0,1,0,0.0,1.2
CMP_003,HH_002818,Target,2026-05-14,1,0,0,0,0,0.0,1.2
CMP_003,HH_002819,Target,2026-05-26,1,0,0,0,0,0.0,1.2
CMP_003,HH_002820,Target,2026-05-07,1,1,1,1,0,0.0,1.2
CMP_003,HH_002821,Target,2026-05-26,1,0,0,0,0,0.0,1.2
CMP_003,HH_002822,Target,2026-05-08,1,0,0,0,0,0.0,1.2
CMP_003,HH_002823,Target,2026-05-04,1,1,0,0,0,0.0,1.2
CMP_003,HH_002826,Target,2026-05-12,1,0,0,0,0,0.0,1.2
CMP_003,HH_002827,Target,2026-05-15,1,0,0,0,0,0.0,1.2
CMP_003,HH_002829,Target,2026-05-11,1,0,0,0,0,0.0,1.2
CMP_003,HH_002830,Target,2026-05-23,1,1,0,0,0,0.0,1.2
CMP_003,HH_002831,Target,2026-05-25,1,0,0,0,0,0.0,1.2
CMP_003,HH_002832,Target,2026-05-14,1,0,0,1,1,2264.23,1.2
CMP_003,HH_002833,Holdout,,0,,,0,0,0.0,0.0
CMP_003,HH_002834,Target,2026-05-05,1,0,0,0,0,0.0,1.2
CMP_003,HH_002835,Target,2026-05-11,1,0,0,0,0,0.0,1.2
CMP_003,HH_002836,Target,2026-05-27,1,0,0,0,0,0.0,1.2
CMP_003,HH_002839,Holdout,,0,,,0,0,0.0,0.0
CMP_003,HH_002840,Target,2026-05-06,1,1,0,0,0,0.0,1.2
CMP_003,HH_002841,Target,2026-05-17,1,0,0,0,0,0.0,1.2
CMP_003,HH_002842,Holdout,,0,,,0,0,0.0,0.0
CMP_003,HH_002843,Holdout,,0,,,0,0,0.0,0.0
CMP_003,HH_002844,Target,2026-05-24,1,1,1,1,0,0.0,1.2
CMP_003,HH_002845,Holdout,,0,,,0,0,0.0,0.0
CMP_003,HH_002846,Target,2026-05-23,1,1,1,1,0,0.0,1.2
CMP_003,HH_002847,Target,2026-05-10,1,0,0,0,0,0.0,1.2
CMP_003,HH_002849,Target,2026-05-15,1,0,0,0,0,0.0,1.2
CMP_003,HH_002850,Target,2026-05-09,1,1,0,0,0,0.0,1.2
CMP_003,HH_002851,Target,2026-05-09,1,0,0,0,0,0.0,1.2
CMP_003,HH_002853,Target,2026-05-26,1,0,0,0,0,0.0,1.2
CMP_003,HH_002854,Holdout,,0,,,0,0,0.0,0.0
CMP_003,HH_002855,Holdout,,0,,,0,0,0.0,0.0
CMP_003,HH_002856,Holdout,,0,,,0,0,0.0,0.0
CMP_003,HH_002857,Target,2026-05-20,1,0,0,0,0,0.0,1.2
CMP_003,HH_002858,Target,2026-05-06,1,0,0,0,0,0.0,1.2
CMP_003,HH_002859,Target,2026-05-05,1,0,0,0,0,0.0,1.2
CMP_003,HH_002861,Target,2026-05-22,1,0,0,0,0,0.0,1.2
CMP_003,HH_002862,Target,2026-05-12,1,0,0,0,0,0.0,1.2
CMP_003,HH_002863,Target,2026-05-27,1,0,0,0,0,0.0,1.2
CMP_003,HH_002864,Holdout,,0,,,0,0,0.0,0.0
CMP_003,HH_002866,Target,2026-05-23,1,0,0,0,0,0.0,1.2
CMP_003,HH_002867,Target,2026-05-09,1,1,0,0,0,0.0,1.2
CMP_003,HH_002868,Target,2026-05-07,1,1,0,1,0,0.0,1.2
CMP_003,HH_002869,Target,2026-05-18,1,0,0,0,0,0.0,1.2
CMP_003,HH_002870,Target,2026-05-14,1,0,0,0,0,0.0,1.2
CMP_003,HH_002871,Target,2026-05-29,1,1,1,1,0,0.0,1.2
CMP_003,HH_002872,Target,2026-05-04,1,0,0,0,0,0.0,1.2
CMP_003,HH_002873,Holdout,,0,,,0,0,0.0,0.0
CMP_003,HH_002874,Target,2026-05-09,0,,,0,0,0.0,1.2
CMP_003,HH_002875,Target,2026-05-15,1,0,0,0,0,0.0,1.2
CMP_003,HH_002876,Target,2026-05-09,1,1,1,1,0,0.0,1.2
CMP_003,HH_002880,Target,2026-05-20,1,0,0,0,0,0.0,1.2
CMP_003,HH_002883,Target,2026-05-26,1,0,0,0,0,0.0,1.2
CMP_003,HH_002884,Target,2026-05-10,0,,,0,0,0.0,1.2
CMP_003,HH_002886,Target,2026-05-10,0,,,0,0,0.0,1.2
CMP_003,HH_002887,Target,2026-05-22,1,0,0,0,0,0.0,1.2
CMP_003,HH_002889,Target,2026-05-12,1,1,1,1,0,0.0,1.2
CMP_003,HH_002890,Holdout,,0,,,0,0,0.0,0.0
CMP_003,HH_002891,Target,2026-05-07,1,0,0,0,0,0.0,1.2
CMP_003,HH_002892,Target,2026-05-28,1,0,0,0,0,0.0,1.2
CMP_003,HH_002893,Target,2026-05-08,1,0,0,0,0,0.0,1.2
CMP_003,HH_002895,Target,2026-05-28,1,0,0,0,0,0.0,1.2
CMP_003,HH_002896,Target,2026-05-13,1,0,0,0,0,0.0,1.2
CMP_003,HH_002899,Target,2026-05-15,1,0,0,0,0,0.0,1.2
CMP_003,HH_002901,Target,2026-05-14,1,0,0,0,0,0.0,1.2
CMP_003,HH_002902,Target,2026-05-09,1,0,0,0,0,0.0,1.2
CMP_003,HH_002903,Target,2026-05-04,1,0,0,0,0,0.0,1.2
CMP_003,HH_002904,Target,2026-05-11,1,0,0,0,0,0.0,1.2
CMP_003,HH_002907,Target,2026-05-26,1,0,0,0,0,0.0,1.2
CMP_003,HH_002908,Target,2026-05-08,1,0,0,0,0,0.0,1.2
CMP_003,HH_002909,Holdout,,0,,,0,0,0.0,0.0
CMP_003,HH_002913,Target,2026-05-07,1,0,0,0,0,0.0,1.2
CMP_003,HH_002914,Target,2026-05-17,1,0,0,0,0,0.0,1.2
CMP_003,HH_002915,Holdout,,0,,,0,0,0.0,0.0
CMP_003,HH_002916,Target,2026-05-21,1,0,0,0,0,0.0,1.2
CMP_003,HH_002917,Holdout,,0,,,0,0,0.0,0.0
CMP_003,HH_002919,Target,2026-05-13,1,1,0,0,0,0.0,1.2
CMP_003,HH_002920,Target,2026-05-07,0,,,0,0,0.0,1.2
CMP_003,HH_002922,Target,2026-05-16,1,0,0,0,0,0.0,1.2
CMP_003,HH_002924,Target,2026-05-12,1,0,0,0,0,0.0,1.2
CMP_003,HH_002925,Target,2026-05-25,1,0,0,0,0,0.0,1.2
CMP_003,HH_002926,Target,2026-05-15,1,0,0,0,0,0.0,1.2
CMP_003,HH_002928,Holdout,,0,,,0,0,0.0,0.0
CMP_003,HH_002930,Target,2026-05-13,1,0,0,0,0,0.0,1.2
CMP_003,HH_002931,Target,2026-05-10,1,1,1,1,0,0.0,1.2
CMP_003,HH_002932,Target,2026-05-12,1,0,0,0,0,0.0,1.2
CMP_003,HH_002934,Target,2026-05-26,1,1,0,1,0,0.0,1.2
CMP_003,HH_002935,Target,2026-05-06,1,1,1,1,0,0.0,1.2
CMP_003,HH_002936,Target,2026-05-29,1,1,1,1,0,0.0,1.2
CMP_003,HH_002938,Target,2026-05-06,1,0,0,0,0,0.0,1.2
CMP_003,HH_002942,Target,2026-05-16,1,0,0,0,0,0.0,1.2
CMP_003,HH_002943,Target,2026-05-23,1,0,0,0,0,0.0,1.2
CMP_003,HH_002944,Target,2026-05-14,1,1,1,1,0,0.0,1.2
CMP_003,HH_002945,Holdout,,0,,,0,0,0.0,0.0
CMP_003,HH_002947,Target,2026-05-29,1,0,0,0,0,0.0,1.2
CMP_003,HH_002949,Holdout,,0,,,0,0,0.0,0.0
CMP_003,HH_002950,Target,2026-05-07,1,1,0,0,0,0.0,1.2
CMP_003,HH_002951,Target,2026-05-11,1,0,0,0,0,0.0,1.2
CMP_003,HH_002952,Target,2026-05-15,1,1,0,1,0,0.0,1.2
CMP_003,HH_002953,Target,2026-05-09,1,1,0,0,0,0.0,1.2
CMP_003,HH_002955,Target,2026-05-15,1,0,0,0,0,0.0,1.2
CMP_003,HH_002956,Target,2026-05-15,1,1,1,1,0,0.0,1.2
CMP_003,HH_002958,Target,2026-05-07,1,0,0,0,0,0.0,1.2
CMP_003,HH_002960,Target,2026-05-24,1,0,0,0,0,0.0,1.2
CMP_003,HH_002961,Target,2026-05-19,1,0,0,0,0,0.0,1.2
CMP_003,HH_002962,Target,2026-05-18,1,1,1,1,0,0.0,1.2
CMP_003,HH_002963,Target,2026-05-25,1,1,1,1,0,0.0,1.2
CMP_003,HH_002964,Target,2026-05-16,1,0,0,0,0,0.0,1.2
CMP_003,HH_002965,Target,2026-05-21,1,0,0,0,0,0.0,1.2
CMP_003,HH_002967,Target,2026-05-12,1,1,0,0,0,0.0,1.2
CMP_003,HH_002968,Target,2026-05-26,1,1,0,0,0,0.0,1.2
CMP_003,HH_002970,Target,2026-05-08,1,1,1,1,0,0.0,1.2
CMP_003,HH_002972,Target,2026-05-19,1,0,0,0,0,0.0,1.2
