household_id,segment,value_tier,region,dma_code,client_count,household_aum,tenure_years,product_count,primary_channel,acquisition_channel,engagement_score,email_opt_in,advisor_id
HH_000001,Mass Market,T1,West,803,1,92600,23,1,Email,Advisor Prospecting,47,true,ADV_0026
HH_000002,Affluent,T3,Southeast,524,3,875000,26,2,Phone,Referral,68,true,ADV_0060
HH_000003,Affluent,T3,West,807,1,1652500,4,3,Advisor,Web,69,true,ADV_0114
HH_000004,Mass Affluent,T2,South,659,1,364500,4,6,Digital,Digital Ad,49,true,ADV_0020
HH_000005,Affluent,T3,Midwest,616,1,995000,23,2,Phone,Web,88,true,ADV_0095
HH_000006,Mass Market,T1,South,635,1,108600,10,4,Advisor,Referral,75,false,ADV_0091
HH_000007,Mass Market,T1,West,753,2,91200,6,6,Direct Mail,Web,80,true,ADV_0035
HH_000008,Affluent,T3,Midwest,510,1,758800,30,2,Phone,Advisor Prospecting,96,true,ADV_0034
HH_000009,Mass Market,T1,Northeast,501,3,154800,27,5,Email,Seminar,71,true,ADV_0023
HH_000010,Mass Market,T1,South,659,1,98800,15,4,Direct Mail,Seminar,57,true,ADV_0052
HH_000011,Mass Affluent,T2,South,641,2,476500,16,2,Direct Mail,Digital Ad,61,true,ADV_0073
HH_000012,Ultra HNW,T5,South,635,2,47120000,1,2,Digital,Web,96,true,ADV_0032
HH_000013,High Net Worth,T4,Midwest,616,2,5328000,28,3,Phone,Seminar,48,false,ADV_0062
HH_000014,Mass Market,T1,Northeast,504,1,70800,7,4,Digital,Seminar,73,true,ADV_0012
HH_000015,Mass Affluent,T2,Northeast,511,2,585000,27,1,Digital,Digital Ad,69,true,ADV_0110
HH_000016,Mass Affluent,T2,Midwest,505,1,473000,1,1,Digital,Advisor Prospecting,85,true,ADV_0081
HH_000017,High Net Worth,T4,South,641,2,6776000,17,5,Email,Referral,54,true,ADV_0048
HH_000018,Mass Market,T1,Northeast,511,2,222600,1,4,Email,Advisor Prospecting,57,true,ADV_0001
HH_000019,Mass Market,T1,Midwest,510,1,218600,3,4,Phone,Digital Ad,23,true,ADV_0054
HH_000020,Mass Affluent,T2,Midwest,505,1,596000,24,6,Email,Advisor Prospecting,25,true,ADV_0074
HH_000021,Mass Market,T1,West,803,2,209200,27,1,Phone,Seminar,15,true,ADV_0098
HH_000022,Mass Affluent,T2,Southeast,528,2,362500,14,4,Digital,Digital Ad,23,false,ADV_0037
HH_000023,Mass Affluent,T2,West,819,1,573500,27,5,Phone,Digital Ad,35,true,ADV_0026
HH_000024,Mass Market,T1,Northeast,506,2,53600,3,6,Email,Advisor Prospecting,45,true,ADV_0084
HH_000025,High Net Worth,T4,Northeast,501,2,7320000,6,5,Email,Digital Ad,60,false,ADV_0093
HH_000026,High Net Worth,T4,Midwest,616,1,6624000,11,5,Digital,Referral,62,true,ADV_0063
HH_000027,Mass Market,T1,Northeast,501,3,157400,14,3,Digital,Advisor Prospecting,42,true,ADV_0057
HH_000028,Affluent,T3,Northeast,501,1,925000,17,1,Direct Mail,Advisor Prospecting,49,true,ADV_0027
HH_000029,Mass Market,T1,Midwest,602,2,216800,15,2,Phone,Seminar,45,true,ADV_0099
HH_000030,Mass Affluent,T2,Southeast,560,1,302500,29,3,Email,Seminar,76,true,ADV_0117
HH_000031,Mass Affluent,T2,Northeast,506,2,550500,12,3,Email,Referral,59,true,ADV_0063
HH_000032,Mass Market,T1,Midwest,510,2,199800,1,1,Email,Referral,34,true,ADV_0041
HH_000033,Mass Market,T1,Northeast,501,2,213000,29,2,Phone,Digital Ad,59,false,ADV_0120
HH_000034,Mass Market,T1,Northeast,504,2,228400,19,1,Advisor,Web,9,true,ADV_0090
HH_000035,Mass Affluent,T2,Midwest,609,2,602000,28,4,Phone,Digital Ad,53,true,ADV_0059
HH_000036,Mass Market,T1,South,641,3,56600,7,5,Email,Referral,41,false,ADV_0095
HH_000037,Mass Affluent,T2,West,803,3,336000,16,2,Digital,Seminar,60,true,ADV_0104
HH_000038,Mass Market,T1,Northeast,504,1,206000,5,3,Email,Advisor Prospecting,43,true,ADV_0035
HH_000039,Affluent,T3,Northeast,504,3,1911300,5,3,Phone,Referral,58,true,ADV_0076
HH_000040,Mass Market,T1,Southeast,528,3,178400,3,3,Direct Mail,Digital Ad,54,true,ADV_0044
HH_000041,Mass Affluent,T2,West,807,1,294000,27,3,Digital,Digital Ad,11,true,ADV_0001
HH_000042,Mass Market,T1,Northeast,511,1,148800,6,4,Digital,Web,53,true,ADV_0014
HH_000043,High Net Worth,T4,South,641,1,2744000,8,6,Digital,Web,10,true,ADV_0001
HH_000044,Affluent,T3,Southeast,524,1,1378800,2,3,Digital,Referral,70,true,ADV_0024
HH_000045,Mass Affluent,T2,South,659,3,431000,4,2,Advisor,Seminar,9,true,ADV_0081
HH_000046,Ultra HNW,T5,Midwest,510,2,33120000,4,5,Email,Digital Ad,17,false,ADV_0023
HH_000047,Mass Affluent,T2,Northeast,501,2,721500,5,1,Phone,Web,69,true,ADV_0085
HH_000048,Mass Affluent,T2,Midwest,510,2,382000,20,5,Email,Seminar,29,true,ADV_0060
HH_000049,Mass Market,T1,Northeast,511,2,116800,17,3,Direct Mail,Digital Ad,20,false,ADV_0086
HH_000050,Mass Affluent,T2,Northeast,512,1,559500,26,3,Advisor,Seminar,51,true,ADV_0093
HH_000051,High Net Worth,T4,Midwest,602,2,8952000,26,3,Direct Mail,Seminar,36,false,ADV_0037
HH_000052,Mass Market,T1,Northeast,501,2,82600,21,1,Phone,Web,53,true,ADV_0079
HH_000053,Affluent,T3,West,803,2,1911300,23,2,Digital,Referral,76,false,ADV_0081
HH_000054,Mass Affluent,T2,Northeast,511,2,731500,25,1,Phone,Seminar,51,true,ADV_0088
HH_000055,Mass Market,T1,Midwest,510,2,145600,4,1,Email,Digital Ad,23,true,ADV_0107
HH_000056,High Net Worth,T4,Southeast,528,2,9408000,6,5,Digital,Referral,31,false,ADV_0077
HH_000057,Mass Affluent,T2,Northeast,501,1,412500,4,1,Digital,Web,13,true,ADV_0085
HH_000058,Mass Market,T1,Northeast,511,2,89600,26,2,Phone,Referral,76,true,ADV_0099
HH_000059,Mass Market,T1,West,753,2,243800,1,5,Direct Mail,Digital Ad,81,true,ADV_0094
HH_000060,Mass Affluent,T2,Northeast,504,2,298500,3,6,Direct Mail,Referral,59,true,ADV_0096
HH_000061,Mass Market,T1,Southeast,560,2,111600,29,1,Email,Digital Ad,12,false,ADV_0076
HH_000062,Affluent,T3,Northeast,512,1,1248800,1,6,Email,Advisor Prospecting,70,true,ADV_0082
HH_000063,Mass Market,T1,Midwest,616,2,162000,14,6,Digital,Referral,28,true,ADV_0112
HH_000064,Mass Market,T1,West,807,1,231600,27,5,Advisor,Web,55,true,ADV_0077
HH_000065,Mass Affluent,T2,West,819,2,402000,20,4,Advisor,Referral,31,true,ADV_0069
HH_000066,Mass Market,T1,Northeast,511,2,50200,15,4,Advisor,Seminar,22,true,ADV_0114
HH_000067,High Net Worth,T4,Southeast,524,1,7488000,16,5,Digital,Advisor Prospecting,23,true,ADV_0092
HH_000068,Affluent,T3,Midwest,505,2,800000,11,1,Phone,Web,67,true,ADV_0050
HH_000069,Mass Market,T1,Southeast,528,2,209000,7,5,Advisor,Seminar,73,true,ADV_0095
HH_000070,Mass Market,T1,West,753,3,225000,21,1,Phone,Referral,46,true,ADV_0052
HH_000071,Mass Affluent,T2,Midwest,609,3,527500,17,3,Phone,Digital Ad,46,false,ADV_0005
HH_000072,Mass Market,T1,Midwest,616,2,131200,8,4,Email,Seminar,61,true,ADV_0115
HH_000073,Affluent,T3,Northeast,511,2,805000,12,3,Digital,Seminar,30,true,ADV_0104
HH_000074,High Net Worth,T4,Northeast,511,2,9336000,2,3,Direct Mail,Web,80,true,ADV_0109
HH_000075,Mass Affluent,T2,Northeast,511,1,541000,5,6,Direct Mail,Referral,4,true,ADV_0071
HH_000076,Mass Affluent,T2,Northeast,501,3,360500,8,2,Email,Advisor Prospecting,42,true,ADV_0050
HH_000077,Mass Affluent,T2,Northeast,501,2,627000,27,1,Phone,Digital Ad,80,false,ADV_0087
HH_000078,Mass Affluent,T2,West,807,1,407000,17,4,Direct Mail,Referral,57,true,ADV_0049
HH_000079,Affluent,T3,Southeast,528,1,1785000,16,4,Email,Advisor Prospecting,88,true,ADV_0050
HH_000080,Mass Affluent,T2,West,753,2,528500,10,4,Direct Mail,Seminar,65,true,ADV_0059
HH_000081,Mass Affluent,T2,South,641,2,563500,4,3,Email,Seminar,36,false,ADV_0044
HH_000082,High Net Worth,T4,Northeast,501,1,6784000,6,3,Phone,Digital Ad,71,false,ADV_0077
HH_000083,Mass Affluent,T2,South,659,1,304000,28,1,Direct Mail,Advisor Prospecting,35,true,ADV_0098
HH_000084,Mass Affluent,T2,Midwest,510,1,634500,12,2,Digital,Advisor Prospecting,85,true,ADV_0033
HH_000085,Mass Market,T1,Midwest,510,2,214800,22,3,Phone,Digital Ad,77,false,ADV_0111
HH_000086,Mass Market,T1,Midwest,602,2,200800,19,4,Digital,Referral,43,true,ADV_0114
HH_000087,Mass Affluent,T2,Midwest,510,2,579500,7,4,Phone,Referral,51,true,ADV_0025
HH_000088,Mass Affluent,T2,South,659,1,577000,17,5,Phone,Web,38,false,ADV_0062
HH_000089,High Net Worth,T4,Midwest,602,2,9208000,5,1,Digital,Digital Ad,85,true,ADV_0087
HH_000090,Mass Affluent,T2,South,641,3,745500,28,2,Digital,Seminar,43,true,ADV_0104
HH_000091,Mass Market,T1,Southeast,560,1,183400,19,2,Direct Mail,Advisor Prospecting,68,true,ADV_0070
HH_000092,Mass Affluent,T2,West,819,2,554500,27,1,Digital,Digital Ad,75,true,ADV_0031
HH_000093,Affluent,T3,West,819,1,1486300,11,2,Direct Mail,Digital Ad,66,true,ADV_0019
HH_000094,Mass Affluent,T2,West,753,2,715000,14,6,Advisor,Web,14,true,ADV_0013
HH_000095,Mass Affluent,T2,Northeast,504,1,591000,13,6,Email,Referral,89,true,ADV_0080
HH_000096,Affluent,T3,Northeast,511,2,1392500,30,4,Email,Seminar,54,false,ADV_0009
HH_000097,Affluent,T3,Midwest,510,1,1521300,13,1,Direct Mail,Digital Ad,27,true,ADV_0117
HH_000098,Mass Market,T1,West,807,1,224000,13,4,Advisor,Web,84,true,ADV_0096
HH_000099,High Net Worth,T4,West,753,2,8200000,25,4,Phone,Digital Ad,19,false,ADV_0023
HH_000100,Affluent,T3,Midwest,602,2,852500,26,2,Digital,Referral,61,true,ADV_0029
HH_000101,Mass Market,T1,Southeast,528,2,54200,19,4,Digital,Seminar,58,true,ADV_0102
HH_000102,Mass Market,T1,West,819,1,57200,21,1,Direct Mail,Seminar,81,true,ADV_0081
HH_000103,Mass Market,T1,Southeast,528,2,202000,17,1,Email,Referral,51,true,ADV_0018
HH_000104,Mass Market,T1,West,807,1,229200,13,6,Phone,Advisor Prospecting,50,true,ADV_0003
HH_000105,Mass Affluent,T2,Midwest,602,1,288500,12,6,Phone,Digital Ad,40,false,ADV_0009
HH_000106,High Net Worth,T4,Midwest,527,1,4272000,1,1,Direct Mail,Web,76,true,ADV_0106
HH_000107,Mass Market,T1,Midwest,617,2,52000,30,3,Email,Seminar,55,false,ADV_0067
HH_000108,Mass Affluent,T2,Southeast,524,2,587500,3,1,Advisor,Seminar,73,true,ADV_0070
HH_000109,Mass Affluent,T2,West,803,2,621000,20,5,Digital,Digital Ad,76,true,ADV_0030
HH_000110,Mass Market,T1,South,641,2,51800,1,1,Email,Seminar,40,false,ADV_0116
HH_000111,High Net Worth,T4,South,635,2,9096000,6,3,Phone,Digital Ad,75,true,ADV_0064
HH_000112,Mass Affluent,T2,Midwest,602,2,475000,23,4,Advisor,Referral,47,true,ADV_0012
HH_000113,Affluent,T3,South,623,1,1225000,17,2,Advisor,Web,56,true,ADV_0100
HH_000114,Mass Affluent,T2,Midwest,510,3,610000,7,1,Phone,Seminar,28,true,ADV_0021
HH_000115,Mass Market,T1,Midwest,602,1,95800,21,6,Advisor,Digital Ad,70,true,ADV_0042
HH_000116,Mass Market,T1,Southeast,528,3,195800,5,2,Advisor,Advisor Prospecting,68,true,ADV_0080
HH_000117,Mass Market,T1,Southeast,560,3,242400,24,2,Direct Mail,Web,66,true,ADV_0026
HH_000118,Mass Affluent,T2,Midwest,602,1,543000,30,1,Digital,Advisor Prospecting,64,false,ADV_0082
HH_000119,Mass Market,T1,Northeast,501,2,68600,24,3,Direct Mail,Referral,91,true,ADV_0040
HH_000120,Mass Market,T1,West,819,2,172000,30,4,Direct Mail,Advisor Prospecting,91,true,ADV_0034
HH_000121,Mass Market,T1,West,807,2,199400,4,6,Advisor,Advisor Prospecting,35,false,ADV_0006
HH_000122,Mass Affluent,T2,West,807,2,302500,21,5,Email,Web,33,true,ADV_0079
HH_000123,Mass Affluent,T2,Midwest,510,2,342000,15,1,Digital,Advisor Prospecting,44,false,ADV_0102
HH_000124,Mass Market,T1,Southeast,528,3,237600,30,2,Advisor,Web,75,true,ADV_0084
HH_000125,Mass Affluent,T2,Midwest,616,2,291000,7,5,Email,Seminar,62,true,ADV_0067
HH_000126,Mass Market,T1,Northeast,501,2,199800,12,2,Advisor,Advisor Prospecting,47,false,ADV_0035
HH_000127,Mass Affluent,T2,Northeast,511,1,465500,26,5,Phone,Advisor Prospecting,13,true,ADV_0115
HH_000128,Mass Affluent,T2,Northeast,511,1,473500,3,1,Email,Advisor Prospecting,81,true,ADV_0023
HH_000129,Mass Affluent,T2,South,659,1,345000,12,4,Email,Seminar,17,true,ADV_0019
HH_000130,Mass Market,T1,Midwest,505,1,203800,16,4,Digital,Referral,89,false,ADV_0023
HH_000131,Mass Affluent,T2,West,819,1,305500,8,5,Email,Advisor Prospecting,13,true,ADV_0079
HH_000132,Mass Affluent,T2,West,807,2,632000,26,1,Email,Seminar,77,true,ADV_0053
HH_000133,Affluent,T3,South,623,2,1280000,15,4,Digital,Referral,33,true,ADV_0066
HH_000134,Mass Market,T1,West,803,2,55000,15,4,Email,Seminar,64,true,ADV_0006
HH_000135,Affluent,T3,South,623,2,1696300,15,2,Direct Mail,Advisor Prospecting,66,true,ADV_0100
HH_000136,Mass Affluent,T2,Southeast,528,2,707500,9,5,Direct Mail,Web,59,false,ADV_0027
HH_000137,Mass Affluent,T2,Midwest,510,2,651000,15,3,Direct Mail,Seminar,22,true,ADV_0044
HH_000138,Mass Market,T1,West,753,1,125800,14,4,Email,Referral,70,true,ADV_0067
HH_000139,Mass Market,T1,Northeast,512,1,129000,12,4,Advisor,Referral,13,false,ADV_0092
HH_000140,Mass Affluent,T2,Northeast,511,3,653500,26,6,Advisor,Digital Ad,58,true,ADV_0028
HH_000141,Mass Affluent,T2,Northeast,512,1,476000,24,6,Phone,Seminar,58,true,ADV_0073
HH_000142,Mass Market,T1,Northeast,511,2,114600,17,5,Direct Mail,Web,72,true,ADV_0049
HH_000143,Mass Affluent,T2,Southeast,560,1,320500,26,2,Direct Mail,Advisor Prospecting,96,true,ADV_0042
HH_000144,Mass Affluent,T2,Northeast,512,2,303500,27,4,Phone,Advisor Prospecting,56,true,ADV_0073
HH_000145,Mass Market,T1,Northeast,504,1,99600,20,1,Direct Mail,Advisor Prospecting,53,true,ADV_0031
HH_000146,Mass Affluent,T2,Northeast,501,2,317000,28,5,Direct Mail,Digital Ad,76,false,ADV_0038
HH_000147,Mass Market,T1,West,753,2,165600,4,6,Direct Mail,Advisor Prospecting,52,true,ADV_0108
HH_000148,Mass Affluent,T2,Midwest,510,3,619000,22,6,Digital,Digital Ad,48,true,ADV_0018
HH_000149,Mass Affluent,T2,Northeast,504,2,283000,19,4,Advisor,Referral,71,true,ADV_0021
HH_000150,High Net Worth,T4,Southeast,528,2,8368000,19,4,Advisor,Digital Ad,79,true,ADV_0068
HH_000151,Mass Affluent,T2,West,807,2,540500,16,4,Direct Mail,Digital Ad,45,false,ADV_0080
HH_000152,Affluent,T3,West,753,2,1856300,16,4,Digital,Seminar,72,true,ADV_0028
HH_000153,Mass Market,T1,Northeast,506,1,122800,29,1,Email,Web,79,true,ADV_0097
HH_000154,Affluent,T3,South,635,3,795000,25,1,Digital,Seminar,50,true,ADV_0093
HH_000155,Affluent,T3,West,819,2,836300,29,6,Advisor,Seminar,58,false,ADV_0087
HH_000156,Mass Market,T1,South,623,2,99800,18,3,Direct Mail,Seminar,40,true,ADV_0086
HH_000157,High Net Worth,T4,Midwest,617,1,3776000,5,2,Advisor,Referral,70,true,ADV_0023
HH_000158,Mass Market,T1,West,753,1,175200,26,4,Email,Web,54,true,ADV_0070
HH_000159,Mass Market,T1,South,635,2,97400,5,4,Phone,Web,5,true,ADV_0043
HH_000160,High Net Worth,T4,South,641,2,7232000,26,3,Digital,Digital Ad,75,true,ADV_0013
HH_000161,Mass Affluent,T2,West,753,1,285000,28,6,Phone,Digital Ad,41,true,ADV_0011
HH_000162,Affluent,T3,Northeast,511,2,1142500,28,1,Advisor,Web,34,false,ADV_0083
HH_000163,Affluent,T3,Northeast,501,3,1893800,13,6,Phone,Digital Ad,75,true,ADV_0052
HH_000164,Mass Affluent,T2,West,819,1,377500,11,2,Digital,Referral,13,true,ADV_0118
HH_000165,Mass Affluent,T2,Northeast,504,2,503500,3,2,Digital,Advisor Prospecting,52,true,ADV_0045
HH_000166,Mass Market,T1,Northeast,511,2,167200,8,3,Digital,Advisor Prospecting,88,false,ADV_0015
HH_000167,Affluent,T3,Northeast,501,2,1372500,13,6,Direct Mail,Web,56,true,ADV_0046
HH_000168,Mass Market,T1,Southeast,524,1,102800,30,1,Phone,Seminar,53,true,ADV_0035
HH_000169,Mass Market,T1,Northeast,504,2,162000,25,2,Phone,Advisor Prospecting,85,false,ADV_0042
HH_000170,Mass Affluent,T2,South,641,1,460500,15,6,Phone,Referral,26,true,ADV_0012
HH_000171,Mass Affluent,T2,Southeast,528,1,532000,22,4,Direct Mail,Seminar,27,true,ADV_0073
HH_000172,Mass Market,T1,Midwest,602,1,130800,15,1,Direct Mail,Digital Ad,3,true,ADV_0078
HH_000173,Mass Affluent,T2,Southeast,528,1,452000,11,3,Email,Referral,76,true,ADV_0065
HH_000174,Affluent,T3,West,753,1,1377500,18,3,Digital,Digital Ad,40,true,ADV_0091
HH_000175,Mass Market,T1,Midwest,616,2,165800,28,4,Phone,Advisor Prospecting,27,true,ADV_0082
HH_000176,Mass Affluent,T2,Northeast,501,2,416000,2,2,Direct Mail,Referral,78,true,ADV_0006
HH_000177,Mass Affluent,T2,Southeast,528,2,318500,1,2,Phone,Web,52,true,ADV_0115
HH_000178,Mass Market,T1,Midwest,602,1,156600,17,5,Phone,Digital Ad,66,true,ADV_0089
HH_000179,Mass Affluent,T2,Southeast,528,1,452000,15,1,Advisor,Advisor Prospecting,75,true,ADV_0059
HH_000180,Mass Market,T1,Midwest,609,2,139600,21,2,Email,Seminar,33,true,ADV_0030
HH_000181,Mass Affluent,T2,Northeast,511,2,675000,1,2,Digital,Referral,37,true,ADV_0065
HH_000182,Mass Affluent,T2,West,807,3,446000,7,5,Phone,Seminar,23,true,ADV_0053
HH_000183,Mass Affluent,T2,Northeast,501,2,562000,16,2,Direct Mail,Referral,39,true,ADV_0093
HH_000184,Mass Market,T1,Northeast,501,1,186600,7,3,Phone,Web,87,true,ADV_0041
HH_000185,Mass Market,T1,Northeast,501,2,239600,14,2,Digital,Referral,55,true,ADV_0026
HH_000186,Mass Market,T1,Northeast,504,1,204800,4,6,Digital,Web,21,true,ADV_0076
HH_000187,Mass Affluent,T2,Southeast,528,3,292500,7,6,Advisor,Advisor Prospecting,72,false,ADV_0099
HH_000188,High Net Worth,T4,Midwest,609,2,7072000,29,4,Advisor,Referral,22,true,ADV_0058
HH_000189,Affluent,T3,Northeast,504,2,1400000,27,3,Email,Web,37,true,ADV_0032
HH_000190,Affluent,T3,West,753,2,1655000,23,5,Digital,Referral,52,true,ADV_0037
HH_000191,Mass Affluent,T2,South,641,3,493500,12,5,Email,Digital Ad,33,true,ADV_0006
HH_000192,High Net Worth,T4,Midwest,505,2,5576000,17,4,Advisor,Web,54,true,ADV_0081
HH_000193,Mass Market,T1,Midwest,510,1,192200,2,3,Direct Mail,Advisor Prospecting,56,true,ADV_0057
HH_000194,Mass Market,T1,South,659,2,218800,23,3,Digital,Web,23,true,ADV_0027
HH_000195,Mass Affluent,T2,Midwest,616,1,582500,7,1,Email,Referral,32,true,ADV_0025
HH_000196,Mass Affluent,T2,South,659,1,477500,11,5,Advisor,Referral,93,true,ADV_0045
HH_000197,Mass Market,T1,Northeast,501,2,130400,19,2,Email,Web,49,true,ADV_0002
HH_000198,Affluent,T3,West,753,2,1448800,28,1,Email,Advisor Prospecting,29,false,ADV_0109
HH_000199,Mass Affluent,T2,Northeast,511,3,580500,8,3,Email,Web,44,true,ADV_0073
HH_000200,Mass Market,T1,South,641,2,99600,15,4,Digital,Digital Ad,47,true,ADV_0039
HH_000201,Affluent,T3,West,819,2,1341300,7,4,Direct Mail,Digital Ad,57,true,ADV_0030
HH_000202,Affluent,T3,Southeast,560,2,1773800,29,3,Advisor,Referral,49,false,ADV_0064
HH_000203,High Net Worth,T4,Northeast,512,2,9232000,2,5,Digital,Web,45,false,ADV_0112
HH_000204,High Net Worth,T4,Midwest,510,2,3776000,21,4,Phone,Digital Ad,56,false,ADV_0093
HH_000205,Affluent,T3,South,659,2,1452500,12,5,Phone,Seminar,74,true,ADV_0081
HH_000206,Mass Affluent,T2,Southeast,528,1,362000,15,1,Digital,Web,52,true,ADV_0033
HH_000207,Mass Market,T1,Southeast,524,1,180800,6,2,Phone,Web,15,true,ADV_0039
HH_000208,Mass Affluent,T2,Southeast,560,2,424500,6,6,Advisor,Web,57,true,ADV_0044
HH_000209,Affluent,T3,South,659,1,1127500,20,1,Email,Seminar,17,true,ADV_0045
HH_000210,Mass Market,T1,Midwest,609,2,142000,1,4,Direct Mail,Digital Ad,61,true,ADV_0056
HH_000211,Mass Market,T1,Northeast,501,2,191800,7,5,Direct Mail,Digital Ad,88,true,ADV_0037
HH_000212,Mass Affluent,T2,West,807,2,437000,7,3,Digital,Digital Ad,63,false,ADV_0022
HH_000213,Affluent,T3,Northeast,504,2,1835000,15,5,Direct Mail,Seminar,33,true,ADV_0033
HH_000214,Mass Market,T1,South,641,1,109400,3,2,Advisor,Web,91,true,ADV_0042
HH_000215,Mass Affluent,T2,Midwest,602,1,656500,13,5,Direct Mail,Seminar,41,true,ADV_0015
HH_000216,Mass Market,T1,Northeast,511,1,226200,18,3,Direct Mail,Seminar,54,true,ADV_0053
HH_000217,Affluent,T3,Midwest,616,1,1045000,25,2,Phone,Referral,44,true,ADV_0093
HH_000218,Mass Affluent,T2,Southeast,524,2,305500,14,5,Digital,Web,6,false,ADV_0111
HH_000219,Affluent,T3,Northeast,511,2,752500,27,4,Digital,Advisor Prospecting,67,true,ADV_0014
HH_000220,Mass Market,T1,Midwest,527,2,163400,27,2,Email,Seminar,33,true,ADV_0013
HH_000221,Mass Market,T1,South,623,2,141200,19,5,Advisor,Web,50,true,ADV_0003
HH_000222,High Net Worth,T4,Northeast,506,1,4032000,17,3,Advisor,Referral,84,true,ADV_0105
HH_000223,Mass Affluent,T2,Southeast,560,3,315500,13,2,Phone,Web,79,true,ADV_0101
HH_000224,Affluent,T3,South,641,2,1526300,12,1,Advisor,Advisor Prospecting,42,false,ADV_0006
HH_000225,Mass Market,T1,Northeast,511,1,93000,22,5,Digital,Digital Ad,74,true,ADV_0082
HH_000226,Mass Market,T1,Southeast,528,3,83000,13,3,Direct Mail,Digital Ad,37,true,ADV_0120
HH_000227,Mass Market,T1,Midwest,527,2,227400,11,2,Email,Digital Ad,63,false,ADV_0036
HH_000228,Mass Affluent,T2,West,753,2,353000,5,6,Advisor,Web,29,true,ADV_0089
HH_000229,Mass Market,T1,South,659,2,176800,11,4,Email,Digital Ad,51,true,ADV_0067
HH_000230,Mass Affluent,T2,Midwest,510,1,478500,6,2,Advisor,Advisor Prospecting,34,true,ADV_0116
HH_000231,High Net Worth,T4,Midwest,602,2,9832000,25,1,Email,Digital Ad,61,false,ADV_0049
HH_000232,Mass Affluent,T2,Southeast,528,1,394500,11,3,Digital,Digital Ad,3,true,ADV_0091
HH_000233,Mass Affluent,T2,Northeast,512,3,313000,11,6,Email,Digital Ad,60,true,ADV_0003
HH_000234,Mass Affluent,T2,Southeast,524,1,392500,6,2,Direct Mail,Advisor Prospecting,48,false,ADV_0014
HH_000235,Mass Market,T1,Northeast,512,2,142600,30,6,Phone,Advisor Prospecting,40,true,ADV_0047
HH_000236,Affluent,T3,Midwest,527,2,1245000,16,4,Digital,Referral,31,true,ADV_0088
HH_000237,Mass Market,T1,Northeast,512,1,148600,27,1,Digital,Referral,68,true,ADV_0110
HH_000238,High Net Worth,T4,Northeast,501,1,5392000,26,3,Digital,Advisor Prospecting,37,true,ADV_0120
HH_000239,Mass Affluent,T2,Midwest,527,1,744500,23,1,Email,Digital Ad,11,true,ADV_0047
HH_000240,High Net Worth,T4,Southeast,560,1,7528000,15,1,Digital,Referral,24,true,ADV_0016
HH_000241,Mass Market,T1,West,803,3,223400,30,2,Digital,Advisor Prospecting,78,false,ADV_0030
HH_000242,Mass Affluent,T2,Northeast,511,1,450000,24,5,Email,Seminar,24,false,ADV_0106
HH_000243,Mass Market,T1,Northeast,501,3,96400,7,3,Phone,Digital Ad,35,true,ADV_0044
HH_000244,Mass Market,T1,West,753,2,172000,25,2,Advisor,Advisor Prospecting,50,false,ADV_0009
HH_000245,Mass Market,T1,Midwest,602,2,91600,9,6,Digital,Web,28,true,ADV_0040
HH_000246,Mass Affluent,T2,Northeast,504,1,370500,6,1,Advisor,Advisor Prospecting,44,true,ADV_0008
HH_000247,Mass Affluent,T2,Northeast,504,3,257000,9,5,Advisor,Referral,43,true,ADV_0105
HH_000248,Affluent,T3,Northeast,511,2,1310000,18,1,Phone,Advisor Prospecting,43,true,ADV_0054
HH_000249,Mass Market,T1,Northeast,511,2,223000,9,6,Phone,Advisor Prospecting,76,true,ADV_0028
HH_000250,Affluent,T3,West,807,2,952500,27,2,Email,Digital Ad,73,false,ADV_0015
HH_000251,Mass Affluent,T2,Midwest,609,2,567000,23,5,Advisor,Advisor Prospecting,33,false,ADV_0109
HH_000252,Mass Affluent,T2,South,659,1,325500,22,5,Phone,Digital Ad,86,true,ADV_0079
HH_000253,Mass Market,T1,Northeast,506,2,108200,23,6,Advisor,Referral,86,false,ADV_0047
HH_000254,Mass Affluent,T2,West,807,2,420500,15,4,Email,Digital Ad,36,true,ADV_0050
HH_000255,Affluent,T3,South,635,1,1672500,29,4,Email,Referral,47,false,ADV_0060
HH_000256,Mass Affluent,T2,Midwest,510,2,437000,23,1,Advisor,Web,33,true,ADV_0014
HH_000257,High Net Worth,T4,Midwest,616,1,9976000,4,1,Email,Web,74,true,ADV_0114
HH_000258,Mass Market,T1,Northeast,504,1,129200,26,4,Digital,Web,90,true,ADV_0023
HH_000259,Mass Affluent,T2,Midwest,510,1,297500,11,4,Digital,Referral,29,true,ADV_0120
HH_000260,Mass Market,T1,South,659,2,164400,9,2,Digital,Web,80,true,ADV_0119
HH_000261,Mass Affluent,T2,Southeast,528,3,442000,23,2,Advisor,Seminar,71,true,ADV_0057
HH_000262,Mass Affluent,T2,Northeast,511,2,391000,20,6,Phone,Advisor Prospecting,55,true,ADV_0014
HH_000263,Mass Market,T1,West,753,2,80600,14,4,Phone,Referral,52,true,ADV_0107
HH_000264,Mass Market,T1,Midwest,527,2,145600,22,5,Advisor,Web,61,true,ADV_0061
HH_000265,Mass Affluent,T2,Midwest,616,1,340000,19,4,Phone,Seminar,48,true,ADV_0004
HH_000266,Mass Affluent,T2,Northeast,511,2,449500,17,4,Direct Mail,Referral,39,false,ADV_0024
HH_000267,High Net Worth,T4,South,659,1,3744000,19,2,Digital,Advisor Prospecting,55,true,ADV_0009
HH_000268,Mass Market,T1,Southeast,524,3,122800,28,5,Advisor,Advisor Prospecting,53,true,ADV_0030
HH_000269,Mass Market,T1,South,659,2,73200,22,5,Digital,Web,20,true,ADV_0046
HH_000270,Mass Market,T1,South,659,1,139800,14,3,Phone,Advisor Prospecting,82,false,ADV_0041
HH_000271,Mass Market,T1,South,635,2,51800,23,1,Digital,Web,54,true,ADV_0066
HH_000272,Mass Affluent,T2,Southeast,528,2,717000,4,1,Digital,Seminar,31,true,ADV_0085
HH_000273,Mass Market,T1,Midwest,510,1,73600,2,1,Digital,Web,57,true,ADV_0073
HH_000274,Affluent,T3,Midwest,510,1,822500,8,1,Email,Seminar,28,true,ADV_0048
HH_000275,Affluent,T3,Northeast,511,1,947500,19,6,Advisor,Seminar,51,true,ADV_0004
HH_000276,Mass Affluent,T2,Northeast,511,2,355000,19,6,Advisor,Web,37,true,ADV_0071
HH_000277,Mass Market,T1,Midwest,527,2,163600,22,3,Advisor,Seminar,16,true,ADV_0084
HH_000278,Affluent,T3,Midwest,510,3,1293800,17,4,Phone,Seminar,67,false,ADV_0083
HH_000279,Mass Affluent,T2,Midwest,609,2,668500,29,3,Advisor,Referral,38,true,ADV_0067
HH_000280,Mass Market,T1,Northeast,512,1,67400,9,5,Email,Digital Ad,19,true,ADV_0007
HH_000281,Mass Market,T1,Midwest,609,2,241000,24,4,Digital,Seminar,46,false,ADV_0034
HH_000282,Mass Affluent,T2,West,753,2,718500,9,1,Email,Web,93,true,ADV_0088
HH_000283,Mass Affluent,T2,Northeast,511,1,656500,10,6,Email,Referral,33,true,ADV_0080
HH_000284,Mass Market,T1,West,753,2,164800,10,4,Phone,Advisor Prospecting,38,true,ADV_0021
HH_000285,Mass Affluent,T2,Southeast,528,2,359500,16,5,Digital,Referral,23,true,ADV_0107
HH_000286,Mass Market,T1,Northeast,511,2,139400,16,2,Advisor,Web,73,true,ADV_0009
HH_000287,High Net Worth,T4,West,753,2,8160000,15,6,Advisor,Referral,65,true,ADV_0044
HH_000288,Mass Market,T1,Midwest,616,2,126000,17,3,Digital,Digital Ad,53,true,ADV_0062
HH_000289,Mass Affluent,T2,Northeast,511,2,644000,4,4,Digital,Seminar,50,true,ADV_0002
HH_000290,Affluent,T3,South,635,2,908800,21,1,Digital,Web,31,true,ADV_0093
HH_000291,Mass Market,T1,Northeast,511,1,142600,20,5,Email,Referral,70,true,ADV_0015
HH_000292,Mass Market,T1,Northeast,501,2,137400,12,5,Direct Mail,Referral,35,true,ADV_0063
HH_000293,Mass Affluent,T2,Midwest,602,2,540500,16,1,Email,Web,73,true,ADV_0047
HH_000294,Mass Affluent,T2,Northeast,501,2,401500,21,6,Direct Mail,Seminar,66,true,ADV_0034
HH_000295,Affluent,T3,Southeast,528,2,755000,21,2,Digital,Web,15,true,ADV_0110
HH_000296,Mass Affluent,T2,Northeast,506,2,542500,2,4,Phone,Referral,78,true,ADV_0060
HH_000297,Mass Affluent,T2,Midwest,602,2,305000,16,1,Advisor,Advisor Prospecting,82,true,ADV_0095
HH_000298,Affluent,T3,Southeast,528,2,1715000,12,6,Phone,Web,21,true,ADV_0056
HH_000299,Mass Affluent,T2,Northeast,501,1,277000,15,2,Email,Digital Ad,64,true,ADV_0101
HH_000300,High Net Worth,T4,Northeast,501,1,6376000,12,4,Email,Digital Ad,82,true,ADV_0119
HH_000301,Affluent,T3,South,635,1,1600000,22,4,Phone,Advisor Prospecting,39,true,ADV_0068
HH_000302,Affluent,T3,Northeast,501,2,1642500,28,1,Direct Mail,Advisor Prospecting,36,true,ADV_0003
HH_000303,Mass Market,T1,South,659,2,128000,30,5,Advisor,Referral,14,true,ADV_0116
HH_000304,Mass Market,T1,South,641,2,143600,18,6,Email,Digital Ad,70,false,ADV_0034
HH_000305,Mass Market,T1,Southeast,528,2,156200,19,1,Phone,Digital Ad,57,false,ADV_0111
HH_000306,Mass Affluent,T2,Midwest,616,1,634000,27,4,Direct Mail,Seminar,45,true,ADV_0110
HH_000307,Mass Affluent,T2,West,803,1,622000,19,4,Advisor,Advisor Prospecting,2,true,ADV_0035
HH_000308,Mass Market,T1,West,753,2,247200,7,4,Direct Mail,Seminar,63,false,ADV_0102
HH_000309,Affluent,T3,West,803,2,818800,21,5,Digital,Referral,7,false,ADV_0070
HH_000310,High Net Worth,T4,Southeast,528,2,2320000,5,5,Digital,Referral,8,true,ADV_0004
HH_000311,Mass Affluent,T2,Northeast,511,2,559500,20,4,Direct Mail,Advisor Prospecting,61,true,ADV_0119
HH_000312,Mass Market,T1,West,807,2,83200,17,2,Phone,Web,22,true,ADV_0079
HH_000313,High Net Worth,T4,Northeast,501,2,7536000,11,5,Email,Advisor Prospecting,83,true,ADV_0036
HH_000314,Mass Affluent,T2,West,807,1,330000,7,4,Phone,Web,34,true,ADV_0023
HH_000315,Mass Affluent,T2,Southeast,524,2,504500,25,5,Digital,Referral,35,true,ADV_0091
HH_000316,Affluent,T3,West,819,2,1571300,18,3,Digital,Advisor Prospecting,59,true,ADV_0040
HH_000317,Affluent,T3,Midwest,527,2,1278800,26,1,Email,Referral,72,true,ADV_0040
HH_000318,Affluent,T3,Northeast,501,3,1075000,17,5,Advisor,Referral,47,false,ADV_0052
HH_000319,Affluent,T3,West,807,2,1952500,6,5,Phone,Referral,66,true,ADV_0102
HH_000320,Mass Affluent,T2,Southeast,528,2,567500,14,4,Phone,Advisor Prospecting,62,true,ADV_0016
HH_000321,Mass Market,T1,Midwest,602,1,186800,26,5,Phone,Seminar,4,true,ADV_0110
HH_000322,Affluent,T3,Midwest,527,1,1236300,2,5,Digital,Advisor Prospecting,13,true,ADV_0050
HH_000323,Mass Affluent,T2,Northeast,511,2,748500,16,3,Email,Digital Ad,49,false,ADV_0108
HH_000324,Mass Market,T1,Midwest,609,1,120600,4,2,Digital,Seminar,27,false,ADV_0118
HH_000325,Mass Market,T1,Midwest,505,2,160600,15,3,Phone,Referral,71,true,ADV_0059
HH_000326,Mass Affluent,T2,West,753,3,534500,28,4,Direct Mail,Referral,51,true,ADV_0101
HH_000327,Mass Affluent,T2,West,753,2,432000,6,3,Digital,Referral,77,true,ADV_0060
HH_000328,Mass Market,T1,Southeast,528,2,127200,7,1,Phone,Referral,63,true,ADV_0033
HH_000329,Affluent,T3,Northeast,511,1,1913800,9,3,Advisor,Advisor Prospecting,84,false,ADV_0031
HH_000330,Mass Affluent,T2,South,659,1,537000,4,2,Digital,Digital Ad,64,true,ADV_0008
HH_000331,Affluent,T3,Midwest,602,1,961300,17,4,Phone,Referral,63,true,ADV_0013
HH_000332,Mass Affluent,T2,Midwest,617,1,258000,5,5,Direct Mail,Digital Ad,72,true,ADV_0035
HH_000333,Mass Market,T1,West,807,1,128400,7,3,Email,Referral,13,true,ADV_0082
HH_000334,Mass Affluent,T2,West,819,1,262000,16,3,Advisor,Digital Ad,65,false,ADV_0030
HH_000335,Affluent,T3,Northeast,512,2,756300,16,6,Phone,Seminar,56,true,ADV_0064
HH_000336,Mass Market,T1,West,807,2,88400,26,1,Direct Mail,Referral,43,true,ADV_0080
HH_000337,Affluent,T3,Midwest,617,1,1505000,11,4,Phone,Web,45,true,ADV_0083
HH_000338,Mass Market,T1,Midwest,510,3,139400,1,3,Digital,Seminar,51,true,ADV_0057
HH_000339,Mass Affluent,T2,Midwest,602,1,541000,1,6,Email,Advisor Prospecting,10,true,ADV_0111
HH_000340,Mass Market,T1,South,659,2,140200,8,4,Advisor,Web,43,false,ADV_0042
HH_000341,Affluent,T3,South,659,1,770000,6,5,Phone,Web,46,true,ADV_0113
HH_000342,Mass Affluent,T2,Southeast,528,1,300000,6,2,Phone,Advisor Prospecting,51,true,ADV_0063
HH_000343,Affluent,T3,Midwest,609,2,1740000,15,2,Digital,Digital Ad,69,true,ADV_0078
HH_000344,Mass Affluent,T2,Midwest,527,3,538000,5,6,Direct Mail,Digital Ad,55,false,ADV_0049
HH_000345,Mass Affluent,T2,Northeast,512,2,387500,30,5,Advisor,Digital Ad,59,true,ADV_0063
HH_000346,Mass Affluent,T2,Northeast,501,1,517500,10,5,Email,Digital Ad,44,true,ADV_0119
HH_000347,Affluent,T3,West,753,2,1093800,10,2,Advisor,Web,56,true,ADV_0097
HH_000348,Affluent,T3,South,659,1,1641300,17,4,Direct Mail,Seminar,18,true,ADV_0087
HH_000349,Mass Affluent,T2,Northeast,501,1,410000,30,5,Digital,Seminar,41,true,ADV_0096
HH_000350,Mass Affluent,T2,South,659,1,687000,30,3,Direct Mail,Advisor Prospecting,30,true,ADV_0010
HH_000351,Mass Affluent,T2,Southeast,560,1,252500,17,5,Direct Mail,Advisor Prospecting,63,true,ADV_0009
HH_000352,Mass Affluent,T2,South,659,1,741000,24,4,Phone,Advisor Prospecting,48,true,ADV_0006
HH_000353,Affluent,T3,Midwest,616,1,1601300,30,5,Email,Advisor Prospecting,51,false,ADV_0108
HH_000354,Ultra HNW,T5,Southeast,524,1,31160000,19,6,Advisor,Advisor Prospecting,28,true,ADV_0079
HH_000355,Mass Market,T1,Southeast,528,2,223600,30,3,Phone,Web,46,true,ADV_0068
HH_000356,Mass Affluent,T2,Northeast,504,2,639500,18,6,Phone,Digital Ad,44,true,ADV_0077
HH_000357,Mass Market,T1,Southeast,524,1,93000,24,2,Advisor,Seminar,24,true,ADV_0093
HH_000358,Mass Market,T1,Midwest,616,2,161400,11,1,Phone,Referral,41,true,ADV_0091
HH_000359,Mass Market,T1,Southeast,528,2,233200,27,1,Phone,Advisor Prospecting,68,false,ADV_0039
HH_000360,Mass Market,T1,Northeast,504,2,55600,9,1,Digital,Referral,54,true,ADV_0108
HH_000361,Affluent,T3,Southeast,560,2,1366300,15,3,Direct Mail,Digital Ad,58,true,ADV_0052
HH_000362,Mass Affluent,T2,Northeast,501,2,329500,4,6,Phone,Web,45,true,ADV_0097
HH_000363,Mass Affluent,T2,Midwest,527,2,324000,25,2,Advisor,Digital Ad,8,true,ADV_0113
HH_000364,Affluent,T3,South,659,1,1761300,21,5,Direct Mail,Advisor Prospecting,94,true,ADV_0088
HH_000365,Mass Market,T1,Southeast,560,1,202200,19,4,Advisor,Advisor Prospecting,55,true,ADV_0034
HH_000366,Mass Market,T1,Midwest,616,1,61600,14,6,Email,Advisor Prospecting,69,true,ADV_0051
HH_000367,Mass Affluent,T2,Northeast,512,2,257000,24,5,Digital,Advisor Prospecting,23,true,ADV_0113
HH_000368,Mass Affluent,T2,Midwest,510,2,478500,27,4,Phone,Advisor Prospecting,32,true,ADV_0066
HH_000369,Affluent,T3,Northeast,501,1,1733800,7,3,Advisor,Digital Ad,29,true,ADV_0093
HH_000370,Affluent,T3,West,753,2,1395000,26,6,Direct Mail,Seminar,63,false,ADV_0005
HH_000371,High Net Worth,T4,Midwest,505,1,5192000,8,3,Digital,Web,70,true,ADV_0085
HH_000372,Mass Market,T1,Midwest,616,1,151000,21,6,Phone,Referral,44,true,ADV_0014
HH_000373,Mass Market,T1,Midwest,602,2,173800,12,6,Digital,Advisor Prospecting,58,true,ADV_0063
HH_000374,Mass Affluent,T2,Southeast,528,1,670500,2,5,Advisor,Web,72,true,ADV_0060
HH_000375,Affluent,T3,Northeast,504,1,1667500,7,5,Advisor,Digital Ad,40,true,ADV_0037
HH_000376,Mass Market,T1,Northeast,511,2,227400,18,3,Digital,Web,20,true,ADV_0096
HH_000377,Affluent,T3,South,641,2,1727500,25,6,Phone,Advisor Prospecting,28,true,ADV_0119
HH_000378,Mass Market,T1,West,803,1,206800,27,5,Direct Mail,Advisor Prospecting,45,true,ADV_0109
HH_000379,Affluent,T3,Northeast,501,2,1640000,7,1,Phone,Web,42,true,ADV_0103
HH_000380,Mass Affluent,T2,South,641,1,625000,21,4,Email,Web,57,true,ADV_0021
HH_000381,Affluent,T3,Midwest,609,1,1377500,26,6,Email,Referral,83,true,ADV_0036
HH_000382,Mass Market,T1,Midwest,617,1,174000,11,3,Digital,Digital Ad,61,true,ADV_0089
HH_000383,Mass Market,T1,Southeast,524,2,204800,19,2,Phone,Referral,7,false,ADV_0047
HH_000384,Mass Market,T1,West,807,1,116800,29,4,Phone,Web,45,true,ADV_0110
HH_000385,Mass Affluent,T2,Southeast,528,2,407500,28,1,Advisor,Seminar,45,false,ADV_0066
HH_000386,Mass Market,T1,Northeast,511,2,62800,17,4,Direct Mail,Web,34,true,ADV_0025
HH_000387,Mass Affluent,T2,South,659,1,501000,15,6,Direct Mail,Digital Ad,8,false,ADV_0116
HH_000388,Affluent,T3,Northeast,511,1,1451300,7,3,Phone,Referral,60,true,ADV_0055
HH_000389,Mass Affluent,T2,Northeast,506,1,450000,22,4,Direct Mail,Digital Ad,10,true,ADV_0043
HH_000390,Mass Market,T1,Southeast,560,1,217800,23,1,Digital,Advisor Prospecting,87,true,ADV_0105
HH_000391,Affluent,T3,Midwest,609,1,1661300,1,3,Digital,Referral,12,true,ADV_0099
HH_000392,High Net Worth,T4,South,641,2,7936000,14,6,Advisor,Referral,93,true,ADV_0096
HH_000393,Affluent,T3,West,807,3,798800,2,1,Phone,Web,76,true,ADV_0022
HH_000394,Mass Market,T1,West,819,2,132200,23,6,Email,Digital Ad,86,true,ADV_0094
HH_000395,Affluent,T3,Midwest,505,2,1153800,25,6,Email,Advisor Prospecting,25,true,ADV_0059
HH_000396,Mass Affluent,T2,South,659,2,548500,20,6,Direct Mail,Seminar,68,false,ADV_0066
HH_000397,Affluent,T3,South,635,1,1118800,16,1,Phone,Web,69,true,ADV_0108
HH_000398,Affluent,T3,Midwest,510,3,832500,1,5,Digital,Digital Ad,75,true,ADV_0084
HH_000399,High Net Worth,T4,South,659,2,5256000,22,6,Phone,Web,12,true,ADV_0043
HH_000400,Affluent,T3,Midwest,510,1,1915000,11,5,Email,Web,60,true,ADV_0046
HH_000401,Mass Market,T1,Northeast,511,1,110000,22,6,Direct Mail,Web,84,false,ADV_0108
HH_000402,Mass Market,T1,Northeast,501,2,192800,29,5,Advisor,Web,29,true,ADV_0026
HH_000403,Mass Market,T1,Northeast,512,2,219400,1,4,Advisor,Web,36,false,ADV_0003
HH_000404,Mass Market,T1,Southeast,524,1,140000,29,3,Digital,Web,83,true,ADV_0077
HH_000405,Affluent,T3,Midwest,616,2,840000,14,6,Direct Mail,Referral,39,true,ADV_0100
HH_000406,Mass Affluent,T2,West,807,1,726000,1,5,Phone,Web,57,true,ADV_0080
HH_000407,Mass Market,T1,Northeast,501,2,61400,15,1,Phone,Seminar,77,true,ADV_0104
HH_000408,Mass Market,T1,Midwest,510,1,119000,23,1,Email,Seminar,90,true,ADV_0023
HH_000409,Affluent,T3,West,807,1,1050000,29,2,Direct Mail,Referral,63,true,ADV_0004
HH_000410,Mass Market,T1,West,819,1,219000,6,3,Digital,Digital Ad,49,true,ADV_0015
HH_000411,Mass Affluent,T2,West,803,1,510000,17,2,Phone,Seminar,22,true,ADV_0034
HH_000412,Mass Affluent,T2,West,753,2,698000,3,5,Phone,Referral,7,true,ADV_0050
HH_000413,Mass Market,T1,West,803,2,230600,9,4,Digital,Advisor Prospecting,44,true,ADV_0057
HH_000414,Affluent,T3,Northeast,501,1,1768800,25,4,Digital,Seminar,68,true,ADV_0013
HH_000415,Mass Market,T1,Midwest,617,1,81600,13,3,Advisor,Digital Ad,11,true,ADV_0033
HH_000416,Mass Affluent,T2,Midwest,602,3,719000,12,6,Phone,Digital Ad,60,true,ADV_0063
HH_000417,Affluent,T3,South,659,2,983800,11,1,Digital,Advisor Prospecting,46,true,ADV_0041
HH_000418,Affluent,T3,West,807,3,1083800,6,3,Phone,Digital Ad,81,true,ADV_0067
HH_000419,Mass Affluent,T2,Midwest,602,2,587500,26,3,Digital,Advisor Prospecting,17,false,ADV_0057
HH_000420,Mass Market,T1,Northeast,504,1,224000,5,4,Direct Mail,Referral,23,true,ADV_0068
HH_000421,Mass Market,T1,Midwest,609,2,110600,4,3,Advisor,Web,38,true,ADV_0056
HH_000422,Mass Market,T1,Southeast,524,2,126200,8,3,Email,Referral,50,true,ADV_0100
HH_000423,Mass Market,T1,Northeast,511,1,61200,10,5,Email,Advisor Prospecting,87,false,ADV_0104
HH_000424,Mass Affluent,T2,Midwest,617,2,368500,27,1,Advisor,Web,82,true,ADV_0097
HH_000425,Mass Affluent,T2,South,659,3,475000,16,1,Phone,Advisor Prospecting,51,false,ADV_0044
HH_000426,Mass Affluent,T2,Midwest,602,1,518500,18,5,Phone,Seminar,60,true,ADV_0040
HH_000427,Mass Market,T1,Northeast,504,2,120200,2,2,Email,Web,40,false,ADV_0106
HH_000428,Mass Affluent,T2,Northeast,511,3,286500,18,6,Phone,Seminar,57,true,ADV_0085
HH_000429,Affluent,T3,Northeast,511,2,1367500,19,3,Digital,Referral,58,true,ADV_0078
HH_000430,Mass Market,T1,Midwest,510,1,160400,17,4,Digital,Referral,51,false,ADV_0039
HH_000431,Mass Market,T1,Northeast,511,1,179000,17,6,Advisor,Digital Ad,21,true,ADV_0093
HH_000432,Affluent,T3,South,641,1,971300,26,5,Phone,Web,88,true,ADV_0063
HH_000433,Mass Affluent,T2,Northeast,504,1,469000,23,1,Direct Mail,Digital Ad,29,true,ADV_0025
HH_000434,Mass Market,T1,Southeast,528,1,69800,11,5,Phone,Web,67,true,ADV_0116
HH_000435,Mass Market,T1,Southeast,524,2,111600,9,4,Advisor,Advisor Prospecting,31,true,ADV_0039
HH_000436,Mass Market,T1,Midwest,510,2,74600,29,6,Email,Web,49,true,ADV_0049
HH_000437,Mass Affluent,T2,Northeast,511,1,303500,16,3,Direct Mail,Web,23,true,ADV_0001
HH_000438,Affluent,T3,Northeast,501,1,1128800,25,4,Advisor,Seminar,4,true,ADV_0106
HH_000439,Mass Affluent,T2,South,659,2,290000,17,1,Phone,Digital Ad,55,true,ADV_0014
HH_000440,Mass Affluent,T2,South,659,1,521000,11,5,Direct Mail,Seminar,41,true,ADV_0089
HH_000441,Mass Affluent,T2,Southeast,528,2,406000,10,3,Digital,Referral,24,true,ADV_0063
HH_000442,Mass Affluent,T2,Midwest,505,2,381000,21,5,Digital,Web,67,true,ADV_0095
HH_000443,Mass Market,T1,Northeast,501,1,86400,3,4,Phone,Referral,10,true,ADV_0022
HH_000444,Mass Affluent,T2,Midwest,617,2,552500,24,6,Digital,Digital Ad,52,true,ADV_0059
HH_000445,Mass Market,T1,Northeast,504,1,147200,22,3,Email,Advisor Prospecting,51,true,ADV_0030
HH_000446,Mass Affluent,T2,West,807,1,428000,14,5,Digital,Referral,35,true,ADV_0099
HH_000447,Mass Market,T1,Midwest,602,2,205200,8,2,Advisor,Web,43,false,ADV_0044
HH_000448,Mass Market,T1,Southeast,528,2,137200,13,6,Email,Seminar,38,true,ADV_0108
HH_000449,Mass Affluent,T2,Northeast,501,2,485000,28,1,Direct Mail,Advisor Prospecting,64,true,ADV_0076
HH_000450,Mass Market,T1,Northeast,504,1,239000,15,4,Advisor,Digital Ad,58,true,ADV_0051
HH_000451,Mass Market,T1,Southeast,528,2,105200,6,5,Email,Web,38,true,ADV_0028
HH_000452,Affluent,T3,Southeast,524,1,1217500,9,6,Direct Mail,Advisor Prospecting,68,true,ADV_0021
HH_000453,Mass Affluent,T2,Northeast,501,1,648000,14,4,Email,Digital Ad,54,false,ADV_0071
HH_000454,Mass Market,T1,Northeast,511,1,211000,16,6,Digital,Digital Ad,2,true,ADV_0024
HH_000455,Mass Market,T1,Midwest,602,2,105000,6,3,Email,Referral,56,true,ADV_0052
HH_000456,Mass Market,T1,South,623,3,116600,17,2,Direct Mail,Seminar,33,true,ADV_0087
HH_000457,High Net Worth,T4,Midwest,616,2,8280000,28,2,Digital,Seminar,84,true,ADV_0031
HH_000458,Mass Affluent,T2,Northeast,504,1,657500,13,3,Phone,Referral,57,true,ADV_0007
HH_000459,Affluent,T3,Midwest,616,2,760000,22,3,Email,Advisor Prospecting,65,true,ADV_0047
HH_000460,Affluent,T3,South,659,2,1580000,2,4,Advisor,Advisor Prospecting,92,false,ADV_0076
HH_000461,Mass Market,T1,Midwest,510,3,146000,14,6,Direct Mail,Digital Ad,71,false,ADV_0059
HH_000462,Mass Affluent,T2,Northeast,501,2,595500,18,3,Phone,Web,62,true,ADV_0044
HH_000463,Mass Market,T1,Northeast,501,2,189400,24,5,Phone,Referral,70,true,ADV_0076
HH_000464,Mass Affluent,T2,South,635,2,712000,6,1,Phone,Referral,54,true,ADV_0066
HH_000465,Affluent,T3,Southeast,528,2,1218800,6,4,Email,Advisor Prospecting,38,true,ADV_0083
HH_000466,Mass Affluent,T2,Midwest,617,1,274500,26,4,Phone,Referral,38,true,ADV_0034
HH_000467,Mass Affluent,T2,Southeast,524,2,688500,4,3,Direct Mail,Digital Ad,80,true,ADV_0021
HH_000468,Mass Market,T1,Midwest,510,3,125200,25,1,Digital,Advisor Prospecting,77,true,ADV_0003
HH_000469,Mass Affluent,T2,Southeast,560,2,302500,27,3,Direct Mail,Referral,65,true,ADV_0095
HH_000470,Mass Affluent,T2,Northeast,511,2,279000,11,4,Direct Mail,Web,36,true,ADV_0022
HH_000471,Mass Affluent,T2,Northeast,511,2,535500,11,3,Phone,Digital Ad,74,false,ADV_0021
HH_000472,Mass Market,T1,Northeast,504,3,226400,1,2,Email,Referral,38,true,ADV_0044
HH_000473,Mass Market,T1,Northeast,511,1,144600,6,2,Direct Mail,Web,24,true,ADV_0085
HH_000474,Affluent,T3,Midwest,609,1,1748800,8,6,Direct Mail,Seminar,53,true,ADV_0094
HH_000475,High Net Worth,T4,Northeast,501,1,8016000,27,2,Email,Seminar,47,true,ADV_0021
HH_000476,Mass Affluent,T2,Southeast,528,2,635500,25,6,Advisor,Web,83,true,ADV_0103
HH_000477,Mass Market,T1,Northeast,501,2,102200,25,5,Advisor,Seminar,72,false,ADV_0062
HH_000478,Mass Affluent,T2,Southeast,528,1,464500,5,2,Direct Mail,Digital Ad,38,true,ADV_0119
HH_000479,Affluent,T3,South,659,1,1636300,20,1,Direct Mail,Referral,57,true,ADV_0008
HH_000480,Mass Market,T1,Midwest,602,2,103800,7,3,Email,Web,49,true,ADV_0096
HH_000481,Mass Market,T1,Northeast,501,3,234000,10,6,Digital,Digital Ad,67,true,ADV_0100
HH_000482,Mass Market,T1,Northeast,512,1,182000,24,3,Advisor,Web,74,true,ADV_0024
HH_000483,Mass Market,T1,West,753,2,221000,17,4,Digital,Referral,34,true,ADV_0059
HH_000484,Mass Market,T1,Midwest,602,1,91000,16,1,Phone,Referral,74,true,ADV_0007
HH_000485,Mass Affluent,T2,South,635,1,502000,22,4,Digital,Seminar,86,true,ADV_0063
HH_000486,Mass Affluent,T2,Midwest,527,1,390000,24,5,Direct Mail,Advisor Prospecting,33,true,ADV_0094
HH_000487,Mass Affluent,T2,Midwest,510,1,444000,4,6,Phone,Referral,43,true,ADV_0080
HH_000488,Mass Affluent,T2,Midwest,602,2,645500,26,3,Email,Seminar,51,false,ADV_0068
HH_000489,Affluent,T3,Northeast,501,2,1261300,29,6,Phone,Referral,36,true,ADV_0076
HH_000490,Mass Market,T1,West,807,1,158400,20,3,Digital,Seminar,65,true,ADV_0089
HH_000491,Mass Affluent,T2,Midwest,510,2,650000,14,2,Email,Advisor Prospecting,42,true,ADV_0016
HH_000492,Mass Affluent,T2,Northeast,511,1,391000,22,3,Phone,Advisor Prospecting,72,true,ADV_0037
HH_000493,Mass Affluent,T2,Southeast,528,2,369500,1,5,Digital,Digital Ad,66,true,ADV_0030
HH_000494,Mass Market,T1,Northeast,501,3,52800,14,6,Email,Web,62,false,ADV_0060
HH_000495,Mass Market,T1,Midwest,510,2,127000,4,4,Advisor,Seminar,33,true,ADV_0101
HH_000496,Mass Affluent,T2,West,753,3,708000,17,5,Direct Mail,Seminar,25,true,ADV_0003
HH_000497,Ultra HNW,T5,Southeast,528,1,27400000,28,3,Digital,Seminar,77,true,ADV_0084
HH_000498,Mass Affluent,T2,South,641,3,349000,13,4,Advisor,Digital Ad,33,true,ADV_0109
HH_000499,Affluent,T3,Northeast,511,1,1352500,18,4,Phone,Advisor Prospecting,56,true,ADV_0059
HH_000500,Affluent,T3,Northeast,501,3,897500,11,2,Direct Mail,Advisor Prospecting,53,true,ADV_0021
HH_000501,Affluent,T3,West,819,1,1916300,2,6,Phone,Advisor Prospecting,47,true,ADV_0118
HH_000502,Mass Affluent,T2,Southeast,528,2,474500,4,6,Advisor,Digital Ad,35,true,ADV_0078
HH_000503,Mass Affluent,T2,West,803,1,365000,9,5,Advisor,Advisor Prospecting,39,true,ADV_0082
HH_000504,Affluent,T3,Midwest,602,1,1150000,24,1,Phone,Referral,50,true,ADV_0103
HH_000505,High Net Worth,T4,Northeast,511,2,2432000,4,2,Phone,Referral,74,true,ADV_0086
HH_000506,Mass Market,T1,Southeast,560,2,124800,23,3,Email,Advisor Prospecting,81,false,ADV_0098
HH_000507,Affluent,T3,Midwest,616,1,1562500,3,6,Direct Mail,Web,29,true,ADV_0068
HH_000508,Mass Affluent,T2,South,659,1,315500,9,2,Advisor,Advisor Prospecting,73,true,ADV_0030
HH_000509,Mass Market,T1,Northeast,504,2,149200,11,1,Advisor,Advisor Prospecting,43,true,ADV_0028
HH_000510,Mass Market,T1,Northeast,511,2,124000,10,4,Direct Mail,Seminar,42,true,ADV_0095
HH_000511,Affluent,T3,Southeast,528,1,1081300,8,1,Email,Seminar,30,true,ADV_0110
HH_000512,Affluent,T3,Midwest,616,2,1482500,1,6,Advisor,Web,84,false,ADV_0080
HH_000513,Mass Affluent,T2,Midwest,616,2,374500,6,3,Phone,Web,61,false,ADV_0022
HH_000514,Mass Market,T1,West,753,2,96800,10,5,Email,Web,46,true,ADV_0015
HH_000515,Mass Affluent,T2,Midwest,510,2,701500,8,2,Direct Mail,Advisor Prospecting,50,false,ADV_0015
HH_000516,Mass Affluent,T2,West,803,1,328500,17,6,Advisor,Seminar,57,true,ADV_0042
HH_000517,High Net Worth,T4,South,641,1,5080000,7,5,Advisor,Digital Ad,21,true,ADV_0004
HH_000518,Affluent,T3,Midwest,617,2,1156300,11,3,Direct Mail,Advisor Prospecting,56,true,ADV_0101
HH_000519,Affluent,T3,South,641,3,1366300,24,5,Email,Web,52,false,ADV_0070
HH_000520,Mass Market,T1,South,659,2,181600,24,5,Email,Referral,31,true,ADV_0039
HH_000521,Mass Affluent,T2,Northeast,506,2,268500,3,5,Direct Mail,Advisor Prospecting,11,false,ADV_0084
HH_000522,Mass Market,T1,West,807,2,203000,10,3,Advisor,Advisor Prospecting,29,false,ADV_0102
HH_000523,Mass Market,T1,South,659,3,50200,20,1,Advisor,Digital Ad,60,true,ADV_0079
HH_000524,Mass Market,T1,South,641,2,248600,13,1,Phone,Web,57,true,ADV_0028
HH_000525,High Net Worth,T4,Midwest,527,2,7416000,18,2,Direct Mail,Referral,75,false,ADV_0039
HH_000526,Mass Market,T1,Northeast,511,2,131400,20,5,Digital,Seminar,54,true,ADV_0106
HH_000527,Mass Market,T1,Southeast,528,2,204400,13,5,Email,Referral,52,false,ADV_0109
HH_000528,High Net Worth,T4,South,623,2,9376000,16,4,Advisor,Seminar,64,true,ADV_0051
HH_000529,Mass Affluent,T2,Northeast,511,2,342500,6,6,Direct Mail,Advisor Prospecting,45,true,ADV_0102
HH_000530,Mass Market,T1,Southeast,528,3,120800,9,4,Digital,Digital Ad,31,true,ADV_0106
HH_000531,Mass Affluent,T2,Northeast,504,1,718500,24,6,Email,Seminar,29,false,ADV_0116
HH_000532,Mass Affluent,T2,West,753,2,650500,25,6,Digital,Seminar,50,true,ADV_0077
HH_000533,Ultra HNW,T5,Southeast,528,2,36840000,26,3,Email,Seminar,74,true,ADV_0100
HH_000534,Affluent,T3,Northeast,512,1,1422500,1,1,Email,Seminar,95,true,ADV_0046
HH_000535,Mass Market,T1,South,659,2,103600,18,2,Digital,Referral,70,true,ADV_0064
HH_000536,Mass Market,T1,Southeast,560,2,241000,12,1,Direct Mail,Advisor Prospecting,70,true,ADV_0084
HH_000537,Affluent,T3,Northeast,501,1,1435000,7,5,Advisor,Advisor Prospecting,89,true,ADV_0006
HH_000538,Mass Affluent,T2,Midwest,602,1,276000,15,3,Advisor,Seminar,37,false,ADV_0110
HH_000539,Affluent,T3,South,641,2,1637500,27,6,Email,Seminar,76,true,ADV_0027
HH_000540,Mass Affluent,T2,West,753,1,552000,1,4,Direct Mail,Digital Ad,48,true,ADV_0098
HH_000541,Affluent,T3,Midwest,616,2,1555000,2,2,Digital,Referral,10,true,ADV_0010
HH_000542,Mass Affluent,T2,Northeast,501,1,506500,29,1,Email,Advisor Prospecting,79,false,ADV_0021
HH_000543,Mass Affluent,T2,West,807,1,576000,19,5,Email,Digital Ad,54,true,ADV_0095
HH_000544,Mass Affluent,T2,South,659,1,387500,26,2,Digital,Referral,55,true,ADV_0119
HH_000545,High Net Worth,T4,Northeast,501,1,2736000,14,1,Phone,Web,26,false,ADV_0088
HH_000546,Mass Affluent,T2,Northeast,511,2,343500,13,4,Direct Mail,Advisor Prospecting,22,false,ADV_0058
HH_000547,Mass Affluent,T2,Southeast,528,1,654000,16,5,Email,Digital Ad,55,false,ADV_0104
HH_000548,High Net Worth,T4,West,807,1,2648000,18,3,Email,Digital Ad,30,true,ADV_0080
HH_000549,Mass Affluent,T2,Midwest,505,2,669500,26,4,Digital,Advisor Prospecting,44,true,ADV_0062
HH_000550,Mass Market,T1,South,641,3,81200,8,5,Direct Mail,Seminar,52,true,ADV_0040
HH_000551,Mass Market,T1,Northeast,504,1,138200,28,5,Direct Mail,Web,92,true,ADV_0099
HH_000552,Mass Affluent,T2,West,807,2,467500,10,2,Advisor,Web,39,false,ADV_0040
HH_000553,High Net Worth,T4,Midwest,616,1,5384000,22,3,Digital,Referral,96,true,ADV_0080
HH_000554,Mass Market,T1,West,807,1,176600,13,6,Digital,Referral,73,true,ADV_0093
HH_000555,Mass Market,T1,South,641,1,52000,19,3,Email,Seminar,80,true,ADV_0007
HH_000556,Mass Affluent,T2,Southeast,528,2,549000,6,3,Advisor,Web,47,true,ADV_0090
HH_000557,Mass Market,T1,Northeast,501,2,120400,16,3,Phone,Web,45,true,ADV_0105
HH_000558,Mass Affluent,T2,Midwest,510,2,571000,26,1,Direct Mail,Digital Ad,42,true,ADV_0011
HH_000559,Affluent,T3,Southeast,528,2,1633800,14,2,Direct Mail,Digital Ad,25,true,ADV_0079
HH_000560,Mass Market,T1,West,819,1,65200,20,4,Digital,Referral,67,true,ADV_0097
HH_000561,Affluent,T3,Southeast,560,3,1693800,27,4,Phone,Digital Ad,21,false,ADV_0062
HH_000562,Affluent,T3,Midwest,602,2,1118800,4,6,Direct Mail,Advisor Prospecting,59,false,ADV_0079
HH_000563,Mass Market,T1,Midwest,602,2,63400,30,1,Digital,Referral,27,true,ADV_0043
HH_000564,Mass Market,T1,South,635,2,207600,14,2,Advisor,Digital Ad,36,true,ADV_0086
HH_000565,Mass Market,T1,West,803,2,166600,21,6,Advisor,Advisor Prospecting,47,true,ADV_0093
HH_000566,Mass Market,T1,Midwest,527,2,202800,15,3,Digital,Referral,56,true,ADV_0088
HH_000567,Mass Affluent,T2,Northeast,511,1,707500,14,6,Email,Referral,33,true,ADV_0115
HH_000568,Affluent,T3,Midwest,616,2,1185000,7,6,Advisor,Referral,75,true,ADV_0070
HH_000569,Mass Affluent,T2,Southeast,528,2,365000,11,1,Phone,Referral,66,true,ADV_0015
HH_000570,Mass Market,T1,Midwest,527,2,248800,12,5,Advisor,Web,31,true,ADV_0006
HH_000571,High Net Worth,T4,Midwest,616,1,8488000,19,6,Advisor,Web,50,true,ADV_0115
HH_000572,Affluent,T3,Northeast,501,2,1571300,23,5,Digital,Advisor Prospecting,51,true,ADV_0009
HH_000573,Affluent,T3,Southeast,528,1,1006300,14,3,Advisor,Seminar,72,false,ADV_0060
HH_000574,Mass Market,T1,South,659,1,160000,10,4,Phone,Referral,71,true,ADV_0061
HH_000575,Mass Market,T1,Northeast,501,1,71400,24,4,Email,Seminar,64,false,ADV_0101
HH_000576,Mass Market,T1,West,753,3,145800,3,5,Digital,Advisor Prospecting,37,true,ADV_0089
HH_000577,Mass Affluent,T2,Midwest,602,2,367500,7,4,Direct Mail,Web,63,false,ADV_0032
HH_000578,Mass Affluent,T2,Midwest,617,2,686500,13,1,Email,Advisor Prospecting,64,true,ADV_0096
HH_000579,Mass Affluent,T2,South,659,2,280000,24,6,Advisor,Web,66,true,ADV_0087
HH_000580,Mass Affluent,T2,Midwest,602,3,518000,10,4,Phone,Digital Ad,35,true,ADV_0003
HH_000581,Affluent,T3,West,807,3,1458800,19,6,Email,Referral,79,true,ADV_0038
HH_000582,Affluent,T3,Northeast,511,1,977500,22,3,Email,Digital Ad,91,true,ADV_0031
HH_000583,Mass Affluent,T2,South,659,2,713500,17,4,Direct Mail,Referral,67,true,ADV_0106
HH_000584,High Net Worth,T4,Northeast,501,2,3176000,25,3,Advisor,Digital Ad,78,true,ADV_0015
HH_000585,Mass Market,T1,Midwest,505,1,246400,16,5,Direct Mail,Referral,39,true,ADV_0026
HH_000586,Mass Affluent,T2,South,641,2,710500,25,4,Advisor,Referral,28,true,ADV_0029
HH_000587,Mass Affluent,T2,Northeast,511,1,459500,19,4,Digital,Advisor Prospecting,21,false,ADV_0009
HH_000588,Mass Affluent,T2,Northeast,501,1,301500,16,5,Phone,Advisor Prospecting,18,true,ADV_0100
HH_000589,Mass Affluent,T2,Midwest,616,1,509000,11,5,Digital,Advisor Prospecting,92,false,ADV_0011
HH_000590,Affluent,T3,Northeast,511,1,1535000,19,2,Direct Mail,Advisor Prospecting,54,true,ADV_0070
HH_000591,Mass Affluent,T2,Midwest,617,3,286500,26,4,Digital,Advisor Prospecting,66,true,ADV_0101
HH_000592,Mass Market,T1,West,807,1,208800,5,6,Direct Mail,Digital Ad,64,true,ADV_0071
HH_000593,Mass Market,T1,West,803,2,193600,1,4,Email,Referral,53,true,ADV_0112
HH_000594,Mass Market,T1,Northeast,501,1,225600,18,6,Phone,Digital Ad,69,false,ADV_0060
HH_000595,Mass Market,T1,South,635,1,129000,10,1,Phone,Digital Ad,90,true,ADV_0085
HH_000596,Affluent,T3,West,807,1,828800,29,5,Email,Web,71,true,ADV_0045
HH_000597,Affluent,T3,Midwest,602,1,1610000,7,4,Direct Mail,Referral,64,true,ADV_0016
HH_000598,Mass Affluent,T2,Northeast,504,1,670000,7,4,Advisor,Web,65,true,ADV_0068
HH_000599,Mass Affluent,T2,Northeast,501,1,443500,18,4,Email,Seminar,62,true,ADV_0022
HH_000600,Mass Market,T1,Midwest,510,2,247000,1,3,Phone,Web,62,true,ADV_0090
HH_000601,Mass Affluent,T2,South,641,2,482000,2,3,Advisor,Seminar,57,true,ADV_0103
HH_000602,Mass Affluent,T2,West,807,1,362000,19,6,Email,Advisor Prospecting,92,true,ADV_0040
HH_000603,Affluent,T3,Midwest,510,1,1781300,15,5,Direct Mail,Seminar,34,false,ADV_0033
HH_000604,Mass Affluent,T2,South,635,1,579500,26,3,Phone,Advisor Prospecting,16,true,ADV_0026
HH_000605,Affluent,T3,Northeast,501,2,791300,6,1,Phone,Referral,66,true,ADV_0084
HH_000606,Affluent,T3,Midwest,617,1,1146300,18,5,Digital,Advisor Prospecting,21,true,ADV_0009
HH_000607,Mass Market,T1,Midwest,617,1,138800,21,2,Phone,Advisor Prospecting,10,true,ADV_0022
HH_000608,Mass Market,T1,Northeast,501,2,57400,10,4,Digital,Seminar,58,true,ADV_0042
HH_000609,Mass Affluent,T2,Northeast,504,1,263500,29,6,Email,Seminar,13,true,ADV_0077
HH_000610,Mass Market,T1,West,753,2,181600,21,2,Digital,Web,62,true,ADV_0078
HH_000611,Mass Affluent,T2,Northeast,511,1,440000,28,3,Digital,Digital Ad,76,true,ADV_0036
HH_000612,Mass Market,T1,West,819,2,67800,11,4,Digital,Digital Ad,32,true,ADV_0108
HH_000613,Mass Market,T1,South,641,2,190400,25,4,Phone,Web,44,true,ADV_0058
HH_000614,Mass Affluent,T2,Midwest,609,1,461500,13,2,Phone,Referral,46,true,ADV_0084
HH_000615,Mass Affluent,T2,Northeast,501,2,409500,20,4,Digital,Referral,20,true,ADV_0011
HH_000616,Affluent,T3,Southeast,528,1,1652500,28,6,Direct Mail,Digital Ad,44,true,ADV_0095
HH_000617,Mass Market,T1,Midwest,510,1,187800,28,1,Phone,Web,38,true,ADV_0053
HH_000618,Affluent,T3,Northeast,511,1,1517500,23,3,Email,Seminar,46,true,ADV_0094
HH_000619,Mass Affluent,T2,South,623,2,268500,17,3,Direct Mail,Digital Ad,56,true,ADV_0110
HH_000620,Affluent,T3,Midwest,617,3,1492500,3,5,Phone,Referral,68,true,ADV_0104
HH_000621,Mass Affluent,T2,Midwest,602,1,529000,21,3,Email,Advisor Prospecting,84,true,ADV_0109
HH_000622,High Net Worth,T4,West,807,2,9168000,22,3,Digital,Seminar,90,true,ADV_0028
HH_000623,Mass Market,T1,Northeast,501,3,210000,8,3,Advisor,Web,48,false,ADV_0020
HH_000624,Mass Market,T1,Midwest,616,2,55800,25,3,Email,Seminar,24,true,ADV_0047
HH_000625,Affluent,T3,Midwest,602,2,962500,28,6,Digital,Advisor Prospecting,41,true,ADV_0002
HH_000626,Mass Market,T1,Midwest,616,2,205000,16,2,Direct Mail,Advisor Prospecting,55,true,ADV_0040
HH_000627,Mass Affluent,T2,South,659,3,700000,30,1,Phone,Referral,53,true,ADV_0078
HH_000628,Mass Market,T1,South,659,2,234800,12,5,Digital,Seminar,49,true,ADV_0026
HH_000629,Mass Market,T1,Northeast,501,1,91600,29,3,Advisor,Digital Ad,84,true,ADV_0084
HH_000630,Ultra HNW,T5,Midwest,616,2,36960000,13,6,Direct Mail,Digital Ad,91,true,ADV_0060
HH_000631,Mass Affluent,T2,Midwest,609,3,409500,29,3,Advisor,Referral,37,true,ADV_0107
HH_000632,Affluent,T3,Midwest,505,1,866300,8,4,Direct Mail,Web,60,true,ADV_0029
HH_000633,Mass Market,T1,Midwest,510,2,205600,30,2,Direct Mail,Web,22,true,ADV_0119
HH_000634,Mass Affluent,T2,Northeast,511,1,488000,26,1,Phone,Seminar,74,true,ADV_0054
HH_000635,Mass Market,T1,South,641,1,181400,9,1,Email,Advisor Prospecting,13,true,ADV_0008
HH_000636,Mass Affluent,T2,West,753,3,293000,15,1,Email,Advisor Prospecting,37,false,ADV_0062
HH_000637,Mass Market,T1,Midwest,602,1,109000,15,2,Digital,Seminar,55,true,ADV_0010
HH_000638,Mass Affluent,T2,Midwest,505,1,389500,24,4,Direct Mail,Referral,27,false,ADV_0086
HH_000639,Mass Market,T1,West,753,2,98800,23,4,Advisor,Digital Ad,70,false,ADV_0011
HH_000640,Affluent,T3,Northeast,501,1,1256300,26,5,Email,Web,13,true,ADV_0007
HH_000641,Affluent,T3,Northeast,501,1,1812500,9,4,Digital,Digital Ad,36,true,ADV_0010
HH_000642,Mass Affluent,T2,Midwest,617,2,586000,11,2,Digital,Web,58,true,ADV_0036
HH_000643,Mass Affluent,T2,Midwest,616,1,509500,3,3,Digital,Digital Ad,77,true,ADV_0089
HH_000644,Mass Market,T1,Northeast,504,2,122400,12,2,Email,Seminar,49,true,ADV_0116
HH_000645,Mass Market,T1,Midwest,609,1,228600,18,2,Phone,Web,59,true,ADV_0103
HH_000646,Affluent,T3,Midwest,527,2,1560000,8,6,Email,Advisor Prospecting,38,false,ADV_0078
HH_000647,Mass Affluent,T2,Northeast,501,2,361500,12,5,Digital,Advisor Prospecting,43,false,ADV_0094
HH_000648,Affluent,T3,West,807,1,1363800,12,4,Advisor,Digital Ad,55,true,ADV_0115
HH_000649,Affluent,T3,Northeast,511,2,1761300,17,2,Phone,Seminar,22,true,ADV_0046
HH_000650,Mass Affluent,T2,Midwest,609,2,579000,4,4,Phone,Seminar,65,true,ADV_0013
HH_000651,Mass Affluent,T2,Northeast,504,2,629500,16,3,Direct Mail,Referral,74,false,ADV_0111
HH_000652,Mass Affluent,T2,West,803,2,432500,4,4,Email,Advisor Prospecting,61,true,ADV_0031
HH_000653,Mass Affluent,T2,Northeast,506,1,523000,2,4,Phone,Seminar,15,false,ADV_0106
HH_000654,Mass Market,T1,Midwest,617,1,133200,27,3,Phone,Referral,1,true,ADV_0002
HH_000655,Mass Market,T1,West,803,1,118000,3,3,Phone,Referral,17,true,ADV_0079
HH_000656,Mass Affluent,T2,Midwest,616,1,268500,14,2,Phone,Seminar,59,true,ADV_0102
HH_000657,Mass Market,T1,South,641,1,209600,18,6,Email,Seminar,47,true,ADV_0009
HH_000658,Mass Market,T1,South,635,1,94000,26,4,Phone,Advisor Prospecting,43,true,ADV_0080
HH_000659,Mass Affluent,T2,West,803,2,467000,22,4,Advisor,Digital Ad,30,true,ADV_0036
HH_000660,Mass Market,T1,Northeast,501,3,183400,12,2,Direct Mail,Referral,62,true,ADV_0012
HH_000661,Affluent,T3,Northeast,501,1,1792500,2,2,Direct Mail,Referral,13,false,ADV_0112
HH_000662,High Net Worth,T4,South,659,1,9936000,22,2,Email,Referral,93,true,ADV_0033
HH_000663,Mass Affluent,T2,Northeast,512,2,340000,17,4,Email,Digital Ad,47,false,ADV_0002
HH_000664,Mass Affluent,T2,West,753,2,368000,28,1,Email,Referral,57,true,ADV_0065
HH_000665,Mass Market,T1,Northeast,511,1,134200,19,3,Phone,Advisor Prospecting,45,true,ADV_0077
HH_000666,Mass Market,T1,West,819,1,179600,10,6,Email,Referral,80,false,ADV_0058
HH_000667,Affluent,T3,Northeast,512,2,1236300,16,2,Digital,Advisor Prospecting,35,true,ADV_0069
HH_000668,Mass Affluent,T2,West,819,2,524500,10,3,Digital,Advisor Prospecting,66,true,ADV_0112
HH_000669,High Net Worth,T4,Southeast,524,1,5912000,16,1,Phone,Web,15,true,ADV_0016
HH_000670,Mass Market,T1,West,807,2,101800,26,6,Digital,Advisor Prospecting,60,true,ADV_0038
HH_000671,High Net Worth,T4,Midwest,609,1,6080000,22,4,Email,Advisor Prospecting,8,false,ADV_0051
HH_000672,Mass Affluent,T2,Northeast,504,2,589500,8,4,Email,Advisor Prospecting,27,true,ADV_0064
HH_000673,Mass Affluent,T2,South,659,1,737000,20,2,Email,Referral,85,true,ADV_0005
HH_000674,Mass Market,T1,Southeast,560,2,243000,8,2,Phone,Web,46,true,ADV_0015
HH_000675,High Net Worth,T4,Midwest,505,3,3512000,2,1,Digital,Web,69,true,ADV_0034
HH_000676,High Net Worth,T4,Midwest,609,2,6384000,7,4,Phone,Seminar,93,true,ADV_0106
HH_000677,Mass Market,T1,West,807,2,182600,20,5,Advisor,Web,49,true,ADV_0052
HH_000678,Mass Market,T1,South,635,1,202400,3,4,Digital,Advisor Prospecting,30,true,ADV_0030
HH_000679,Mass Market,T1,Midwest,609,1,69400,10,5,Advisor,Seminar,22,true,ADV_0073
HH_000680,Mass Market,T1,South,623,2,105800,23,2,Advisor,Seminar,48,false,ADV_0067
HH_000681,Affluent,T3,Northeast,511,1,1743800,6,6,Digital,Web,75,true,ADV_0099
HH_000682,Affluent,T3,West,807,2,1120000,6,5,Digital,Advisor Prospecting,32,true,ADV_0068
HH_000683,Mass Affluent,T2,Northeast,512,2,290000,14,4,Advisor,Web,67,true,ADV_0056
HH_000684,Affluent,T3,West,753,2,1743800,9,2,Digital,Seminar,41,true,ADV_0055
HH_000685,Affluent,T3,Southeast,524,1,1250000,19,6,Advisor,Advisor Prospecting,81,true,ADV_0044
HH_000686,Affluent,T3,South,659,2,1322500,22,5,Advisor,Web,57,true,ADV_0009
HH_000687,Affluent,T3,Southeast,560,2,1770000,21,2,Direct Mail,Seminar,36,true,ADV_0052
HH_000688,High Net Worth,T4,Midwest,617,2,7584000,10,1,Advisor,Referral,66,true,ADV_0039
HH_000689,Mass Affluent,T2,Northeast,501,3,358000,20,3,Direct Mail,Referral,48,true,ADV_0067
HH_000690,Mass Affluent,T2,West,803,2,357500,27,5,Phone,Digital Ad,61,true,ADV_0107
HH_000691,Mass Affluent,T2,South,659,1,593500,17,3,Direct Mail,Referral,79,true,ADV_0068
HH_000692,Mass Market,T1,Midwest,510,3,241200,20,1,Email,Advisor Prospecting,47,true,ADV_0049
HH_000693,Mass Market,T1,Northeast,504,1,232800,8,4,Advisor,Advisor Prospecting,73,true,ADV_0027
HH_000694,Mass Market,T1,West,753,2,86400,27,5,Advisor,Web,63,true,ADV_0106
HH_000695,Affluent,T3,Southeast,524,2,1417500,7,1,Direct Mail,Seminar,8,true,ADV_0084
HH_000696,Mass Market,T1,Midwest,609,2,87000,18,4,Phone,Web,30,true,ADV_0044
HH_000697,High Net Worth,T4,South,635,3,4384000,28,3,Digital,Advisor Prospecting,50,true,ADV_0096
HH_000698,Mass Affluent,T2,South,659,1,678500,22,2,Direct Mail,Advisor Prospecting,24,true,ADV_0079
HH_000699,Mass Affluent,T2,Midwest,617,2,498000,3,6,Digital,Digital Ad,43,false,ADV_0058
HH_000700,Ultra HNW,T5,Midwest,609,1,34880000,17,3,Digital,Advisor Prospecting,3,true,ADV_0083
HH_000701,Affluent,T3,West,819,1,1577500,13,1,Direct Mail,Digital Ad,6,true,ADV_0111
HH_000702,Mass Affluent,T2,Midwest,616,1,410000,18,3,Phone,Seminar,14,false,ADV_0002
HH_000703,Affluent,T3,South,641,1,1168800,2,4,Phone,Digital Ad,32,true,ADV_0097
HH_000704,High Net Worth,T4,Midwest,602,1,4288000,29,1,Email,Web,75,false,ADV_0020
HH_000705,Mass Affluent,T2,Southeast,528,2,534500,29,2,Direct Mail,Seminar,43,false,ADV_0075
HH_000706,Mass Market,T1,Midwest,602,1,71600,22,2,Phone,Digital Ad,51,false,ADV_0032
HH_000707,Mass Affluent,T2,Midwest,616,1,552500,19,5,Email,Seminar,80,true,ADV_0011
HH_000708,Affluent,T3,Southeast,528,1,1431300,7,4,Phone,Advisor Prospecting,29,true,ADV_0018
HH_000709,High Net Worth,T4,South,659,1,4624000,29,6,Phone,Advisor Prospecting,5,true,ADV_0056
HH_000710,Mass Market,T1,South,659,2,123400,7,4,Advisor,Referral,46,true,ADV_0049
HH_000711,Mass Affluent,T2,Northeast,501,1,618500,5,5,Phone,Digital Ad,42,false,ADV_0071
HH_000712,Mass Affluent,T2,South,659,1,573000,14,1,Direct Mail,Seminar,55,false,ADV_0039
HH_000713,Mass Market,T1,Midwest,602,2,177200,6,3,Digital,Digital Ad,59,false,ADV_0048
HH_000714,Mass Affluent,T2,West,807,1,380000,27,4,Phone,Digital Ad,67,true,ADV_0036
HH_000715,Mass Market,T1,Southeast,528,2,126600,1,3,Phone,Web,18,false,ADV_0096
HH_000716,Mass Affluent,T2,Northeast,511,1,617500,25,1,Phone,Seminar,79,true,ADV_0100
HH_000717,Affluent,T3,Northeast,511,1,1377500,30,3,Digital,Referral,27,true,ADV_0059
HH_000718,High Net Worth,T4,West,807,1,3816000,4,4,Digital,Web,74,true,ADV_0097
HH_000719,Mass Affluent,T2,Northeast,501,2,354500,15,6,Email,Seminar,19,true,ADV_0014
HH_000720,Mass Affluent,T2,South,623,2,621000,30,4,Advisor,Web,73,true,ADV_0037
HH_000721,Mass Market,T1,Midwest,616,3,198000,1,2,Direct Mail,Digital Ad,39,true,ADV_0057
HH_000722,Mass Affluent,T2,Southeast,528,1,697500,30,1,Advisor,Seminar,79,true,ADV_0116
HH_000723,Mass Market,T1,West,807,2,185200,9,5,Digital,Digital Ad,60,true,ADV_0119
HH_000724,Mass Affluent,T2,Southeast,524,2,574000,2,2,Email,Digital Ad,63,true,ADV_0114
HH_000725,Mass Market,T1,South,659,1,54200,8,4,Email,Referral,84,true,ADV_0011
HH_000726,Affluent,T3,Southeast,524,1,1580000,13,3,Email,Web,28,true,ADV_0083
HH_000727,High Net Worth,T4,Midwest,527,2,3432000,6,2,Advisor,Web,55,true,ADV_0052
HH_000728,High Net Worth,T4,South,641,1,6192000,15,2,Digital,Web,39,false,ADV_0073
HH_000729,Mass Market,T1,Northeast,511,1,89400,7,5,Email,Web,6,false,ADV_0100
HH_000730,Mass Market,T1,South,641,2,112600,18,2,Email,Web,33,false,ADV_0069
HH_000731,Mass Market,T1,Northeast,501,2,143000,2,1,Digital,Seminar,30,true,ADV_0046
HH_000732,Affluent,T3,Northeast,501,2,1558800,11,5,Advisor,Web,11,true,ADV_0103
HH_000733,Affluent,T3,Midwest,527,2,1768800,7,6,Advisor,Advisor Prospecting,29,true,ADV_0037
HH_000734,Affluent,T3,Northeast,511,2,1503800,22,2,Direct Mail,Seminar,49,true,ADV_0042
HH_000735,Mass Affluent,T2,Northeast,504,1,686500,4,2,Email,Referral,73,true,ADV_0118
HH_000736,Mass Market,T1,Midwest,527,3,101000,9,3,Direct Mail,Digital Ad,51,true,ADV_0076
HH_000737,Mass Affluent,T2,Southeast,528,1,465000,2,1,Digital,Digital Ad,32,true,ADV_0056
HH_000738,Mass Market,T1,Midwest,616,1,76600,29,2,Phone,Seminar,51,true,ADV_0031
HH_000739,Affluent,T3,Midwest,510,2,1925000,30,3,Digital,Seminar,45,false,ADV_0052
HH_000740,Affluent,T3,West,807,1,1430000,20,6,Phone,Web,15,true,ADV_0075
HH_000741,Mass Market,T1,Midwest,602,1,240000,17,3,Digital,Referral,19,true,ADV_0030
HH_000742,Affluent,T3,Northeast,501,1,1532500,26,5,Email,Seminar,70,true,ADV_0028
HH_000743,High Net Worth,T4,Northeast,511,1,7464000,20,5,Phone,Advisor Prospecting,47,true,ADV_0098
HH_000744,Mass Market,T1,West,807,1,218800,19,4,Email,Seminar,27,true,ADV_0116
HH_000745,Mass Affluent,T2,Northeast,511,2,389500,11,5,Digital,Digital Ad,83,false,ADV_0062
HH_000746,Affluent,T3,Northeast,504,2,1922500,26,2,Digital,Referral,67,true,ADV_0035
HH_000747,Mass Affluent,T2,West,753,2,556000,21,3,Advisor,Digital Ad,33,true,ADV_0083
HH_000748,Mass Affluent,T2,West,807,2,336500,26,2,Digital,Advisor Prospecting,79,true,ADV_0043
HH_000749,Mass Affluent,T2,Northeast,512,3,460000,22,6,Digital,Seminar,16,false,ADV_0095
HH_000750,Mass Affluent,T2,South,659,2,612000,21,2,Direct Mail,Advisor Prospecting,28,true,ADV_0029
HH_000751,Affluent,T3,Northeast,512,2,1333800,10,6,Email,Referral,62,false,ADV_0096
HH_000752,Mass Market,T1,Midwest,616,1,199600,26,4,Advisor,Web,22,true,ADV_0023
HH_000753,Affluent,T3,Southeast,528,2,1335000,27,2,Direct Mail,Web,64,true,ADV_0051
HH_000754,Affluent,T3,Midwest,527,2,788800,12,5,Phone,Referral,36,true,ADV_0108
HH_000755,Affluent,T3,Midwest,602,2,1057500,16,3,Digital,Seminar,46,true,ADV_0039
HH_000756,Affluent,T3,Northeast,511,3,1111300,4,4,Email,Referral,63,false,ADV_0019
HH_000757,Mass Market,T1,Midwest,510,1,236200,19,6,Digital,Web,9,true,ADV_0075
HH_000758,Mass Affluent,T2,Northeast,501,1,731500,22,4,Direct Mail,Web,28,true,ADV_0062
HH_000759,Mass Market,T1,Midwest,616,1,170800,29,3,Phone,Digital Ad,30,true,ADV_0067
HH_000760,Mass Market,T1,Midwest,510,1,118600,22,2,Advisor,Advisor Prospecting,6,false,ADV_0061
HH_000761,Mass Affluent,T2,Midwest,510,1,620000,23,4,Direct Mail,Digital Ad,21,false,ADV_0079
HH_000762,Mass Affluent,T2,Northeast,512,1,358500,6,5,Digital,Web,69,true,ADV_0015
HH_000763,Mass Market,T1,Northeast,511,3,216000,9,1,Direct Mail,Seminar,69,true,ADV_0021
HH_000764,Mass Affluent,T2,Midwest,616,1,439000,19,6,Email,Web,53,true,ADV_0031
HH_000765,Mass Market,T1,Midwest,510,2,153200,27,6,Advisor,Seminar,3,true,ADV_0032
HH_000766,High Net Worth,T4,Midwest,602,2,4024000,25,4,Direct Mail,Web,19,true,ADV_0012
HH_000767,Mass Market,T1,Midwest,602,3,170400,12,1,Email,Referral,47,true,ADV_0051
HH_000768,Affluent,T3,Northeast,511,2,1665000,9,3,Advisor,Advisor Prospecting,73,true,ADV_0034
HH_000769,Mass Market,T1,Midwest,616,2,237400,22,5,Advisor,Web,77,true,ADV_0039
HH_000770,High Net Worth,T4,Northeast,501,1,8328000,26,6,Advisor,Digital Ad,42,true,ADV_0120
HH_000771,Mass Affluent,T2,Midwest,602,1,297500,18,4,Phone,Seminar,78,false,ADV_0061
HH_000772,Affluent,T3,Northeast,504,2,1342500,9,5,Email,Advisor Prospecting,18,true,ADV_0020
HH_000773,Affluent,T3,Midwest,527,1,1500000,15,3,Advisor,Web,75,false,ADV_0001
HH_000774,Mass Affluent,T2,Northeast,501,2,440500,11,3,Email,Referral,78,true,ADV_0113
HH_000775,Mass Affluent,T2,Midwest,527,1,436000,30,6,Phone,Web,81,true,ADV_0115
HH_000776,Mass Affluent,T2,Midwest,602,1,355000,20,6,Digital,Web,23,true,ADV_0116
HH_000777,Mass Affluent,T2,Northeast,501,3,475500,25,5,Email,Referral,71,false,ADV_0070
HH_000778,Mass Affluent,T2,Midwest,616,1,732500,5,2,Email,Digital Ad,25,true,ADV_0024
HH_000779,Affluent,T3,Midwest,510,1,876300,2,6,Direct Mail,Seminar,17,true,ADV_0099
HH_000780,Mass Affluent,T2,South,635,2,527000,8,6,Advisor,Digital Ad,36,true,ADV_0111
HH_000781,Affluent,T3,Northeast,504,1,1022500,11,2,Digital,Web,6,true,ADV_0070
HH_000782,Mass Market,T1,Northeast,511,2,162200,10,2,Direct Mail,Digital Ad,75,true,ADV_0035
HH_000783,Mass Market,T1,Northeast,501,3,226000,14,2,Phone,Advisor Prospecting,43,true,ADV_0016
HH_000784,Mass Affluent,T2,Midwest,616,2,608000,10,2,Direct Mail,Web,28,true,ADV_0087
HH_000785,Mass Market,T1,Southeast,560,1,92400,26,2,Email,Seminar,89,true,ADV_0074
HH_000786,Mass Market,T1,West,753,1,104200,12,2,Phone,Seminar,65,true,ADV_0079
HH_000787,Mass Market,T1,Midwest,616,2,183400,27,3,Direct Mail,Referral,49,true,ADV_0029
HH_000788,Affluent,T3,Midwest,510,1,1790000,3,3,Phone,Digital Ad,10,true,ADV_0053
HH_000789,Mass Affluent,T2,West,803,1,354000,18,1,Phone,Web,32,true,ADV_0072
HH_000790,Mass Affluent,T2,Northeast,501,1,738000,30,5,Digital,Web,15,true,ADV_0102
HH_000791,Mass Market,T1,Midwest,609,2,172800,9,1,Phone,Web,75,true,ADV_0021
HH_000792,Mass Market,T1,Northeast,511,2,98000,11,4,Email,Referral,50,true,ADV_0093
HH_000793,Mass Market,T1,Southeast,560,3,117200,22,5,Email,Web,20,true,ADV_0062
HH_000794,Mass Affluent,T2,Northeast,501,2,481500,29,6,Advisor,Seminar,35,true,ADV_0095
HH_000795,High Net Worth,T4,Midwest,527,1,7184000,24,3,Digital,Seminar,65,true,ADV_0091
HH_000796,Mass Affluent,T2,West,753,2,375500,12,3,Email,Advisor Prospecting,35,true,ADV_0117
HH_000797,Mass Affluent,T2,Southeast,528,2,501000,18,5,Digital,Advisor Prospecting,80,true,ADV_0106
HH_000798,Mass Affluent,T2,Midwest,617,3,653500,12,3,Email,Referral,57,true,ADV_0063
HH_000799,Mass Market,T1,Southeast,528,2,153800,18,5,Email,Digital Ad,22,true,ADV_0107
HH_000800,Mass Market,T1,Southeast,528,2,125400,29,1,Digital,Seminar,66,true,ADV_0109
HH_000801,Mass Affluent,T2,South,659,1,350500,4,4,Phone,Seminar,7,true,ADV_0027
HH_000802,Mass Market,T1,South,641,1,234400,8,4,Phone,Advisor Prospecting,81,true,ADV_0102
HH_000803,Mass Market,T1,Midwest,616,2,149200,21,3,Direct Mail,Seminar,68,true,ADV_0115
HH_000804,Mass Market,T1,South,641,1,102200,28,3,Direct Mail,Digital Ad,40,true,ADV_0060
HH_000805,High Net Worth,T4,West,807,1,6272000,11,4,Advisor,Digital Ad,18,true,ADV_0041
HH_000806,Mass Affluent,T2,Southeast,524,2,709500,29,2,Advisor,Digital Ad,78,true,ADV_0111
HH_000807,Mass Affluent,T2,Northeast,504,2,329000,30,1,Digital,Seminar,42,false,ADV_0092
HH_000808,Mass Market,T1,Northeast,511,1,75600,1,1,Direct Mail,Advisor Prospecting,77,true,ADV_0042
HH_000809,Mass Affluent,T2,Midwest,510,3,323500,28,6,Direct Mail,Web,66,true,ADV_0103
HH_000810,High Net Worth,T4,Midwest,510,2,7672000,8,2,Email,Digital Ad,36,true,ADV_0044
HH_000811,Mass Affluent,T2,Northeast,501,2,471500,17,1,Advisor,Advisor Prospecting,30,true,ADV_0090
HH_000812,Mass Affluent,T2,West,753,2,465000,27,2,Digital,Digital Ad,41,true,ADV_0034
HH_000813,Mass Affluent,T2,South,659,2,411000,8,6,Direct Mail,Digital Ad,55,true,ADV_0098
HH_000814,Affluent,T3,Southeast,524,2,1812500,14,4,Advisor,Digital Ad,84,true,ADV_0076
HH_000815,High Net Worth,T4,Southeast,560,2,7944000,9,5,Email,Seminar,69,true,ADV_0090
HH_000816,Ultra HNW,T5,Northeast,512,2,46680000,18,5,Email,Web,63,false,ADV_0015
HH_000817,Affluent,T3,Midwest,616,1,1852500,10,5,Digital,Seminar,60,true,ADV_0095
HH_000818,Mass Market,T1,Northeast,511,2,117400,5,6,Digital,Referral,76,false,ADV_0026
HH_000819,Affluent,T3,Northeast,504,2,1827500,5,4,Email,Referral,70,true,ADV_0061
HH_000820,Affluent,T3,Midwest,616,1,1383800,11,1,Phone,Advisor Prospecting,77,true,ADV_0064
HH_000821,Affluent,T3,South,635,2,960000,7,2,Digital,Seminar,52,true,ADV_0109
HH_000822,Mass Affluent,T2,Midwest,616,2,746000,10,3,Direct Mail,Digital Ad,37,true,ADV_0094
HH_000823,Affluent,T3,Midwest,602,1,865000,14,4,Digital,Seminar,59,true,ADV_0107
HH_000824,Mass Market,T1,Southeast,560,1,201800,23,1,Email,Web,46,true,ADV_0008
HH_000825,Mass Affluent,T2,Midwest,616,2,277500,14,1,Email,Web,25,true,ADV_0095
HH_000826,Mass Market,T1,Southeast,560,2,53400,4,4,Digital,Digital Ad,46,true,ADV_0097
HH_000827,Mass Affluent,T2,West,753,1,624500,11,2,Phone,Web,79,true,ADV_0056
HH_000828,Mass Market,T1,Southeast,528,1,210200,17,5,Direct Mail,Web,6,true,ADV_0100
HH_000829,Mass Market,T1,Northeast,504,2,163000,10,1,Phone,Web,56,true,ADV_0010
HH_000830,Affluent,T3,Midwest,617,1,1556300,30,5,Phone,Referral,22,true,ADV_0025
HH_000831,Mass Affluent,T2,Northeast,501,1,495500,12,4,Phone,Seminar,7,true,ADV_0099
HH_000832,Mass Market,T1,Midwest,602,2,68200,13,6,Direct Mail,Advisor Prospecting,44,true,ADV_0066
HH_000833,Mass Affluent,T2,Midwest,510,2,673500,29,2,Email,Web,45,false,ADV_0002
HH_000834,Affluent,T3,Northeast,501,2,1598800,27,6,Direct Mail,Referral,18,true,ADV_0005
HH_000835,Mass Affluent,T2,Midwest,510,2,587000,3,2,Direct Mail,Advisor Prospecting,46,true,ADV_0062
HH_000836,Mass Market,T1,West,807,2,147600,30,5,Email,Referral,84,true,ADV_0065
HH_000837,Affluent,T3,Northeast,501,2,1007500,26,4,Digital,Seminar,46,false,ADV_0022
HH_000838,Mass Affluent,T2,Southeast,560,1,568500,30,2,Digital,Digital Ad,53,false,ADV_0060
HH_000839,Affluent,T3,Midwest,505,1,1595000,3,6,Direct Mail,Advisor Prospecting,75,true,ADV_0071
HH_000840,Affluent,T3,Midwest,616,1,940000,22,2,Phone,Seminar,80,true,ADV_0120
HH_000841,Affluent,T3,Northeast,501,3,1073800,28,2,Digital,Digital Ad,39,true,ADV_0070
HH_000842,Mass Affluent,T2,Midwest,602,2,629000,12,4,Email,Advisor Prospecting,62,true,ADV_0018
HH_000843,Affluent,T3,South,635,1,1252500,9,3,Phone,Seminar,63,true,ADV_0025
HH_000844,Mass Market,T1,South,659,2,213600,21,1,Phone,Digital Ad,60,true,ADV_0049
HH_000845,Mass Affluent,T2,Southeast,560,1,375000,19,2,Advisor,Digital Ad,6,false,ADV_0002
HH_000846,Mass Affluent,T2,Midwest,527,1,344000,5,3,Advisor,Digital Ad,16,true,ADV_0082
HH_000847,Mass Affluent,T2,Midwest,510,2,406500,27,1,Direct Mail,Seminar,59,false,ADV_0056
HH_000848,Affluent,T3,South,623,2,1988800,30,4,Phone,Referral,52,true,ADV_0113
HH_000849,Mass Affluent,T2,Northeast,501,1,703500,22,5,Advisor,Seminar,2,true,ADV_0035
HH_000850,Affluent,T3,Midwest,602,2,1600000,9,3,Digital,Digital Ad,36,false,ADV_0010
HH_000851,Mass Market,T1,South,641,2,205800,21,6,Phone,Seminar,49,true,ADV_0018
HH_000852,Mass Affluent,T2,South,641,1,707500,10,5,Advisor,Web,52,false,ADV_0062
HH_000853,Mass Affluent,T2,South,659,3,662000,28,5,Direct Mail,Referral,71,true,ADV_0117
HH_000854,Mass Market,T1,Midwest,602,2,87800,25,1,Email,Digital Ad,77,false,ADV_0075
HH_000855,Affluent,T3,South,659,3,1442500,3,5,Phone,Digital Ad,65,false,ADV_0037
HH_000856,High Net Worth,T4,Northeast,511,3,9632000,16,2,Email,Web,79,true,ADV_0041
HH_000857,Mass Affluent,T2,South,623,1,347500,15,5,Email,Seminar,92,true,ADV_0111
HH_000858,Mass Market,T1,Midwest,510,2,101600,9,2,Advisor,Referral,63,true,ADV_0024
HH_000859,Mass Market,T1,Northeast,511,1,177400,25,1,Direct Mail,Digital Ad,56,true,ADV_0054
HH_000860,Mass Market,T1,Midwest,510,1,56800,20,2,Email,Advisor Prospecting,2,true,ADV_0118
HH_000861,Mass Market,T1,Midwest,602,1,181200,10,3,Email,Digital Ad,80,true,ADV_0120
HH_000862,Mass Market,T1,Northeast,501,3,233400,2,6,Email,Web,55,true,ADV_0081
HH_000863,Mass Affluent,T2,Midwest,616,2,545000,23,4,Digital,Digital Ad,53,true,ADV_0053
HH_000864,Affluent,T3,Midwest,505,1,1513800,3,2,Digital,Seminar,63,true,ADV_0046
HH_000865,Mass Market,T1,Midwest,616,1,240600,23,1,Digital,Web,59,true,ADV_0090
HH_000866,Mass Affluent,T2,Southeast,560,1,571500,9,2,Advisor,Seminar,2,true,ADV_0034
HH_000867,High Net Worth,T4,Northeast,511,2,7320000,17,6,Digital,Web,81,true,ADV_0040
HH_000868,Affluent,T3,Northeast,504,1,1476300,7,5,Advisor,Advisor Prospecting,83,true,ADV_0106
HH_000869,Mass Market,T1,Northeast,504,1,228800,2,6,Advisor,Advisor Prospecting,41,true,ADV_0050
HH_000870,Affluent,T3,Northeast,504,2,1351300,21,1,Advisor,Seminar,38,true,ADV_0016
HH_000871,Affluent,T3,Midwest,510,3,1448800,28,4,Direct Mail,Digital Ad,50,true,ADV_0005
HH_000872,Mass Affluent,T2,Midwest,510,1,491000,21,4,Direct Mail,Seminar,44,true,ADV_0010
HH_000873,Mass Market,T1,South,659,2,225400,13,5,Phone,Seminar,66,true,ADV_0100
HH_000874,Ultra HNW,T5,West,753,3,36280000,29,1,Direct Mail,Digital Ad,84,false,ADV_0102
HH_000875,Affluent,T3,Northeast,501,1,1108800,14,6,Direct Mail,Digital Ad,59,true,ADV_0106
HH_000876,Mass Market,T1,Southeast,528,1,139800,26,3,Digital,Seminar,75,true,ADV_0071
HH_000877,Mass Market,T1,Northeast,511,2,140400,22,4,Advisor,Web,25,true,ADV_0100
HH_000878,High Net Worth,T4,Southeast,528,1,9272000,28,6,Phone,Referral,64,true,ADV_0096
HH_000879,Mass Affluent,T2,South,635,2,733500,2,2,Email,Seminar,65,true,ADV_0042
HH_000880,Mass Market,T1,Midwest,602,2,90000,11,5,Phone,Web,44,true,ADV_0020
HH_000881,High Net Worth,T4,Northeast,511,1,5656000,21,5,Advisor,Referral,15,true,ADV_0094
HH_000882,Mass Affluent,T2,Northeast,504,2,685500,30,5,Advisor,Digital Ad,51,false,ADV_0119
HH_000883,Mass Affluent,T2,Northeast,511,2,274500,24,2,Email,Digital Ad,61,true,ADV_0116
HH_000884,Mass Market,T1,Southeast,528,2,222600,12,6,Phone,Referral,61,true,ADV_0013
HH_000885,Affluent,T3,Northeast,501,2,1700000,4,6,Direct Mail,Digital Ad,28,true,ADV_0095
HH_000886,Mass Affluent,T2,West,807,1,523000,17,1,Digital,Web,65,true,ADV_0092
HH_000887,Mass Market,T1,Midwest,616,2,219400,30,6,Digital,Advisor Prospecting,44,true,ADV_0105
HH_000888,Mass Market,T1,South,659,2,58200,28,1,Email,Seminar,73,true,ADV_0081
HH_000889,Mass Affluent,T2,Midwest,510,2,296500,1,3,Advisor,Seminar,26,false,ADV_0051
HH_000890,Mass Market,T1,West,807,1,181600,19,2,Digital,Advisor Prospecting,96,true,ADV_0004
HH_000891,Mass Market,T1,Southeast,528,1,135200,16,1,Phone,Advisor Prospecting,81,true,ADV_0108
HH_000892,High Net Worth,T4,Northeast,501,2,7192000,9,1,Email,Seminar,77,true,ADV_0067
HH_000893,Mass Market,T1,South,641,2,139400,15,5,Direct Mail,Digital Ad,5,true,ADV_0113
HH_000894,Mass Affluent,T2,Midwest,510,1,430000,21,5,Digital,Digital Ad,60,true,ADV_0022
HH_000895,Mass Market,T1,Midwest,510,1,159200,3,6,Email,Advisor Prospecting,42,true,ADV_0028
HH_000896,Mass Affluent,T2,South,659,2,304500,5,6,Phone,Seminar,44,true,ADV_0120
HH_000897,Affluent,T3,Southeast,560,3,1023800,21,1,Phone,Referral,75,false,ADV_0008
HH_000898,Mass Affluent,T2,Midwest,510,1,512000,6,1,Email,Digital Ad,48,true,ADV_0072
HH_000899,Affluent,T3,Midwest,510,3,1788800,3,3,Advisor,Seminar,61,true,ADV_0084
HH_000900,Mass Market,T1,Midwest,510,2,200200,24,1,Phone,Advisor Prospecting,40,true,ADV_0087
HH_000901,Mass Affluent,T2,West,753,2,328500,24,1,Direct Mail,Digital Ad,49,true,ADV_0109
HH_000902,High Net Worth,T4,Midwest,505,2,6648000,27,4,Phone,Seminar,47,true,ADV_0090
HH_000903,Mass Affluent,T2,Midwest,510,3,538000,16,5,Email,Referral,61,false,ADV_0077
HH_000904,Mass Market,T1,Northeast,504,2,90800,10,3,Email,Advisor Prospecting,91,true,ADV_0051
HH_000905,Mass Market,T1,Northeast,501,1,143400,26,2,Email,Seminar,35,true,ADV_0061
HH_000906,Mass Market,T1,West,807,2,71800,22,3,Direct Mail,Seminar,61,true,ADV_0115
HH_000907,Mass Affluent,T2,South,641,1,522000,10,4,Email,Digital Ad,15,true,ADV_0061
HH_000908,Affluent,T3,Midwest,616,2,1238800,24,6,Phone,Digital Ad,28,true,ADV_0041
HH_000909,Mass Affluent,T2,Northeast,501,1,475000,26,4,Direct Mail,Digital Ad,61,true,ADV_0037
HH_000910,Mass Market,T1,Midwest,616,2,243600,25,3,Direct Mail,Digital Ad,71,true,ADV_0098
HH_000911,Mass Affluent,T2,Northeast,504,1,701000,15,1,Direct Mail,Advisor Prospecting,42,true,ADV_0075
HH_000912,Mass Market,T1,Southeast,524,2,210200,21,1,Direct Mail,Seminar,23,true,ADV_0020
HH_000913,Affluent,T3,Midwest,510,2,1072500,28,6,Advisor,Advisor Prospecting,72,true,ADV_0083
HH_000914,Mass Market,T1,Southeast,528,2,166200,4,6,Advisor,Web,63,true,ADV_0119
HH_000915,Mass Affluent,T2,Northeast,511,1,581000,19,4,Direct Mail,Referral,92,true,ADV_0077
HH_000916,Mass Affluent,T2,Southeast,528,1,447000,29,2,Email,Advisor Prospecting,84,true,ADV_0051
HH_000917,Affluent,T3,Southeast,524,1,927500,30,1,Digital,Digital Ad,34,true,ADV_0090
HH_000918,Mass Affluent,T2,Midwest,510,2,749500,2,1,Email,Digital Ad,59,true,ADV_0037
HH_000919,Mass Affluent,T2,Northeast,501,1,381500,19,6,Advisor,Referral,65,true,ADV_0067
HH_000920,Mass Affluent,T2,South,641,2,297000,10,1,Phone,Seminar,78,false,ADV_0029
HH_000921,Mass Market,T1,Midwest,510,3,206000,29,3,Digital,Advisor Prospecting,66,true,ADV_0007
HH_000922,Mass Affluent,T2,Midwest,602,3,580000,2,5,Phone,Referral,52,true,ADV_0097
HH_000923,Mass Market,T1,West,807,2,67200,14,6,Phone,Referral,52,true,ADV_0111
HH_000924,Mass Affluent,T2,Midwest,510,2,389000,28,2,Email,Advisor Prospecting,43,false,ADV_0105
HH_000925,Affluent,T3,Northeast,504,2,815000,24,3,Advisor,Seminar,57,true,ADV_0072
HH_000926,Mass Affluent,T2,Midwest,602,2,696500,13,1,Email,Web,66,true,ADV_0025
HH_000927,Mass Market,T1,West,807,2,121400,19,3,Digital,Seminar,48,true,ADV_0076
HH_000928,Mass Affluent,T2,Southeast,560,2,514500,14,2,Email,Digital Ad,66,true,ADV_0017
HH_000929,Mass Market,T1,South,659,1,158800,27,6,Email,Seminar,66,true,ADV_0030
HH_000930,Mass Affluent,T2,Northeast,511,3,270000,4,4,Digital,Advisor Prospecting,39,true,ADV_0043
HH_000931,Mass Market,T1,South,659,3,247000,22,4,Phone,Seminar,54,true,ADV_0045
HH_000932,High Net Worth,T4,West,753,2,8032000,14,4,Email,Advisor Prospecting,72,true,ADV_0005
HH_000933,Affluent,T3,West,807,2,1598800,30,3,Email,Referral,74,true,ADV_0014
HH_000934,Mass Market,T1,Midwest,602,3,168000,29,6,Phone,Referral,44,true,ADV_0098
HH_000935,Mass Market,T1,Midwest,617,2,185200,28,4,Digital,Web,54,true,ADV_0054
HH_000936,Mass Market,T1,Midwest,510,1,124800,10,4,Digital,Seminar,28,false,ADV_0036
HH_000937,Mass Affluent,T2,Northeast,501,2,458000,16,5,Digital,Referral,35,true,ADV_0038
HH_000938,Mass Affluent,T2,Southeast,524,1,742500,24,4,Email,Web,73,true,ADV_0054
HH_000939,Affluent,T3,South,659,2,1291300,14,3,Digital,Seminar,40,false,ADV_0065
HH_000940,High Net Worth,T4,South,623,1,7376000,10,2,Advisor,Advisor Prospecting,73,true,ADV_0119
HH_000941,Affluent,T3,West,803,1,1853800,15,1,Email,Digital Ad,26,true,ADV_0090
HH_000942,Mass Market,T1,Midwest,616,2,125600,2,5,Phone,Seminar,67,true,ADV_0021
HH_000943,Mass Affluent,T2,Southeast,528,2,305500,7,4,Phone,Advisor Prospecting,48,false,ADV_0073
HH_000944,Affluent,T3,Northeast,504,1,1136300,13,5,Digital,Seminar,61,true,ADV_0101
HH_000945,High Net Worth,T4,Midwest,602,2,4336000,28,4,Phone,Seminar,24,false,ADV_0009
HH_000946,Affluent,T3,Northeast,504,3,1155000,10,3,Email,Seminar,46,true,ADV_0052
HH_000947,Affluent,T3,Southeast,524,1,1482500,10,6,Advisor,Web,47,true,ADV_0120
HH_000948,Mass Affluent,T2,Midwest,602,1,399000,30,3,Direct Mail,Web,62,true,ADV_0023
HH_000949,Mass Affluent,T2,West,753,1,335000,22,6,Phone,Digital Ad,4,true,ADV_0012
HH_000950,Mass Market,T1,West,803,2,119600,27,5,Phone,Seminar,62,true,ADV_0018
HH_000951,Mass Market,T1,South,641,2,214200,30,1,Digital,Referral,33,true,ADV_0001
HH_000952,Mass Affluent,T2,Midwest,602,2,470000,13,5,Advisor,Digital Ad,71,true,ADV_0062
HH_000953,Mass Market,T1,Northeast,504,1,104400,9,4,Advisor,Seminar,8,true,ADV_0112
HH_000954,Mass Affluent,T2,South,659,3,587500,25,6,Direct Mail,Advisor Prospecting,70,true,ADV_0035
HH_000955,Mass Affluent,T2,Midwest,510,2,341000,28,5,Email,Advisor Prospecting,50,false,ADV_0073
HH_000956,Mass Market,T1,Northeast,501,2,245800,4,5,Email,Seminar,53,true,ADV_0076
HH_000957,Mass Affluent,T2,Southeast,524,1,551000,19,3,Email,Advisor Prospecting,19,true,ADV_0092
HH_000958,Mass Affluent,T2,Southeast,560,2,435000,29,4,Direct Mail,Digital Ad,34,true,ADV_0073
HH_000959,Mass Affluent,T2,Southeast,528,1,707000,21,3,Digital,Seminar,89,true,ADV_0007
HH_000960,Mass Market,T1,West,753,2,204600,11,5,Advisor,Referral,33,true,ADV_0039
HH_000961,Affluent,T3,Southeast,528,1,1446300,20,2,Email,Referral,30,false,ADV_0088
HH_000962,Mass Market,T1,Midwest,602,2,208800,5,4,Digital,Referral,68,true,ADV_0012
HH_000963,Ultra HNW,T5,Southeast,524,1,40120000,25,3,Phone,Web,73,true,ADV_0021
HH_000964,Mass Market,T1,West,803,3,222200,10,4,Digital,Web,75,false,ADV_0055
HH_000965,High Net Worth,T4,West,803,2,5112000,7,5,Direct Mail,Web,63,true,ADV_0009
HH_000966,High Net Worth,T4,West,803,3,6024000,27,3,Digital,Advisor Prospecting,70,true,ADV_0047
HH_000967,Mass Market,T1,Midwest,602,3,94800,27,2,Digital,Referral,53,true,ADV_0093
HH_000968,High Net Worth,T4,Northeast,511,2,5408000,2,1,Email,Advisor Prospecting,43,true,ADV_0007
HH_000969,Mass Affluent,T2,Northeast,511,2,627500,22,2,Advisor,Web,66,true,ADV_0002
HH_000970,Mass Market,T1,Midwest,510,3,86200,12,1,Email,Web,51,true,ADV_0079
HH_000971,Mass Market,T1,Midwest,602,2,122800,18,2,Direct Mail,Advisor Prospecting,51,true,ADV_0079
HH_000972,High Net Worth,T4,Northeast,511,2,4816000,25,1,Digital,Digital Ad,70,true,ADV_0052
HH_000973,Ultra HNW,T5,Northeast,511,2,40880000,26,3,Phone,Digital Ad,17,true,ADV_0012
HH_000974,Mass Market,T1,Midwest,616,1,225800,8,3,Digital,Referral,3,true,ADV_0077
HH_000975,Mass Market,T1,Northeast,504,1,170400,22,5,Email,Referral,11,true,ADV_0062
HH_000976,Mass Affluent,T2,Northeast,511,2,276500,24,3,Digital,Referral,47,true,ADV_0042
HH_000977,Mass Market,T1,Northeast,511,2,112200,26,3,Advisor,Digital Ad,63,true,ADV_0097
HH_000978,Mass Market,T1,Northeast,511,2,211600,9,6,Advisor,Seminar,59,true,ADV_0068
HH_000979,Mass Affluent,T2,South,659,3,732000,2,5,Email,Web,33,false,ADV_0065
HH_000980,Ultra HNW,T5,Northeast,501,1,42440000,1,4,Advisor,Seminar,21,true,ADV_0028
HH_000981,Mass Market,T1,Midwest,527,2,57800,6,4,Email,Digital Ad,63,true,ADV_0119
HH_000982,Mass Market,T1,Midwest,609,1,120400,12,5,Advisor,Referral,19,true,ADV_0086
HH_000983,Affluent,T3,Midwest,616,2,1093800,12,4,Direct Mail,Advisor Prospecting,65,true,ADV_0042
HH_000984,Mass Market,T1,West,807,3,245600,12,6,Email,Advisor Prospecting,36,true,ADV_0022
HH_000985,Mass Affluent,T2,West,753,1,264000,29,1,Email,Web,4,true,ADV_0105
HH_000986,Mass Market,T1,Northeast,501,3,152600,22,6,Phone,Advisor Prospecting,54,true,ADV_0025
HH_000987,Mass Market,T1,Midwest,616,2,106600,12,3,Advisor,Digital Ad,16,true,ADV_0001
HH_000988,Mass Affluent,T2,South,659,1,268000,12,1,Direct Mail,Referral,55,false,ADV_0039
HH_000989,Affluent,T3,Northeast,501,2,1221300,9,3,Direct Mail,Web,32,true,ADV_0099
HH_000990,Mass Market,T1,Northeast,511,2,189600,26,2,Digital,Seminar,61,true,ADV_0119
HH_000991,Mass Affluent,T2,West,807,1,356500,2,5,Email,Digital Ad,48,true,ADV_0072
HH_000992,High Net Worth,T4,West,807,2,2000000,1,2,Email,Seminar,48,true,ADV_0070
HH_000993,Affluent,T3,Northeast,511,2,971300,24,5,Email,Web,70,true,ADV_0076
HH_000994,Affluent,T3,South,623,2,1257500,21,5,Direct Mail,Web,19,true,ADV_0059
HH_000995,Mass Market,T1,West,807,1,203200,11,6,Phone,Web,77,true,ADV_0111
HH_000996,Mass Affluent,T2,Northeast,511,2,435500,27,5,Email,Seminar,38,true,ADV_0106
HH_000997,Mass Affluent,T2,Midwest,510,1,274000,4,4,Digital,Digital Ad,89,true,ADV_0050
HH_000998,Affluent,T3,West,803,1,1502500,2,1,Direct Mail,Digital Ad,91,true,ADV_0002
HH_000999,Affluent,T3,Northeast,501,2,1252500,23,6,Advisor,Web,47,false,ADV_0078
HH_001000,High Net Worth,T4,South,659,1,9056000,30,3,Email,Seminar,69,true,ADV_0091
HH_001001,Mass Affluent,T2,Midwest,510,2,570500,27,4,Direct Mail,Advisor Prospecting,77,true,ADV_0092
HH_001002,Mass Affluent,T2,Northeast,506,2,419500,29,2,Email,Seminar,80,true,ADV_0037
HH_001003,Mass Affluent,T2,Midwest,510,2,378500,21,3,Direct Mail,Web,66,true,ADV_0009
HH_001004,Mass Affluent,T2,Northeast,501,2,641500,13,1,Digital,Advisor Prospecting,45,true,ADV_0040
HH_001005,Affluent,T3,Midwest,510,1,1017500,29,5,Advisor,Seminar,9,false,ADV_0076
HH_001006,Mass Affluent,T2,Midwest,510,1,665000,26,5,Email,Seminar,39,false,ADV_0080
HH_001007,Mass Affluent,T2,Northeast,504,2,388000,6,5,Phone,Advisor Prospecting,51,true,ADV_0060
HH_001008,Affluent,T3,South,635,3,1412500,6,3,Advisor,Seminar,52,true,ADV_0028
HH_001009,Mass Affluent,T2,Midwest,510,1,705000,10,4,Digital,Seminar,87,true,ADV_0082
HH_001010,High Net Worth,T4,Southeast,524,1,9960000,1,2,Direct Mail,Digital Ad,52,false,ADV_0098
HH_001011,Mass Market,T1,Midwest,616,1,152200,14,2,Direct Mail,Web,2,true,ADV_0048
HH_001012,Mass Affluent,T2,Midwest,602,1,410500,17,2,Email,Referral,72,false,ADV_0079
HH_001013,Mass Affluent,T2,Midwest,510,1,676000,29,5,Advisor,Seminar,52,true,ADV_0034
HH_001014,Mass Market,T1,Northeast,501,1,84600,29,6,Phone,Digital Ad,44,true,ADV_0054
HH_001015,Mass Market,T1,South,641,1,184600,24,3,Phone,Web,48,true,ADV_0019
HH_001016,Mass Affluent,T2,Southeast,524,1,275000,12,2,Digital,Advisor Prospecting,62,true,ADV_0093
HH_001017,Mass Affluent,T2,Southeast,524,2,626500,13,4,Phone,Advisor Prospecting,46,true,ADV_0065
HH_001018,Affluent,T3,West,807,1,1491300,10,5,Direct Mail,Advisor Prospecting,67,true,ADV_0051
HH_001019,Affluent,T3,Northeast,511,1,1432500,22,1,Digital,Referral,84,true,ADV_0107
HH_001020,Affluent,T3,Midwest,617,1,1270000,5,4,Advisor,Digital Ad,33,false,ADV_0024
HH_001021,Mass Affluent,T2,Northeast,504,1,527000,4,6,Email,Referral,72,true,ADV_0065
HH_001022,Mass Affluent,T2,South,659,1,359000,16,4,Advisor,Referral,10,true,ADV_0111
HH_001023,Mass Market,T1,Southeast,528,2,101800,12,5,Phone,Digital Ad,68,false,ADV_0024
HH_001024,Mass Market,T1,Northeast,501,1,86200,1,6,Digital,Referral,11,true,ADV_0062
HH_001025,Mass Affluent,T2,Southeast,528,1,289500,26,6,Digital,Advisor Prospecting,83,true,ADV_0039
HH_001026,Mass Affluent,T2,Southeast,528,2,564000,22,3,Phone,Seminar,70,true,ADV_0037
HH_001027,Mass Affluent,T2,Midwest,510,1,498500,3,2,Advisor,Web,77,true,ADV_0095
HH_001028,Mass Affluent,T2,West,807,1,748000,11,3,Digital,Referral,54,true,ADV_0013
HH_001029,Mass Market,T1,South,659,2,125000,11,6,Phone,Digital Ad,25,false,ADV_0041
HH_001030,Mass Market,T1,South,659,1,143600,10,1,Email,Digital Ad,82,true,ADV_0025
HH_001031,Mass Affluent,T2,West,807,2,714500,2,1,Email,Web,4,true,ADV_0109
HH_001032,Mass Affluent,T2,South,659,2,404000,24,4,Advisor,Web,36,true,ADV_0025
HH_001033,Mass Affluent,T2,Midwest,617,1,325000,8,5,Email,Seminar,67,true,ADV_0083
HH_001034,Mass Affluent,T2,Midwest,527,1,368000,25,4,Email,Web,93,false,ADV_0018
HH_001035,Mass Affluent,T2,South,659,2,560500,19,5,Digital,Referral,52,false,ADV_0087
HH_001036,Mass Market,T1,Northeast,501,3,101000,7,5,Phone,Seminar,45,true,ADV_0055
HH_001037,Mass Market,T1,South,641,1,114200,8,6,Phone,Web,69,true,ADV_0120
HH_001038,Affluent,T3,Northeast,511,3,1020000,19,2,Phone,Web,46,true,ADV_0024
HH_001039,Mass Affluent,T2,Midwest,617,1,327000,1,4,Email,Seminar,68,false,ADV_0087
HH_001040,Affluent,T3,Southeast,528,2,1848800,9,3,Phone,Web,74,true,ADV_0082
HH_001041,Affluent,T3,South,659,2,1762500,26,6,Digital,Advisor Prospecting,54,true,ADV_0058
HH_001042,Affluent,T3,Southeast,560,2,1821300,6,3,Direct Mail,Web,9,true,ADV_0016
HH_001043,Mass Market,T1,Midwest,617,2,84000,21,6,Email,Seminar,81,true,ADV_0106
HH_001044,Affluent,T3,Northeast,504,2,1520000,26,3,Advisor,Seminar,58,true,ADV_0094
HH_001045,Mass Market,T1,Northeast,501,2,83400,1,2,Phone,Seminar,43,true,ADV_0086
HH_001046,Mass Market,T1,Northeast,511,1,207800,2,5,Email,Advisor Prospecting,5,true,ADV_0018
HH_001047,Affluent,T3,Midwest,609,1,1523800,12,2,Digital,Digital Ad,71,true,ADV_0039
HH_001048,Affluent,T3,Southeast,528,2,1776300,12,5,Digital,Seminar,40,true,ADV_0043
HH_001049,Affluent,T3,Midwest,510,1,878800,29,2,Phone,Referral,90,true,ADV_0057
HH_001050,Mass Affluent,T2,Northeast,504,1,545000,19,5,Phone,Digital Ad,33,true,ADV_0010
HH_001051,Mass Market,T1,West,807,1,137000,19,3,Phone,Seminar,37,true,ADV_0033
HH_001052,Affluent,T3,Midwest,617,2,1473800,16,1,Direct Mail,Digital Ad,54,true,ADV_0096
HH_001053,Affluent,T3,Northeast,501,1,1277500,4,6,Direct Mail,Web,77,true,ADV_0054
HH_001054,Affluent,T3,Northeast,501,1,1623800,7,5,Digital,Advisor Prospecting,91,true,ADV_0112
HH_001055,Ultra HNW,T5,Northeast,511,1,30280000,26,2,Direct Mail,Digital Ad,95,true,ADV_0071
HH_001056,High Net Worth,T4,Midwest,510,3,6536000,24,3,Phone,Referral,49,true,ADV_0108
HH_001057,Affluent,T3,Northeast,511,1,928800,29,6,Advisor,Seminar,66,true,ADV_0018
HH_001058,Ultra HNW,T5,South,659,1,23880000,21,2,Email,Web,23,true,ADV_0029
HH_001059,Mass Market,T1,Northeast,506,1,208000,23,5,Email,Advisor Prospecting,45,true,ADV_0039
HH_001060,Ultra HNW,T5,Southeast,528,2,19400000,15,3,Direct Mail,Web,79,false,ADV_0034
HH_001061,Mass Market,T1,Midwest,505,2,218000,23,2,Digital,Advisor Prospecting,67,true,ADV_0034
HH_001062,Mass Market,T1,West,807,2,51000,24,6,Phone,Advisor Prospecting,52,true,ADV_0029
HH_001063,High Net Worth,T4,Northeast,511,1,5528000,13,3,Advisor,Referral,56,true,ADV_0023
HH_001064,Mass Affluent,T2,Midwest,602,1,497000,16,5,Phone,Advisor Prospecting,38,true,ADV_0074
HH_001065,Mass Market,T1,Northeast,512,2,248600,28,6,Direct Mail,Digital Ad,44,true,ADV_0117
HH_001066,Mass Market,T1,Midwest,609,3,126800,21,6,Phone,Referral,58,true,ADV_0061
HH_001067,Mass Market,T1,West,807,1,161600,26,1,Email,Digital Ad,91,true,ADV_0058
HH_001068,Mass Affluent,T2,Northeast,501,3,614500,19,2,Phone,Seminar,51,true,ADV_0097
HH_001069,Mass Affluent,T2,Northeast,501,1,600000,19,3,Direct Mail,Advisor Prospecting,16,true,ADV_0026
HH_001070,Mass Market,T1,Northeast,501,2,87200,9,1,Phone,Seminar,35,true,ADV_0029
HH_001071,Affluent,T3,Southeast,528,1,1381300,4,6,Phone,Digital Ad,56,true,ADV_0088
HH_001072,Mass Affluent,T2,Midwest,609,2,641000,1,2,Email,Seminar,43,true,ADV_0090
HH_001073,Mass Market,T1,Midwest,602,2,189800,28,5,Direct Mail,Digital Ad,83,true,ADV_0075
HH_001074,Mass Market,T1,Midwest,510,2,163800,29,3,Digital,Referral,80,true,ADV_0026
HH_001075,Mass Market,T1,Southeast,560,1,93600,11,6,Email,Web,44,false,ADV_0035
HH_001076,Affluent,T3,Northeast,511,3,1822500,25,4,Advisor,Advisor Prospecting,77,true,ADV_0111
HH_001077,Mass Market,T1,Midwest,609,2,209600,2,1,Email,Referral,94,true,ADV_0009
HH_001078,Mass Affluent,T2,Northeast,511,2,277500,10,6,Advisor,Digital Ad,80,true,ADV_0069
HH_001079,Mass Affluent,T2,Northeast,506,2,747000,6,4,Phone,Digital Ad,70,false,ADV_0055
HH_001080,Mass Affluent,T2,Northeast,512,1,538500,8,5,Advisor,Referral,84,false,ADV_0062
HH_001081,Mass Affluent,T2,Northeast,501,1,570000,26,3,Digital,Web,15,true,ADV_0018
HH_001082,High Net Worth,T4,Midwest,602,1,2000000,7,3,Phone,Seminar,97,true,ADV_0018
HH_001083,Mass Affluent,T2,Northeast,511,1,623500,23,2,Phone,Digital Ad,42,true,ADV_0115
HH_001084,Mass Market,T1,Northeast,504,3,62800,3,2,Phone,Digital Ad,54,true,ADV_0078
HH_001085,Mass Affluent,T2,Midwest,602,1,630500,25,2,Email,Referral,52,true,ADV_0058
HH_001086,Mass Market,T1,Northeast,511,2,150600,15,3,Phone,Seminar,46,true,ADV_0047
HH_001087,Mass Affluent,T2,South,659,2,616500,16,3,Digital,Advisor Prospecting,78,true,ADV_0015
HH_001088,High Net Worth,T4,South,659,1,9528000,9,3,Digital,Advisor Prospecting,21,true,ADV_0084
HH_001089,Mass Market,T1,Northeast,512,1,185800,28,2,Digital,Referral,46,true,ADV_0032
HH_001090,Mass Market,T1,Southeast,528,2,120000,1,3,Phone,Web,51,true,ADV_0058
HH_001091,Mass Affluent,T2,South,659,1,537000,7,3,Direct Mail,Advisor Prospecting,64,false,ADV_0105
HH_001092,Affluent,T3,South,659,1,1022500,28,3,Advisor,Referral,13,true,ADV_0062
HH_001093,Affluent,T3,Northeast,501,2,1058800,12,6,Digital,Digital Ad,15,true,ADV_0106
HH_001094,Mass Market,T1,Southeast,560,1,97200,27,3,Phone,Referral,52,true,ADV_0104
HH_001095,Affluent,T3,Southeast,528,2,1476300,22,1,Email,Advisor Prospecting,35,true,ADV_0101
HH_001096,Affluent,T3,West,819,2,991300,22,2,Advisor,Referral,53,true,ADV_0114
HH_001097,Mass Affluent,T2,West,753,2,619500,1,1,Email,Web,40,true,ADV_0017
HH_001098,Mass Market,T1,Southeast,528,2,172600,14,4,Advisor,Seminar,59,true,ADV_0039
HH_001099,Mass Affluent,T2,South,659,2,515500,4,6,Email,Referral,53,true,ADV_0003
HH_001100,Affluent,T3,Midwest,609,2,1341300,5,1,Email,Referral,56,true,ADV_0067
HH_001101,High Net Worth,T4,Northeast,511,2,5112000,8,2,Direct Mail,Advisor Prospecting,25,false,ADV_0060
HH_001102,Mass Market,T1,Midwest,609,1,63000,3,6,Phone,Advisor Prospecting,70,false,ADV_0095
HH_001103,Mass Market,T1,Northeast,512,2,211400,22,3,Advisor,Digital Ad,82,true,ADV_0090
HH_001104,Mass Affluent,T2,Northeast,501,1,581000,4,2,Advisor,Advisor Prospecting,31,true,ADV_0051
HH_001105,Mass Affluent,T2,Midwest,505,2,341500,17,1,Email,Web,22,false,ADV_0039
HH_001106,Affluent,T3,Midwest,609,1,1831300,1,2,Phone,Seminar,63,true,ADV_0067
HH_001107,Affluent,T3,Midwest,527,1,1495000,13,4,Phone,Seminar,27,false,ADV_0009
HH_001108,Mass Affluent,T2,Northeast,504,2,268000,1,2,Email,Referral,28,true,ADV_0015
HH_001109,Mass Affluent,T2,South,659,1,334000,27,3,Phone,Referral,35,true,ADV_0081
HH_001110,High Net Worth,T4,Northeast,504,2,9832000,18,2,Email,Advisor Prospecting,90,true,ADV_0033
HH_001111,Mass Market,T1,Northeast,501,1,118800,10,4,Digital,Web,2,true,ADV_0027
HH_001112,Mass Market,T1,West,753,2,244600,2,1,Email,Web,38,false,ADV_0108
HH_001113,Mass Affluent,T2,Northeast,504,1,503500,28,4,Advisor,Web,45,true,ADV_0002
HH_001114,Mass Affluent,T2,South,659,3,490000,4,4,Advisor,Digital Ad,67,true,ADV_0088
HH_001115,High Net Worth,T4,Midwest,609,2,4096000,6,2,Digital,Seminar,79,true,ADV_0095
HH_001116,Affluent,T3,West,753,1,1933800,16,6,Advisor,Referral,22,false,ADV_0051
HH_001117,Mass Market,T1,Southeast,528,2,228800,4,5,Digital,Web,41,false,ADV_0034
HH_001118,Mass Affluent,T2,Southeast,528,1,574500,17,6,Phone,Web,33,false,ADV_0107
HH_001119,High Net Worth,T4,Northeast,504,1,8664000,5,2,Phone,Web,76,true,ADV_0036
HH_001120,Mass Market,T1,Northeast,511,3,160400,28,2,Digital,Referral,49,true,ADV_0051
HH_001121,Mass Affluent,T2,Northeast,511,2,277500,18,2,Digital,Web,56,true,ADV_0046
HH_001122,Affluent,T3,Midwest,510,2,1578800,5,1,Advisor,Seminar,39,true,ADV_0115
HH_001123,Mass Affluent,T2,Midwest,527,1,258000,2,3,Advisor,Web,35,true,ADV_0105
HH_001124,Mass Market,T1,Northeast,511,2,129200,4,6,Direct Mail,Referral,51,true,ADV_0031
HH_001125,Mass Affluent,T2,Northeast,501,2,462000,3,4,Digital,Referral,90,false,ADV_0022
HH_001126,Affluent,T3,Northeast,511,2,1523800,9,1,Digital,Referral,57,true,ADV_0023
HH_001127,Mass Affluent,T2,West,753,2,308000,3,6,Digital,Referral,47,true,ADV_0080
HH_001128,Mass Affluent,T2,Midwest,602,2,703000,12,3,Direct Mail,Advisor Prospecting,44,true,ADV_0023
HH_001129,Affluent,T3,Northeast,501,1,1002500,22,2,Direct Mail,Advisor Prospecting,80,true,ADV_0069
HH_001130,Mass Market,T1,Midwest,609,1,83800,20,6,Phone,Advisor Prospecting,25,true,ADV_0004
HH_001131,Affluent,T3,South,641,2,933800,15,2,Email,Digital Ad,7,true,ADV_0107
HH_001132,Mass Affluent,T2,South,623,2,475500,10,5,Direct Mail,Seminar,64,true,ADV_0001
HH_001133,Mass Affluent,T2,Northeast,511,1,644500,9,2,Advisor,Digital Ad,53,true,ADV_0042
HH_001134,High Net Worth,T4,Midwest,617,1,5248000,10,3,Advisor,Digital Ad,91,true,ADV_0085
HH_001135,Mass Affluent,T2,Midwest,510,2,720000,23,6,Digital,Web,36,true,ADV_0096
HH_001136,Mass Affluent,T2,Midwest,510,2,403000,30,2,Direct Mail,Referral,76,true,ADV_0035
HH_001137,Mass Affluent,T2,Northeast,511,2,623500,24,6,Digital,Web,46,true,ADV_0084
HH_001138,High Net Worth,T4,Northeast,511,1,8536000,12,1,Direct Mail,Web,50,false,ADV_0096
HH_001139,Mass Market,T1,South,641,2,108400,30,3,Phone,Referral,69,true,ADV_0050
HH_001140,Mass Market,T1,Northeast,501,1,148000,21,5,Phone,Seminar,54,true,ADV_0049
HH_001141,Mass Market,T1,Midwest,602,1,107200,15,3,Advisor,Web,42,true,ADV_0020
HH_001142,Affluent,T3,West,753,2,1278800,3,4,Digital,Digital Ad,68,true,ADV_0002
HH_001143,Mass Market,T1,Northeast,506,2,87600,11,1,Phone,Digital Ad,90,true,ADV_0017
HH_001144,Mass Affluent,T2,West,807,2,686000,13,3,Direct Mail,Advisor Prospecting,20,true,ADV_0118
HH_001145,Mass Affluent,T2,Midwest,505,2,478500,2,4,Digital,Referral,51,true,ADV_0005
HH_001146,Mass Affluent,T2,Midwest,510,3,541500,14,4,Digital,Referral,40,true,ADV_0118
HH_001147,Mass Affluent,T2,West,807,1,461500,29,5,Direct Mail,Referral,79,true,ADV_0117
HH_001148,Mass Market,T1,South,623,2,75000,16,6,Phone,Referral,75,true,ADV_0110
HH_001149,Mass Market,T1,Northeast,511,2,115200,8,4,Direct Mail,Digital Ad,42,true,ADV_0081
HH_001150,High Net Worth,T4,Northeast,511,1,7208000,21,1,Direct Mail,Web,29,true,ADV_0060
HH_001151,High Net Worth,T4,Midwest,617,1,2360000,10,3,Digital,Referral,93,true,ADV_0041
HH_001152,Mass Affluent,T2,Midwest,510,2,692000,21,2,Digital,Web,9,true,ADV_0050
HH_001153,Mass Affluent,T2,Midwest,602,1,573000,7,5,Email,Referral,55,true,ADV_0112
HH_001154,Affluent,T3,Midwest,505,1,1541300,13,6,Email,Referral,43,false,ADV_0061
HH_001155,Mass Affluent,T2,Northeast,504,1,677000,18,1,Phone,Advisor Prospecting,60,true,ADV_0072
HH_001156,Mass Market,T1,West,807,1,124200,1,2,Email,Referral,79,true,ADV_0088
HH_001157,Mass Market,T1,Southeast,528,1,123600,16,4,Phone,Seminar,54,true,ADV_0048
HH_001158,Affluent,T3,Midwest,616,2,1796300,27,2,Digital,Seminar,71,true,ADV_0112
HH_001159,Mass Market,T1,Northeast,504,1,145600,2,6,Advisor,Digital Ad,69,true,ADV_0094
HH_001160,Mass Affluent,T2,Northeast,501,2,327500,7,4,Direct Mail,Referral,48,false,ADV_0032
HH_001161,Mass Market,T1,Midwest,510,1,144000,6,2,Direct Mail,Referral,50,false,ADV_0045
HH_001162,High Net Worth,T4,South,623,1,2536000,26,6,Digital,Web,51,true,ADV_0041
HH_001163,Mass Affluent,T2,Midwest,609,2,484500,8,6,Advisor,Advisor Prospecting,23,false,ADV_0090
HH_001164,Mass Market,T1,Midwest,510,2,170200,17,2,Phone,Advisor Prospecting,11,true,ADV_0030
HH_001165,Affluent,T3,Midwest,510,3,1555000,3,2,Digital,Advisor Prospecting,68,false,ADV_0065
HH_001166,Mass Affluent,T2,Midwest,527,1,514000,23,6,Phone,Referral,42,true,ADV_0054
HH_001167,Mass Affluent,T2,Northeast,501,3,736000,18,3,Phone,Digital Ad,60,true,ADV_0095
HH_001168,Affluent,T3,Northeast,501,1,1012500,8,4,Digital,Referral,33,true,ADV_0090
HH_001169,Mass Affluent,T2,South,659,1,720000,5,1,Email,Digital Ad,56,false,ADV_0038
HH_001170,Mass Market,T1,Midwest,602,2,196600,18,2,Phone,Advisor Prospecting,25,true,ADV_0070
HH_001171,Affluent,T3,Northeast,511,2,1926300,6,6,Advisor,Digital Ad,62,true,ADV_0007
HH_001172,Mass Market,T1,West,819,1,159800,14,3,Digital,Referral,90,true,ADV_0085
HH_001173,Mass Market,T1,Northeast,511,2,97600,21,6,Direct Mail,Web,52,true,ADV_0067
HH_001174,High Net Worth,T4,Northeast,501,3,4672000,12,5,Phone,Seminar,59,true,ADV_0037
HH_001175,Affluent,T3,Midwest,527,1,983800,7,2,Phone,Digital Ad,55,true,ADV_0043
HH_001176,High Net Worth,T4,South,659,1,8600000,26,3,Email,Referral,17,true,ADV_0044
HH_001177,Affluent,T3,Southeast,528,1,875000,11,4,Digital,Digital Ad,3,true,ADV_0043
HH_001178,Mass Market,T1,Northeast,511,2,214400,29,4,Digital,Digital Ad,62,true,ADV_0102
HH_001179,Mass Affluent,T2,Northeast,501,3,697500,14,6,Advisor,Digital Ad,49,true,ADV_0069
HH_001180,Mass Affluent,T2,Northeast,511,2,426500,23,6,Direct Mail,Seminar,41,true,ADV_0006
HH_001181,Mass Market,T1,South,641,2,50400,9,5,Email,Seminar,44,true,ADV_0075
HH_001182,Affluent,T3,Southeast,528,2,1155000,20,5,Email,Web,38,true,ADV_0009
HH_001183,High Net Worth,T4,Northeast,501,1,2888000,13,5,Email,Advisor Prospecting,18,true,ADV_0072
HH_001184,Mass Affluent,T2,Midwest,617,1,608500,1,4,Direct Mail,Digital Ad,62,true,ADV_0106
HH_001185,Mass Affluent,T2,Midwest,617,1,401500,4,4,Direct Mail,Seminar,16,true,ADV_0008
HH_001186,Mass Market,T1,Northeast,511,2,203600,24,1,Direct Mail,Seminar,25,true,ADV_0035
HH_001187,Affluent,T3,West,753,2,1032500,20,5,Phone,Seminar,26,true,ADV_0068
HH_001188,Mass Affluent,T2,Midwest,510,2,652000,13,2,Digital,Web,56,false,ADV_0032
HH_001189,Mass Market,T1,Midwest,510,1,103800,14,5,Phone,Advisor Prospecting,82,false,ADV_0109
HH_001190,Mass Market,T1,Midwest,510,1,119600,2,5,Advisor,Seminar,79,true,ADV_0048
HH_001191,Mass Market,T1,South,659,1,243400,20,5,Digital,Advisor Prospecting,54,false,ADV_0017
HH_001192,Mass Affluent,T2,Southeast,524,2,369500,17,2,Advisor,Web,51,true,ADV_0059
HH_001193,Mass Market,T1,Midwest,505,2,93000,5,2,Phone,Seminar,22,true,ADV_0097
HH_001194,High Net Worth,T4,Midwest,510,3,4104000,25,3,Phone,Advisor Prospecting,96,true,ADV_0100
HH_001195,Mass Affluent,T2,Northeast,504,2,420500,17,1,Digital,Web,76,true,ADV_0114
HH_001196,Mass Market,T1,West,803,1,229400,7,2,Advisor,Referral,39,false,ADV_0088
HH_001197,Mass Affluent,T2,West,753,1,406500,1,3,Email,Advisor Prospecting,24,false,ADV_0102
HH_001198,Mass Market,T1,Northeast,511,2,225200,21,2,Phone,Web,53,true,ADV_0029
HH_001199,Mass Market,T1,West,803,1,220800,3,1,Direct Mail,Digital Ad,31,true,ADV_0036
HH_001200,Mass Affluent,T2,Midwest,527,1,390500,3,1,Digital,Web,48,true,ADV_0028
HH_001201,Affluent,T3,Southeast,528,2,1091300,17,3,Digital,Seminar,60,true,ADV_0109
HH_001202,Mass Affluent,T2,South,623,3,478500,9,6,Direct Mail,Web,63,true,ADV_0096
HH_001203,Mass Affluent,T2,Northeast,501,2,700500,12,6,Phone,Advisor Prospecting,70,true,ADV_0113
HH_001204,Mass Affluent,T2,South,623,1,738000,4,3,Digital,Web,35,true,ADV_0027
HH_001205,High Net Worth,T4,Northeast,511,2,8464000,7,3,Direct Mail,Digital Ad,37,true,ADV_0120
HH_001206,High Net Worth,T4,Southeast,528,1,4560000,2,2,Email,Referral,34,false,ADV_0090
HH_001207,Mass Market,T1,Midwest,602,2,195600,22,2,Email,Advisor Prospecting,17,true,ADV_0029
HH_001208,High Net Worth,T4,Northeast,511,2,6552000,19,2,Direct Mail,Digital Ad,18,true,ADV_0096
HH_001209,High Net Worth,T4,West,807,2,7680000,5,4,Direct Mail,Seminar,27,true,ADV_0020
HH_001210,Mass Market,T1,Northeast,501,2,52200,22,2,Advisor,Digital Ad,63,true,ADV_0099
HH_001211,Mass Affluent,T2,Midwest,617,2,599500,10,3,Digital,Referral,57,true,ADV_0091
HH_001212,Mass Market,T1,Northeast,501,2,229000,3,2,Email,Digital Ad,53,true,ADV_0004
HH_001213,Mass Affluent,T2,Northeast,501,3,628500,5,2,Email,Digital Ad,31,true,ADV_0005
HH_001214,Mass Market,T1,West,803,1,154200,17,2,Email,Referral,42,true,ADV_0010
HH_001215,Affluent,T3,Midwest,602,3,807500,10,4,Digital,Seminar,57,false,ADV_0020
HH_001216,Affluent,T3,West,807,1,1355000,7,4,Digital,Digital Ad,67,true,ADV_0102
HH_001217,Mass Affluent,T2,Midwest,609,2,599000,21,4,Email,Referral,48,true,ADV_0032
HH_001218,Affluent,T3,Midwest,510,1,1361300,2,3,Direct Mail,Web,31,true,ADV_0055
HH_001219,Mass Market,T1,Midwest,602,2,208600,5,4,Digital,Referral,86,true,ADV_0015
HH_001220,Mass Affluent,T2,Northeast,501,1,435500,18,3,Phone,Advisor Prospecting,52,true,ADV_0007
HH_001221,Mass Market,T1,Southeast,560,2,144400,15,4,Email,Web,59,true,ADV_0087
HH_001222,Mass Market,T1,Northeast,504,1,111000,6,3,Advisor,Advisor Prospecting,55,true,ADV_0106
HH_001223,Mass Market,T1,Midwest,616,3,169200,18,3,Direct Mail,Advisor Prospecting,73,true,ADV_0112
HH_001224,Mass Market,T1,West,819,1,148400,12,5,Advisor,Seminar,43,true,ADV_0033
HH_001225,Mass Market,T1,Northeast,506,3,207000,10,5,Phone,Seminar,60,true,ADV_0106
HH_001226,Ultra HNW,T5,Northeast,501,2,16680000,25,4,Advisor,Referral,23,true,ADV_0003
HH_001227,Mass Affluent,T2,Midwest,617,1,441000,29,6,Direct Mail,Advisor Prospecting,48,true,ADV_0069
HH_001228,Mass Market,T1,Northeast,501,1,62800,6,3,Phone,Advisor Prospecting,92,true,ADV_0104
HH_001229,Mass Market,T1,Midwest,510,2,206200,9,1,Digital,Advisor Prospecting,46,true,ADV_0001
HH_001230,Affluent,T3,South,641,1,1872500,13,5,Advisor,Advisor Prospecting,50,true,ADV_0090
HH_001231,Mass Affluent,T2,Northeast,511,2,318000,23,5,Email,Web,5,true,ADV_0011
HH_001232,Mass Affluent,T2,South,641,2,371000,23,1,Advisor,Web,44,false,ADV_0083
HH_001233,Affluent,T3,Midwest,617,1,1085000,24,2,Phone,Web,47,false,ADV_0007
HH_001234,Mass Market,T1,South,641,2,190600,23,1,Phone,Referral,67,true,ADV_0105
HH_001235,Mass Affluent,T2,Midwest,609,2,748500,15,2,Phone,Referral,46,true,ADV_0108
HH_001236,Affluent,T3,Northeast,501,1,1282500,1,2,Advisor,Web,55,false,ADV_0081
HH_001237,Mass Affluent,T2,Midwest,505,1,687000,20,5,Direct Mail,Advisor Prospecting,39,true,ADV_0081
HH_001238,Affluent,T3,Northeast,501,1,1861300,23,4,Phone,Web,48,true,ADV_0102
HH_001239,Affluent,T3,Midwest,510,1,1886300,21,5,Advisor,Advisor Prospecting,66,false,ADV_0005
HH_001240,Mass Affluent,T2,West,807,1,559000,6,5,Advisor,Advisor Prospecting,60,true,ADV_0026
HH_001241,Affluent,T3,Midwest,616,1,1247500,11,1,Phone,Web,84,true,ADV_0027
HH_001242,Mass Affluent,T2,West,807,2,726000,23,3,Phone,Digital Ad,32,true,ADV_0045
HH_001243,High Net Worth,T4,Midwest,616,2,8056000,2,5,Phone,Advisor Prospecting,67,true,ADV_0036
HH_001244,Mass Market,T1,Midwest,510,1,180400,26,5,Email,Web,82,true,ADV_0026
HH_001245,Affluent,T3,Midwest,616,3,1942500,25,5,Advisor,Advisor Prospecting,68,true,ADV_0001
HH_001246,Mass Market,T1,West,753,2,136800,4,4,Advisor,Seminar,40,true,ADV_0068
HH_001247,Affluent,T3,West,753,2,1051300,27,2,Email,Seminar,85,true,ADV_0085
HH_001248,Mass Affluent,T2,South,641,1,731500,4,1,Direct Mail,Referral,71,true,ADV_0046
HH_001249,Mass Market,T1,West,807,2,152600,1,4,Digital,Web,34,true,ADV_0064
HH_001250,Mass Affluent,T2,Midwest,510,1,598500,19,1,Advisor,Referral,79,true,ADV_0095
HH_001251,Affluent,T3,Northeast,506,2,938800,11,6,Advisor,Referral,62,true,ADV_0043
HH_001252,Mass Affluent,T2,West,753,2,720500,29,6,Phone,Digital Ad,86,true,ADV_0020
HH_001253,Affluent,T3,Northeast,501,2,1835000,19,1,Digital,Seminar,37,true,ADV_0062
HH_001254,Mass Market,T1,Northeast,511,2,57000,17,2,Phone,Referral,64,true,ADV_0058
HH_001255,Mass Market,T1,Southeast,528,1,184000,11,2,Digital,Referral,76,true,ADV_0114
HH_001256,Mass Affluent,T2,Northeast,501,1,498500,19,4,Email,Referral,76,false,ADV_0050
HH_001257,Mass Affluent,T2,West,753,2,650500,22,3,Phone,Web,53,true,ADV_0024
HH_001258,Mass Affluent,T2,Northeast,504,1,523500,26,2,Email,Seminar,20,false,ADV_0024
HH_001259,High Net Worth,T4,Northeast,511,1,9920000,7,2,Digital,Seminar,20,false,ADV_0101
HH_001260,Mass Market,T1,Midwest,616,1,143400,28,5,Phone,Web,76,true,ADV_0033
HH_001261,Mass Market,T1,South,659,2,218600,2,2,Digital,Referral,35,true,ADV_0064
HH_001262,Mass Market,T1,West,807,1,211800,1,3,Direct Mail,Advisor Prospecting,19,true,ADV_0010
HH_001263,Mass Affluent,T2,West,807,1,657000,15,1,Direct Mail,Advisor Prospecting,67,true,ADV_0028
HH_001264,Mass Market,T1,West,807,2,236000,7,2,Advisor,Digital Ad,51,true,ADV_0029
HH_001265,Mass Market,T1,Northeast,511,3,95800,30,1,Direct Mail,Referral,78,true,ADV_0023
HH_001266,Mass Market,T1,Southeast,528,1,50200,9,1,Phone,Advisor Prospecting,44,true,ADV_0077
HH_001267,Mass Market,T1,South,641,2,71000,26,6,Direct Mail,Advisor Prospecting,56,true,ADV_0100
HH_001268,Mass Market,T1,Midwest,510,2,105200,21,3,Advisor,Seminar,47,true,ADV_0072
HH_001269,Ultra HNW,T5,West,753,1,18680000,30,4,Email,Referral,62,false,ADV_0088
HH_001270,Affluent,T3,West,807,2,1048800,15,6,Direct Mail,Seminar,75,true,ADV_0029
HH_001271,Mass Affluent,T2,Northeast,506,2,460500,9,4,Email,Advisor Prospecting,28,true,ADV_0013
HH_001272,Affluent,T3,Midwest,510,2,1151300,22,6,Phone,Seminar,74,true,ADV_0095
HH_001273,Mass Market,T1,Midwest,510,2,217400,9,3,Digital,Referral,46,true,ADV_0041
HH_001274,Mass Market,T1,South,659,1,185400,15,3,Direct Mail,Seminar,43,true,ADV_0081
HH_001275,Mass Affluent,T2,Midwest,510,1,744000,5,4,Phone,Referral,74,true,ADV_0105
HH_001276,Mass Market,T1,Midwest,510,2,167600,16,1,Direct Mail,Web,58,true,ADV_0097
HH_001277,Mass Market,T1,South,659,1,65000,3,1,Email,Web,66,true,ADV_0063
HH_001278,Mass Affluent,T2,West,807,2,547500,13,1,Advisor,Seminar,79,true,ADV_0072
HH_001279,Mass Market,T1,Northeast,506,1,169400,22,5,Email,Referral,23,true,ADV_0021
HH_001280,Affluent,T3,West,803,3,872500,1,3,Direct Mail,Advisor Prospecting,71,true,ADV_0007
HH_001281,Mass Affluent,T2,Southeast,528,1,326500,3,4,Direct Mail,Web,69,true,ADV_0117
HH_001282,High Net Worth,T4,West,753,1,5688000,14,4,Phone,Advisor Prospecting,37,true,ADV_0118
HH_001283,High Net Worth,T4,West,803,1,2336000,1,2,Advisor,Referral,30,false,ADV_0087
HH_001284,Mass Affluent,T2,Northeast,501,2,340500,10,2,Digital,Referral,50,true,ADV_0002
HH_001285,Mass Market,T1,Midwest,602,1,83000,13,4,Advisor,Advisor Prospecting,4,true,ADV_0073
HH_001286,Mass Market,T1,Midwest,616,2,118400,4,3,Direct Mail,Seminar,61,true,ADV_0094
HH_001287,Mass Market,T1,Midwest,617,3,72000,11,3,Email,Advisor Prospecting,18,false,ADV_0032
HH_001288,Mass Market,T1,South,659,2,179200,16,4,Direct Mail,Seminar,51,true,ADV_0109
HH_001289,High Net Worth,T4,Southeast,560,2,3096000,23,5,Direct Mail,Seminar,75,true,ADV_0094
HH_001290,Mass Affluent,T2,Midwest,602,3,569000,19,1,Digital,Digital Ad,26,true,ADV_0099
HH_001291,Mass Affluent,T2,Northeast,506,2,533500,30,4,Email,Digital Ad,69,true,ADV_0059
HH_001292,Mass Market,T1,Midwest,616,2,241000,17,5,Digital,Seminar,53,false,ADV_0029
HH_001293,Affluent,T3,Southeast,524,1,905000,25,6,Digital,Web,44,true,ADV_0114
HH_001294,Mass Market,T1,Northeast,501,2,186000,14,1,Advisor,Seminar,38,true,ADV_0070
HH_001295,Mass Market,T1,Northeast,511,2,189800,4,4,Email,Seminar,45,false,ADV_0009
HH_001296,Mass Market,T1,West,807,1,230800,6,3,Email,Digital Ad,10,true,ADV_0058
HH_001297,Mass Affluent,T2,South,659,1,404000,30,5,Email,Digital Ad,1,true,ADV_0007
HH_001298,Mass Market,T1,Midwest,510,2,78600,1,1,Advisor,Referral,50,false,ADV_0033
HH_001299,Mass Market,T1,Southeast,528,2,164400,20,6,Digital,Web,69,true,ADV_0102
HH_001300,Mass Affluent,T2,West,753,3,658500,3,2,Advisor,Web,51,true,ADV_0007
HH_001301,Ultra HNW,T5,Northeast,501,2,22520000,12,2,Phone,Referral,91,true,ADV_0027
HH_001302,Affluent,T3,South,659,2,1858800,3,6,Email,Referral,65,true,ADV_0115
HH_001303,Affluent,T3,Southeast,560,1,1082500,10,4,Digital,Advisor Prospecting,43,false,ADV_0102
HH_001304,Mass Affluent,T2,South,641,2,387000,2,5,Email,Seminar,34,true,ADV_0016
HH_001305,Affluent,T3,Midwest,617,1,1888800,30,2,Phone,Referral,13,true,ADV_0071
HH_001306,Mass Market,T1,South,659,1,61000,4,6,Phone,Seminar,43,true,ADV_0055
HH_001307,Mass Market,T1,Midwest,510,1,163800,20,5,Direct Mail,Digital Ad,31,true,ADV_0015
HH_001308,Affluent,T3,Southeast,524,1,1968800,25,4,Digital,Web,78,true,ADV_0103
HH_001309,Mass Market,T1,Southeast,528,2,241400,6,3,Email,Referral,72,true,ADV_0099
HH_001310,Mass Affluent,T2,Northeast,501,2,705500,25,1,Phone,Seminar,63,true,ADV_0024
HH_001311,Mass Market,T1,Midwest,617,2,162800,23,4,Email,Digital Ad,38,true,ADV_0114
HH_001312,Mass Market,T1,Southeast,560,2,103400,18,6,Digital,Referral,17,true,ADV_0088
HH_001313,Mass Market,T1,Midwest,602,2,168800,28,5,Digital,Digital Ad,27,true,ADV_0005
HH_001314,Affluent,T3,South,659,2,856300,23,4,Phone,Web,36,true,ADV_0070
HH_001315,Mass Affluent,T2,Midwest,510,2,520500,26,3,Email,Web,79,true,ADV_0005
HH_001316,High Net Worth,T4,Southeast,528,3,4936000,12,4,Advisor,Web,56,true,ADV_0030
HH_001317,Mass Affluent,T2,Northeast,501,2,363000,9,6,Digital,Referral,63,true,ADV_0060
HH_001318,High Net Worth,T4,Northeast,504,1,3912000,16,2,Phone,Digital Ad,33,true,ADV_0039
HH_001319,Mass Market,T1,Northeast,511,1,156200,23,1,Direct Mail,Web,65,false,ADV_0101
HH_001320,Mass Market,T1,Northeast,511,2,145600,20,4,Digital,Web,61,true,ADV_0072
HH_001321,High Net Worth,T4,Midwest,510,1,9856000,10,3,Email,Seminar,36,true,ADV_0016
HH_001322,Mass Market,T1,West,803,2,51800,25,6,Advisor,Seminar,39,false,ADV_0007
HH_001323,Mass Market,T1,Southeast,560,1,241000,9,4,Email,Seminar,77,false,ADV_0021
HH_001324,Affluent,T3,Midwest,527,1,1748800,4,6,Digital,Referral,58,true,ADV_0087
HH_001325,Mass Affluent,T2,Northeast,501,2,363500,3,5,Digital,Referral,34,true,ADV_0080
HH_001326,Mass Market,T1,Southeast,528,2,108600,16,3,Phone,Digital Ad,58,true,ADV_0046
HH_001327,Affluent,T3,South,641,2,1202500,29,4,Advisor,Advisor Prospecting,40,true,ADV_0105
HH_001328,Mass Affluent,T2,West,807,2,705000,23,4,Digital,Seminar,51,true,ADV_0052
HH_001329,High Net Worth,T4,Midwest,510,1,3600000,4,2,Digital,Referral,36,true,ADV_0102
HH_001330,Mass Affluent,T2,Midwest,510,2,426000,18,2,Direct Mail,Web,49,true,ADV_0014
HH_001331,High Net Worth,T4,West,753,2,9408000,4,6,Digital,Referral,56,true,ADV_0011
HH_001332,Mass Affluent,T2,South,659,2,362500,20,4,Digital,Referral,33,true,ADV_0094
HH_001333,Mass Market,T1,Northeast,511,2,194000,14,2,Email,Digital Ad,48,true,ADV_0101
HH_001334,Mass Market,T1,Midwest,617,1,185000,1,6,Phone,Web,45,true,ADV_0097
HH_001335,Mass Market,T1,Northeast,504,1,164200,21,4,Email,Referral,46,false,ADV_0116
HH_001336,Mass Affluent,T2,South,641,2,423500,21,3,Digital,Advisor Prospecting,75,true,ADV_0066
HH_001337,Mass Market,T1,Midwest,510,2,118600,29,5,Phone,Web,54,true,ADV_0117
HH_001338,Mass Affluent,T2,South,641,2,664500,30,3,Phone,Referral,57,true,ADV_0074
HH_001339,Mass Market,T1,Southeast,560,2,160600,14,2,Email,Advisor Prospecting,5,true,ADV_0011
HH_001340,Mass Market,T1,Midwest,617,2,210800,14,6,Digital,Advisor Prospecting,84,false,ADV_0076
HH_001341,Mass Market,T1,South,623,2,78800,12,2,Email,Web,66,true,ADV_0018
HH_001342,Affluent,T3,South,623,1,1622500,7,2,Direct Mail,Advisor Prospecting,81,true,ADV_0110
HH_001343,Mass Affluent,T2,Southeast,528,2,741500,18,5,Digital,Web,48,true,ADV_0067
HH_001344,Mass Affluent,T2,Southeast,560,3,405000,18,4,Direct Mail,Digital Ad,51,true,ADV_0075
HH_001345,Mass Market,T1,West,807,1,115400,15,5,Digital,Seminar,83,false,ADV_0086
HH_001346,Affluent,T3,Midwest,527,1,1121300,18,1,Email,Web,7,true,ADV_0062
HH_001347,Affluent,T3,Midwest,510,2,1243800,12,2,Direct Mail,Digital Ad,12,true,ADV_0045
HH_001348,Mass Market,T1,Midwest,510,2,159000,6,5,Email,Advisor Prospecting,76,true,ADV_0015
HH_001349,Mass Market,T1,Southeast,524,1,221800,21,3,Direct Mail,Seminar,45,false,ADV_0084
HH_001350,Mass Market,T1,Midwest,602,3,195200,4,6,Digital,Web,51,true,ADV_0046
HH_001351,High Net Worth,T4,Southeast,560,3,5872000,26,2,Advisor,Referral,51,true,ADV_0011
HH_001352,Ultra HNW,T5,South,659,1,24400000,8,3,Phone,Referral,10,true,ADV_0098
HH_001353,Mass Market,T1,Midwest,617,1,106600,19,5,Phone,Advisor Prospecting,11,true,ADV_0108
HH_001354,Mass Market,T1,Midwest,602,1,227000,4,1,Digital,Web,51,true,ADV_0113
HH_001355,Mass Market,T1,West,803,2,179000,6,2,Phone,Web,63,true,ADV_0066
HH_001356,Mass Market,T1,Midwest,617,2,67000,17,4,Phone,Web,56,true,ADV_0061
HH_001357,Mass Market,T1,Midwest,510,1,215200,22,6,Direct Mail,Referral,87,false,ADV_0049
HH_001358,Mass Market,T1,Southeast,560,2,214200,8,6,Digital,Advisor Prospecting,27,false,ADV_0088
HH_001359,Mass Market,T1,West,753,3,140200,21,1,Phone,Referral,48,false,ADV_0100
HH_001360,Affluent,T3,Midwest,510,2,838800,28,2,Phone,Seminar,77,true,ADV_0082
HH_001361,Mass Affluent,T2,South,659,1,744000,16,4,Direct Mail,Web,71,true,ADV_0045
HH_001362,Mass Market,T1,Southeast,528,2,182600,13,4,Advisor,Advisor Prospecting,10,true,ADV_0106
HH_001363,Affluent,T3,Southeast,528,2,1041300,22,5,Email,Digital Ad,58,false,ADV_0057
HH_001364,Mass Affluent,T2,South,641,1,348500,13,4,Direct Mail,Referral,25,true,ADV_0119
HH_001365,Mass Market,T1,Northeast,501,3,227800,9,6,Email,Web,40,true,ADV_0106
HH_001366,Mass Affluent,T2,Northeast,511,2,261000,11,1,Advisor,Digital Ad,35,true,ADV_0074
HH_001367,Affluent,T3,South,623,2,1180000,26,1,Phone,Seminar,54,true,ADV_0073
HH_001368,Mass Affluent,T2,Midwest,616,2,617000,17,5,Digital,Seminar,54,true,ADV_0114
HH_001369,Affluent,T3,Northeast,511,1,1128800,27,4,Direct Mail,Web,66,true,ADV_0059
HH_001370,Mass Market,T1,Northeast,504,2,247200,6,4,Advisor,Digital Ad,52,false,ADV_0043
HH_001371,Mass Market,T1,Northeast,511,2,136600,13,2,Direct Mail,Referral,33,true,ADV_0043
HH_001372,Mass Market,T1,Midwest,616,2,53800,11,5,Direct Mail,Referral,57,true,ADV_0051
HH_001373,Mass Affluent,T2,Midwest,609,3,483500,3,6,Advisor,Seminar,73,true,ADV_0059
HH_001374,Mass Market,T1,Northeast,501,2,105800,18,3,Phone,Web,68,true,ADV_0080
HH_001375,Affluent,T3,West,803,2,785000,26,3,Digital,Referral,43,true,ADV_0116
HH_001376,High Net Worth,T4,Northeast,512,1,7128000,6,5,Phone,Advisor Prospecting,38,true,ADV_0031
HH_001377,High Net Worth,T4,West,753,2,7600000,12,1,Direct Mail,Referral,87,true,ADV_0102
HH_001378,Mass Affluent,T2,West,753,1,677500,10,6,Phone,Advisor Prospecting,2,true,ADV_0083
HH_001379,Mass Market,T1,Midwest,510,1,130600,14,2,Email,Digital Ad,42,true,ADV_0029
HH_001380,Mass Affluent,T2,West,819,3,467000,23,4,Email,Web,63,true,ADV_0119
HH_001381,Mass Market,T1,Midwest,616,1,64400,10,1,Phone,Advisor Prospecting,79,true,ADV_0099
HH_001382,High Net Worth,T4,Southeast,528,2,7944000,25,6,Digital,Referral,29,true,ADV_0100
HH_001383,Mass Market,T1,West,807,2,125200,26,1,Email,Advisor Prospecting,61,true,ADV_0066
HH_001384,Mass Affluent,T2,South,641,1,399500,26,6,Advisor,Digital Ad,68,true,ADV_0110
HH_001385,Mass Affluent,T2,Southeast,528,1,414500,12,2,Email,Advisor Prospecting,90,false,ADV_0091
HH_001386,Mass Affluent,T2,Midwest,616,1,610500,7,3,Digital,Seminar,52,true,ADV_0081
HH_001387,High Net Worth,T4,West,819,2,4312000,11,4,Email,Referral,97,true,ADV_0033
HH_001388,Mass Affluent,T2,Midwest,527,1,345000,16,6,Digital,Referral,40,true,ADV_0032
HH_001389,Mass Affluent,T2,West,803,1,394000,20,4,Digital,Referral,61,true,ADV_0102
HH_001390,Mass Affluent,T2,Northeast,511,1,262000,3,3,Advisor,Seminar,90,true,ADV_0030
HH_001391,Mass Affluent,T2,Northeast,501,2,600000,1,3,Direct Mail,Seminar,96,true,ADV_0016
HH_001392,Mass Market,T1,West,819,1,211800,1,5,Advisor,Seminar,5,true,ADV_0013
HH_001393,High Net Worth,T4,Midwest,617,1,9352000,27,6,Digital,Digital Ad,49,true,ADV_0120
HH_001394,Mass Market,T1,Northeast,506,2,213000,25,6,Direct Mail,Web,56,true,ADV_0078
HH_001395,Mass Affluent,T2,South,641,2,686500,23,1,Phone,Digital Ad,67,false,ADV_0055
HH_001396,Mass Market,T1,Midwest,602,1,114000,1,2,Digital,Web,68,true,ADV_0039
HH_001397,Mass Affluent,T2,Midwest,527,2,436500,27,2,Direct Mail,Advisor Prospecting,72,false,ADV_0085
HH_001398,Mass Affluent,T2,West,807,3,324500,20,3,Email,Advisor Prospecting,88,false,ADV_0007
HH_001399,Mass Affluent,T2,Northeast,511,2,543000,4,3,Advisor,Digital Ad,30,true,ADV_0041
HH_001400,Affluent,T3,South,635,1,1426300,5,6,Phone,Seminar,29,true,ADV_0108
HH_001401,Mass Market,T1,Southeast,528,3,79200,17,2,Direct Mail,Web,26,true,ADV_0062
HH_001402,Mass Market,T1,Northeast,504,2,160000,16,1,Phone,Web,59,false,ADV_0066
HH_001403,Mass Market,T1,Midwest,602,1,179600,15,6,Phone,Digital Ad,79,false,ADV_0115
HH_001404,Mass Affluent,T2,Midwest,616,1,398000,7,4,Direct Mail,Referral,5,true,ADV_0049
HH_001405,Mass Market,T1,South,635,2,175800,23,2,Advisor,Digital Ad,30,true,ADV_0079
HH_001406,Affluent,T3,Northeast,511,2,1200000,17,5,Advisor,Web,76,true,ADV_0010
HH_001407,Mass Affluent,T2,West,819,1,485000,25,1,Email,Referral,90,true,ADV_0048
HH_001408,Mass Market,T1,Midwest,510,2,241400,14,3,Email,Digital Ad,20,true,ADV_0081
HH_001409,Mass Market,T1,Southeast,524,2,97800,29,6,Phone,Referral,44,true,ADV_0039
HH_001410,Affluent,T3,Midwest,617,3,1365000,29,6,Advisor,Referral,81,true,ADV_0091
HH_001411,Mass Affluent,T2,South,659,2,477000,28,4,Phone,Digital Ad,57,true,ADV_0045
HH_001412,Mass Market,T1,West,807,1,141400,1,1,Advisor,Seminar,11,true,ADV_0041
HH_001413,Affluent,T3,Midwest,617,1,1947500,13,4,Email,Digital Ad,92,true,ADV_0093
HH_001414,Mass Market,T1,Northeast,511,1,246800,16,5,Direct Mail,Advisor Prospecting,15,false,ADV_0044
HH_001415,Mass Market,T1,West,819,2,230400,25,1,Email,Advisor Prospecting,45,true,ADV_0034
HH_001416,Mass Market,T1,Northeast,511,1,89800,2,6,Email,Digital Ad,41,true,ADV_0100
HH_001417,Mass Affluent,T2,Midwest,510,2,395500,30,2,Digital,Web,65,true,ADV_0092
HH_001418,Affluent,T3,Midwest,510,2,1608800,9,3,Digital,Advisor Prospecting,46,true,ADV_0046
HH_001419,Mass Affluent,T2,Northeast,504,2,620000,30,2,Advisor,Seminar,76,true,ADV_0014
HH_001420,Mass Affluent,T2,Midwest,602,3,291000,17,5,Phone,Digital Ad,57,false,ADV_0073
HH_001421,Affluent,T3,Northeast,501,1,1063800,21,3,Advisor,Digital Ad,28,true,ADV_0005
HH_001422,Affluent,T3,Northeast,501,1,1036300,6,2,Direct Mail,Seminar,82,true,ADV_0023
HH_001423,Mass Affluent,T2,Northeast,511,2,671000,23,6,Advisor,Referral,73,true,ADV_0025
HH_001424,Mass Affluent,T2,Midwest,609,1,609500,11,6,Digital,Seminar,56,true,ADV_0101
HH_001425,Mass Market,T1,Midwest,527,1,193400,16,3,Email,Referral,41,true,ADV_0119
HH_001426,Mass Affluent,T2,South,659,1,489000,29,4,Direct Mail,Referral,96,false,ADV_0053
HH_001427,Mass Affluent,T2,West,803,1,460000,10,5,Digital,Seminar,48,true,ADV_0013
HH_001428,Affluent,T3,Midwest,616,1,1306300,21,4,Email,Advisor Prospecting,55,false,ADV_0031
HH_001429,Mass Market,T1,Northeast,501,2,163600,27,1,Advisor,Web,36,true,ADV_0023
HH_001430,Mass Market,T1,Midwest,609,2,81400,13,1,Direct Mail,Referral,57,true,ADV_0024
HH_001431,Mass Market,T1,Southeast,524,2,59000,29,4,Email,Referral,31,true,ADV_0062
HH_001432,Affluent,T3,West,819,2,1787500,8,2,Digital,Digital Ad,50,false,ADV_0084
HH_001433,Mass Affluent,T2,West,807,2,458000,15,1,Direct Mail,Seminar,60,false,ADV_0052
HH_001434,Mass Affluent,T2,Midwest,602,2,559000,25,2,Phone,Seminar,46,false,ADV_0063
HH_001435,Affluent,T3,West,819,1,1501300,20,6,Advisor,Advisor Prospecting,13,false,ADV_0042
HH_001436,Mass Market,T1,Midwest,616,2,184000,6,2,Phone,Seminar,10,true,ADV_0094
HH_001437,Mass Market,T1,Southeast,524,1,67800,11,5,Email,Digital Ad,5,false,ADV_0017
HH_001438,Affluent,T3,Midwest,505,1,1403800,25,1,Advisor,Digital Ad,7,false,ADV_0055
HH_001439,Mass Market,T1,Midwest,505,3,142600,23,2,Direct Mail,Web,47,true,ADV_0013
HH_001440,Mass Market,T1,South,623,1,177000,15,3,Email,Referral,95,true,ADV_0052
HH_001441,Mass Affluent,T2,Northeast,504,2,516000,23,2,Digital,Referral,75,true,ADV_0098
HH_001442,Mass Market,T1,Southeast,528,1,52200,26,4,Digital,Advisor Prospecting,3,true,ADV_0063
HH_001443,Affluent,T3,Northeast,506,2,1565000,15,5,Email,Web,70,true,ADV_0071
HH_001444,Mass Affluent,T2,South,623,2,687500,7,6,Direct Mail,Referral,50,true,ADV_0039
HH_001445,Affluent,T3,Midwest,602,1,1070000,5,4,Direct Mail,Referral,43,true,ADV_0076
HH_001446,Mass Affluent,T2,South,623,1,268000,3,6,Email,Referral,25,true,ADV_0047
HH_001447,Mass Affluent,T2,Midwest,602,2,573000,19,3,Advisor,Referral,61,true,ADV_0022
HH_001448,Affluent,T3,Northeast,506,1,1043800,22,5,Advisor,Digital Ad,54,true,ADV_0017
HH_001449,High Net Worth,T4,Northeast,511,3,2080000,30,5,Phone,Digital Ad,83,true,ADV_0052
HH_001450,Mass Affluent,T2,Northeast,504,1,720000,10,5,Digital,Digital Ad,12,false,ADV_0101
HH_001451,Mass Market,T1,South,641,2,110800,19,6,Advisor,Referral,36,true,ADV_0007
HH_001452,High Net Worth,T4,Midwest,602,2,7960000,7,2,Advisor,Referral,18,true,ADV_0057
HH_001453,Mass Affluent,T2,Southeast,528,2,572000,12,4,Phone,Digital Ad,34,true,ADV_0074
HH_001454,Affluent,T3,South,659,3,1670000,29,4,Advisor,Seminar,53,true,ADV_0053
HH_001455,Affluent,T3,Northeast,511,2,1163800,4,6,Direct Mail,Advisor Prospecting,51,true,ADV_0057
HH_001456,Mass Affluent,T2,Midwest,527,1,410500,21,3,Direct Mail,Digital Ad,85,true,ADV_0114
HH_001457,Affluent,T3,South,659,1,1127500,18,1,Phone,Referral,51,true,ADV_0033
HH_001458,Mass Affluent,T2,Midwest,602,2,743000,13,4,Direct Mail,Referral,86,true,ADV_0088
HH_001459,High Net Worth,T4,South,635,2,4960000,27,2,Digital,Digital Ad,62,true,ADV_0017
HH_001460,Affluent,T3,Northeast,512,2,1337500,9,3,Digital,Referral,55,true,ADV_0011
HH_001461,Mass Affluent,T2,West,753,1,547000,20,3,Direct Mail,Digital Ad,17,true,ADV_0076
HH_001462,Mass Market,T1,Midwest,617,2,92600,10,2,Direct Mail,Web,44,true,ADV_0061
HH_001463,Mass Market,T1,Midwest,617,1,154200,16,3,Digital,Seminar,59,true,ADV_0083
HH_001464,Mass Market,T1,West,803,1,117000,12,1,Email,Seminar,10,true,ADV_0120
HH_001465,Mass Market,T1,Southeast,524,2,134400,8,2,Email,Web,55,true,ADV_0064
HH_001466,Mass Affluent,T2,Northeast,504,2,730000,26,1,Direct Mail,Seminar,41,false,ADV_0059
HH_001467,Affluent,T3,Midwest,510,2,1800000,1,6,Direct Mail,Seminar,90,true,ADV_0099
HH_001468,Mass Affluent,T2,West,803,2,265500,10,1,Advisor,Advisor Prospecting,49,true,ADV_0068
HH_001469,Affluent,T3,Northeast,506,1,1931300,4,1,Digital,Digital Ad,83,true,ADV_0086
HH_001470,Mass Affluent,T2,Midwest,609,2,510500,20,5,Direct Mail,Seminar,49,true,ADV_0078
HH_001471,Mass Affluent,T2,Northeast,504,2,272000,23,6,Direct Mail,Digital Ad,49,true,ADV_0031
HH_001472,Mass Affluent,T2,West,753,2,359500,9,2,Email,Referral,52,true,ADV_0102
HH_001473,Mass Market,T1,Northeast,511,3,124000,14,3,Direct Mail,Seminar,91,true,ADV_0101
HH_001474,Mass Affluent,T2,Northeast,501,1,385000,24,4,Email,Advisor Prospecting,24,true,ADV_0116
HH_001475,Mass Market,T1,West,753,2,245000,15,1,Email,Seminar,42,true,ADV_0110
HH_001476,Affluent,T3,Northeast,511,1,1316300,17,1,Direct Mail,Seminar,96,true,ADV_0071
HH_001477,Affluent,T3,Northeast,511,1,1658800,1,3,Advisor,Seminar,53,true,ADV_0021
HH_001478,Affluent,T3,South,641,1,1973800,26,2,Digital,Web,44,true,ADV_0085
HH_001479,Mass Market,T1,Northeast,504,2,180000,9,5,Digital,Referral,69,true,ADV_0039
HH_001480,Mass Market,T1,Northeast,511,2,152800,21,3,Advisor,Digital Ad,3,true,ADV_0090
HH_001481,Mass Market,T1,South,641,1,106000,26,3,Phone,Referral,38,true,ADV_0084
HH_001482,Mass Market,T1,Southeast,528,3,139200,29,4,Email,Web,68,true,ADV_0018
HH_001483,Mass Affluent,T2,West,819,2,518000,4,5,Advisor,Advisor Prospecting,35,true,ADV_0064
HH_001484,Mass Affluent,T2,Midwest,617,1,309500,25,6,Phone,Web,2,true,ADV_0065
HH_001485,Affluent,T3,Northeast,511,1,1001300,20,3,Digital,Advisor Prospecting,5,false,ADV_0100
HH_001486,Mass Market,T1,Midwest,617,1,126400,13,5,Direct Mail,Referral,48,false,ADV_0062
HH_001487,Mass Market,T1,Northeast,501,1,217000,22,1,Advisor,Referral,94,true,ADV_0101
HH_001488,Mass Affluent,T2,Midwest,505,2,682500,6,5,Direct Mail,Web,37,true,ADV_0085
HH_001489,Mass Market,T1,Southeast,560,2,163600,22,3,Advisor,Advisor Prospecting,36,true,ADV_0099
HH_001490,Mass Affluent,T2,Northeast,511,1,283500,18,4,Phone,Web,93,false,ADV_0028
HH_001491,Mass Market,T1,Southeast,528,2,183800,10,4,Digital,Seminar,50,false,ADV_0104
HH_001492,Mass Affluent,T2,Northeast,511,3,462000,21,6,Phone,Web,27,false,ADV_0118
HH_001493,Mass Affluent,T2,Midwest,510,2,682500,8,5,Advisor,Seminar,61,true,ADV_0003
HH_001494,Mass Market,T1,Southeast,528,3,140200,4,5,Advisor,Digital Ad,40,false,ADV_0118
HH_001495,Affluent,T3,Midwest,609,2,1348800,29,2,Phone,Seminar,79,true,ADV_0112
HH_001496,Affluent,T3,Northeast,512,2,795000,1,4,Phone,Referral,64,false,ADV_0016
HH_001497,Mass Affluent,T2,Northeast,512,2,740500,9,5,Digital,Digital Ad,37,false,ADV_0088
HH_001498,Mass Affluent,T2,South,659,2,528000,24,6,Phone,Digital Ad,56,true,ADV_0044
HH_001499,Affluent,T3,Midwest,609,1,1517500,30,2,Email,Advisor Prospecting,42,true,ADV_0027
HH_001500,Mass Market,T1,Midwest,602,3,214600,2,6,Phone,Digital Ad,49,true,ADV_0053
HH_001501,Mass Affluent,T2,Northeast,511,2,653500,9,1,Digital,Referral,34,true,ADV_0010
HH_001502,Mass Affluent,T2,Midwest,616,3,636500,21,1,Digital,Advisor Prospecting,72,true,ADV_0106
HH_001503,Mass Affluent,T2,Midwest,609,2,732000,9,6,Digital,Referral,51,true,ADV_0071
HH_001504,Mass Market,T1,South,659,1,237000,23,4,Phone,Advisor Prospecting,89,true,ADV_0080
HH_001505,Ultra HNW,T5,Southeast,528,1,20480000,1,1,Direct Mail,Seminar,65,true,ADV_0065
HH_001506,Mass Affluent,T2,Northeast,504,2,322500,5,4,Email,Advisor Prospecting,75,false,ADV_0051
HH_001507,Affluent,T3,Midwest,602,2,1403800,20,3,Advisor,Seminar,66,true,ADV_0003
HH_001508,High Net Worth,T4,Northeast,501,3,8872000,20,1,Digital,Referral,74,false,ADV_0035
HH_001509,Mass Affluent,T2,Southeast,528,2,273500,30,5,Advisor,Digital Ad,77,true,ADV_0007
HH_001510,Mass Affluent,T2,Southeast,528,1,623000,2,2,Digital,Digital Ad,36,true,ADV_0086
HH_001511,Affluent,T3,South,659,3,1527500,13,2,Phone,Advisor Prospecting,42,true,ADV_0096
HH_001512,Affluent,T3,Northeast,511,3,1268800,23,5,Advisor,Advisor Prospecting,45,true,ADV_0001
HH_001513,Mass Market,T1,Northeast,511,1,129400,10,5,Email,Referral,3,false,ADV_0067
HH_001514,Mass Affluent,T2,South,623,2,273500,1,4,Digital,Digital Ad,35,false,ADV_0072
HH_001515,Mass Market,T1,South,641,3,248800,11,6,Email,Digital Ad,76,false,ADV_0116
HH_001516,Mass Market,T1,Northeast,504,1,222600,27,2,Advisor,Web,63,true,ADV_0052
HH_001517,Mass Affluent,T2,Midwest,602,1,523000,12,2,Digital,Web,92,true,ADV_0036
HH_001518,Mass Affluent,T2,West,753,2,399500,26,2,Digital,Advisor Prospecting,85,true,ADV_0119
HH_001519,Mass Affluent,T2,Northeast,511,1,604500,6,4,Digital,Advisor Prospecting,87,false,ADV_0070
HH_001520,Mass Market,T1,Midwest,510,1,90000,12,6,Digital,Seminar,53,true,ADV_0088
HH_001521,Mass Affluent,T2,Midwest,510,2,446000,3,2,Email,Advisor Prospecting,49,true,ADV_0041
HH_001522,Mass Affluent,T2,West,803,1,721000,5,1,Advisor,Web,86,true,ADV_0066
HH_001523,Mass Market,T1,West,803,1,146200,8,2,Email,Seminar,53,true,ADV_0117
HH_001524,Mass Market,T1,Southeast,528,2,132600,25,1,Advisor,Digital Ad,38,false,ADV_0030
HH_001525,Mass Market,T1,Midwest,510,1,185600,26,5,Email,Digital Ad,45,true,ADV_0001
HH_001526,Mass Market,T1,South,641,2,143800,30,3,Phone,Seminar,37,true,ADV_0004
HH_001527,Mass Affluent,T2,Midwest,527,2,633000,9,3,Advisor,Seminar,57,true,ADV_0021
HH_001528,Mass Affluent,T2,Midwest,505,2,722000,22,6,Digital,Advisor Prospecting,81,true,ADV_0034
HH_001529,Mass Affluent,T2,Southeast,528,1,704500,11,2,Direct Mail,Seminar,15,true,ADV_0046
HH_001530,Mass Affluent,T2,South,659,2,619500,8,6,Direct Mail,Advisor Prospecting,39,true,ADV_0014
HH_001531,Mass Market,T1,Northeast,511,2,180000,10,5,Phone,Seminar,61,true,ADV_0049
HH_001532,Mass Affluent,T2,West,803,1,441500,11,3,Phone,Seminar,24,true,ADV_0113
HH_001533,Mass Affluent,T2,West,819,1,542500,7,2,Email,Referral,73,true,ADV_0092
HH_001534,Mass Affluent,T2,Southeast,560,2,371500,23,5,Email,Digital Ad,60,true,ADV_0032
HH_001535,Affluent,T3,South,623,2,1597500,13,4,Phone,Seminar,40,true,ADV_0026
HH_001536,Affluent,T3,Northeast,511,1,918800,19,1,Direct Mail,Referral,47,false,ADV_0010
HH_001537,Mass Market,T1,Northeast,511,1,135400,26,2,Advisor,Referral,8,true,ADV_0087
HH_001538,Affluent,T3,West,807,2,1333800,27,3,Direct Mail,Referral,20,true,ADV_0056
HH_001539,Affluent,T3,Northeast,504,2,1887500,10,3,Digital,Digital Ad,38,true,ADV_0110
HH_001540,Mass Market,T1,South,641,3,96200,2,5,Email,Advisor Prospecting,51,false,ADV_0055
HH_001541,Mass Affluent,T2,Northeast,506,2,354500,19,1,Advisor,Advisor Prospecting,47,true,ADV_0113
HH_001542,Affluent,T3,Southeast,560,1,1482500,10,1,Phone,Advisor Prospecting,56,true,ADV_0054
HH_001543,Mass Market,T1,Southeast,528,2,189400,1,3,Digital,Web,40,true,ADV_0030
HH_001544,Mass Affluent,T2,Southeast,560,1,620500,29,5,Digital,Web,63,true,ADV_0116
HH_001545,Mass Market,T1,South,623,1,64400,20,4,Email,Web,10,true,ADV_0019
HH_001546,Affluent,T3,Northeast,506,1,1937500,14,5,Email,Web,98,true,ADV_0084
HH_001547,Mass Market,T1,Southeast,528,2,84600,6,4,Email,Web,52,true,ADV_0059
HH_001548,Mass Affluent,T2,West,807,2,296000,23,4,Digital,Web,30,true,ADV_0022
HH_001549,Mass Affluent,T2,Southeast,528,1,593000,22,2,Advisor,Digital Ad,67,false,ADV_0048
HH_001550,Mass Market,T1,Northeast,501,2,222200,10,6,Direct Mail,Digital Ad,67,true,ADV_0087
HH_001551,Mass Affluent,T2,Southeast,528,2,514500,13,1,Advisor,Web,41,true,ADV_0096
HH_001552,Mass Market,T1,Northeast,504,2,143200,30,1,Phone,Seminar,38,false,ADV_0072
HH_001553,Mass Affluent,T2,West,807,2,427000,11,2,Email,Web,35,true,ADV_0025
HH_001554,Affluent,T3,Northeast,511,2,880000,22,6,Advisor,Seminar,43,true,ADV_0107
HH_001555,Affluent,T3,Midwest,616,3,1538800,28,5,Advisor,Seminar,46,false,ADV_0088
HH_001556,Mass Market,T1,Northeast,511,2,105800,22,1,Advisor,Advisor Prospecting,29,true,ADV_0058
HH_001557,Mass Market,T1,South,623,1,220800,19,6,Phone,Advisor Prospecting,27,false,ADV_0058
HH_001558,Mass Affluent,T2,South,641,1,638000,27,2,Digital,Seminar,11,true,ADV_0057
HH_001559,Mass Affluent,T2,Northeast,512,1,352500,26,1,Advisor,Web,48,false,ADV_0052
HH_001560,Mass Affluent,T2,Southeast,560,3,712000,22,2,Direct Mail,Web,63,true,ADV_0060
HH_001561,Mass Market,T1,West,819,2,84600,23,4,Email,Seminar,36,true,ADV_0061
HH_001562,Affluent,T3,West,807,2,1593800,27,5,Digital,Web,59,true,ADV_0026
HH_001563,Mass Affluent,T2,South,623,2,313000,14,6,Advisor,Referral,24,true,ADV_0042
HH_001564,Mass Market,T1,Midwest,616,1,242600,4,1,Digital,Web,13,false,ADV_0002
HH_001565,Mass Affluent,T2,Northeast,501,2,276000,4,4,Phone,Advisor Prospecting,92,true,ADV_0097
HH_001566,Affluent,T3,Northeast,512,1,782500,12,4,Digital,Advisor Prospecting,82,true,ADV_0020
HH_001567,Mass Affluent,T2,South,659,1,695000,11,2,Phone,Digital Ad,53,true,ADV_0103
HH_001568,High Net Worth,T4,South,659,2,9376000,3,4,Email,Web,43,true,ADV_0095
HH_001569,High Net Worth,T4,Northeast,501,2,2640000,13,6,Phone,Web,74,true,ADV_0057
HH_001570,Mass Market,T1,Midwest,527,3,177200,26,1,Digital,Web,68,true,ADV_0074
HH_001571,Mass Affluent,T2,Midwest,510,1,409000,3,1,Digital,Digital Ad,54,true,ADV_0032
HH_001572,Mass Market,T1,Midwest,527,1,123000,3,3,Email,Digital Ad,44,true,ADV_0075
HH_001573,Mass Affluent,T2,Northeast,501,1,328000,2,4,Phone,Referral,53,false,ADV_0107
HH_001574,Mass Market,T1,Northeast,501,2,205600,1,3,Advisor,Referral,66,true,ADV_0034
HH_001575,Ultra HNW,T5,Midwest,617,2,30240000,8,1,Digital,Advisor Prospecting,35,true,ADV_0063
HH_001576,Affluent,T3,Midwest,609,2,1558800,30,1,Direct Mail,Seminar,39,true,ADV_0010
HH_001577,Mass Market,T1,Northeast,501,1,170400,8,6,Advisor,Seminar,62,true,ADV_0061
HH_001578,Affluent,T3,Southeast,524,1,1142500,30,5,Phone,Referral,52,true,ADV_0091
HH_001579,Mass Market,T1,Midwest,510,1,77000,23,1,Phone,Seminar,88,true,ADV_0040
HH_001580,Affluent,T3,Southeast,528,1,875000,12,3,Digital,Web,82,false,ADV_0052
HH_001581,Mass Market,T1,Midwest,609,3,214400,22,6,Direct Mail,Referral,78,true,ADV_0051
HH_001582,Affluent,T3,Southeast,528,1,1668800,18,1,Direct Mail,Advisor Prospecting,10,true,ADV_0003
HH_001583,Mass Market,T1,Northeast,512,1,214600,19,6,Advisor,Web,22,true,ADV_0073
HH_001584,Mass Market,T1,West,803,1,235600,17,4,Email,Advisor Prospecting,26,true,ADV_0004
HH_001585,Mass Affluent,T2,Midwest,617,3,476500,21,3,Email,Web,47,false,ADV_0056
HH_001586,Mass Market,T1,South,659,3,243000,21,3,Phone,Advisor Prospecting,51,true,ADV_0086
HH_001587,Mass Affluent,T2,South,641,3,507000,20,4,Direct Mail,Web,57,true,ADV_0021
HH_001588,High Net Worth,T4,Southeast,560,2,9304000,19,4,Phone,Seminar,60,false,ADV_0114
HH_001589,Mass Market,T1,West,807,1,69800,11,2,Email,Seminar,92,true,ADV_0089
HH_001590,Mass Affluent,T2,Southeast,560,1,364000,24,5,Phone,Seminar,44,true,ADV_0088
HH_001591,Mass Market,T1,Southeast,560,1,156800,11,3,Digital,Referral,1,true,ADV_0071
HH_001592,Mass Market,T1,West,803,1,166000,30,5,Advisor,Digital Ad,50,true,ADV_0019
HH_001593,Affluent,T3,Northeast,512,3,846300,23,5,Digital,Seminar,63,true,ADV_0026
HH_001594,High Net Worth,T4,Northeast,512,2,3112000,14,4,Direct Mail,Seminar,46,true,ADV_0055
HH_001595,Affluent,T3,Southeast,560,1,1262500,8,5,Advisor,Advisor Prospecting,70,true,ADV_0056
HH_001596,Affluent,T3,South,659,1,1153800,23,1,Email,Seminar,73,false,ADV_0050
HH_001597,Mass Affluent,T2,Northeast,501,2,706000,19,5,Email,Referral,43,true,ADV_0031
HH_001598,Mass Market,T1,Midwest,602,2,219400,18,6,Email,Digital Ad,37,true,ADV_0109
HH_001599,Affluent,T3,South,623,1,1541300,8,2,Advisor,Referral,10,true,ADV_0107
HH_001600,Affluent,T3,Midwest,527,1,978800,8,6,Direct Mail,Advisor Prospecting,48,true,ADV_0093
HH_001601,High Net Worth,T4,South,623,2,6200000,18,5,Advisor,Web,29,true,ADV_0050
HH_001602,Mass Affluent,T2,Northeast,511,2,540500,4,4,Advisor,Web,23,true,ADV_0005
HH_001603,Mass Affluent,T2,Midwest,510,1,521000,1,4,Phone,Digital Ad,85,true,ADV_0032
HH_001604,Mass Affluent,T2,West,803,1,560500,13,5,Email,Referral,37,true,ADV_0103
HH_001605,Mass Affluent,T2,Northeast,504,1,290000,16,4,Advisor,Advisor Prospecting,35,true,ADV_0065
HH_001606,Affluent,T3,Midwest,617,1,1280000,25,3,Email,Seminar,75,true,ADV_0072
HH_001607,Mass Affluent,T2,Southeast,560,3,273500,15,3,Advisor,Seminar,56,true,ADV_0075
HH_001608,High Net Worth,T4,Midwest,510,1,9744000,11,1,Phone,Web,97,false,ADV_0049
HH_001609,Mass Market,T1,Southeast,528,2,143800,1,6,Advisor,Referral,10,true,ADV_0075
HH_001610,Mass Market,T1,Northeast,504,2,143200,6,2,Advisor,Web,72,true,ADV_0106
HH_001611,Mass Market,T1,Midwest,616,2,195800,17,2,Email,Referral,29,true,ADV_0016
HH_001612,Affluent,T3,West,807,2,1406300,25,6,Email,Digital Ad,52,true,ADV_0106
HH_001613,Mass Market,T1,South,641,3,50800,29,4,Digital,Seminar,36,true,ADV_0039
HH_001614,Mass Market,T1,Northeast,511,1,245800,27,3,Direct Mail,Web,10,true,ADV_0106
HH_001615,Affluent,T3,Northeast,511,2,1075000,7,6,Phone,Digital Ad,57,true,ADV_0015
HH_001616,Affluent,T3,West,753,2,1733800,17,3,Digital,Advisor Prospecting,25,true,ADV_0059
HH_001617,Mass Market,T1,South,641,1,194600,17,6,Digital,Web,58,true,ADV_0016
HH_001618,Affluent,T3,Midwest,510,1,1185000,22,3,Digital,Web,14,true,ADV_0087
HH_001619,High Net Worth,T4,South,659,2,8840000,4,5,Phone,Digital Ad,42,true,ADV_0047
HH_001620,Mass Market,T1,Southeast,524,2,167800,23,6,Email,Web,60,true,ADV_0053
HH_001621,Mass Affluent,T2,Northeast,501,1,435500,19,4,Email,Seminar,1,true,ADV_0021
HH_001622,Affluent,T3,Midwest,609,2,1622500,4,5,Email,Seminar,59,true,ADV_0042
HH_001623,Mass Market,T1,Northeast,511,2,212400,2,4,Phone,Referral,55,true,ADV_0089
HH_001624,Mass Affluent,T2,West,807,1,404500,19,6,Email,Advisor Prospecting,7,true,ADV_0014
HH_001625,Mass Market,T1,West,807,1,184400,10,4,Digital,Web,7,true,ADV_0051
HH_001626,Mass Market,T1,Southeast,560,3,81400,24,3,Email,Web,69,true,ADV_0100
HH_001627,Ultra HNW,T5,Midwest,505,1,14920000,5,5,Phone,Referral,53,false,ADV_0073
HH_001628,Mass Market,T1,West,803,1,136000,15,6,Direct Mail,Web,47,true,ADV_0097
HH_001629,Mass Market,T1,Northeast,504,2,216000,3,5,Phone,Advisor Prospecting,33,true,ADV_0107
HH_001630,Mass Affluent,T2,West,753,2,589000,25,4,Email,Web,72,true,ADV_0001
HH_001631,Affluent,T3,South,641,1,1977500,4,2,Advisor,Digital Ad,88,true,ADV_0033
HH_001632,High Net Worth,T4,South,641,1,7296000,3,1,Phone,Referral,46,false,ADV_0117
HH_001633,Mass Affluent,T2,Northeast,506,1,292000,20,2,Advisor,Advisor Prospecting,33,true,ADV_0036
HH_001634,Affluent,T3,South,659,2,1155000,13,5,Direct Mail,Seminar,23,true,ADV_0111
HH_001635,Mass Affluent,T2,Southeast,524,1,401000,6,6,Digital,Advisor Prospecting,63,false,ADV_0112
HH_001636,Mass Market,T1,Southeast,528,1,232200,24,3,Digital,Referral,44,true,ADV_0115
HH_001637,Mass Affluent,T2,Midwest,602,1,664000,17,4,Advisor,Referral,12,true,ADV_0035
HH_001638,Mass Affluent,T2,Midwest,617,2,443000,18,2,Digital,Seminar,86,true,ADV_0072
HH_001639,Mass Affluent,T2,Northeast,504,2,544500,5,6,Digital,Referral,16,false,ADV_0109
HH_001640,Mass Affluent,T2,Northeast,504,2,646000,4,5,Direct Mail,Advisor Prospecting,67,true,ADV_0108
HH_001641,Mass Market,T1,West,753,2,245200,14,4,Advisor,Seminar,57,true,ADV_0059
HH_001642,Mass Affluent,T2,Midwest,616,2,440000,23,4,Direct Mail,Advisor Prospecting,57,true,ADV_0041
HH_001643,Mass Market,T1,South,641,1,135400,24,2,Phone,Web,41,true,ADV_0014
HH_001644,Mass Affluent,T2,Midwest,616,1,387000,12,1,Phone,Web,77,true,ADV_0067
HH_001645,Mass Market,T1,West,753,1,184000,4,6,Direct Mail,Seminar,1,true,ADV_0113
HH_001646,Mass Affluent,T2,Midwest,602,1,456500,14,6,Advisor,Advisor Prospecting,3,true,ADV_0029
HH_001647,Mass Market,T1,Southeast,524,2,206400,6,6,Email,Seminar,46,true,ADV_0094
HH_001648,Mass Affluent,T2,Midwest,602,2,398000,4,1,Email,Referral,52,true,ADV_0031
HH_001649,Affluent,T3,Northeast,501,2,1703800,19,1,Phone,Referral,45,true,ADV_0088
HH_001650,Mass Affluent,T2,Northeast,511,1,442500,2,2,Direct Mail,Referral,13,true,ADV_0119
HH_001651,Mass Market,T1,Midwest,527,2,202800,16,4,Email,Advisor Prospecting,75,true,ADV_0092
HH_001652,Mass Market,T1,Midwest,616,2,80000,27,1,Advisor,Seminar,32,true,ADV_0106
HH_001653,Mass Affluent,T2,Southeast,524,1,619000,28,3,Digital,Web,94,true,ADV_0031
HH_001654,Mass Affluent,T2,South,659,1,440000,30,6,Phone,Advisor Prospecting,14,true,ADV_0009
HH_001655,Affluent,T3,Northeast,511,2,1856300,18,6,Email,Digital Ad,18,true,ADV_0032
HH_001656,Mass Market,T1,Northeast,511,2,126200,15,3,Direct Mail,Web,68,false,ADV_0102
HH_001657,Mass Affluent,T2,Northeast,512,2,286500,15,2,Email,Digital Ad,46,false,ADV_0092
HH_001658,Mass Market,T1,West,753,2,205600,17,1,Digital,Digital Ad,79,true,ADV_0022
HH_001659,Mass Affluent,T2,Midwest,617,2,319500,16,2,Direct Mail,Referral,63,true,ADV_0082
HH_001660,Affluent,T3,West,753,2,1627500,24,4,Digital,Seminar,40,true,ADV_0035
HH_001661,Mass Affluent,T2,West,753,3,285500,24,4,Email,Web,38,true,ADV_0081
HH_001662,Affluent,T3,Southeast,528,1,968800,8,1,Direct Mail,Digital Ad,5,true,ADV_0002
HH_001663,Mass Affluent,T2,Northeast,501,1,507000,13,1,Advisor,Web,54,false,ADV_0055
HH_001664,Mass Market,T1,South,641,1,56600,1,5,Direct Mail,Seminar,50,false,ADV_0036
HH_001665,High Net Worth,T4,Midwest,616,1,8536000,22,5,Direct Mail,Digital Ad,12,true,ADV_0079
HH_001666,Mass Market,T1,Midwest,527,2,93200,4,3,Advisor,Digital Ad,50,true,ADV_0005
HH_001667,Mass Market,T1,Southeast,528,1,211200,5,3,Digital,Web,44,true,ADV_0043
HH_001668,Mass Market,T1,South,659,1,120000,23,3,Phone,Web,52,true,ADV_0037
HH_001669,Mass Affluent,T2,South,659,1,375000,21,6,Direct Mail,Seminar,90,true,ADV_0115
HH_001670,Mass Affluent,T2,Midwest,616,1,634000,9,4,Digital,Digital Ad,46,true,ADV_0110
HH_001671,Mass Affluent,T2,Northeast,506,2,442500,30,5,Phone,Advisor Prospecting,59,false,ADV_0005
HH_001672,Mass Affluent,T2,West,807,2,434000,9,5,Direct Mail,Web,61,true,ADV_0019
HH_001673,Mass Affluent,T2,West,819,1,323500,16,6,Digital,Referral,34,true,ADV_0097
HH_001674,Mass Affluent,T2,Midwest,505,1,569500,14,2,Advisor,Referral,35,true,ADV_0103
HH_001675,Affluent,T3,Midwest,510,1,1876300,10,1,Email,Referral,68,true,ADV_0056
HH_001676,Mass Affluent,T2,Northeast,512,1,400000,25,3,Advisor,Advisor Prospecting,27,false,ADV_0090
HH_001677,Affluent,T3,Northeast,504,2,1061300,4,4,Digital,Referral,32,true,ADV_0047
HH_001678,Mass Market,T1,Midwest,617,1,58400,2,3,Email,Web,67,true,ADV_0091
HH_001679,Mass Market,T1,Southeast,528,2,166000,13,1,Phone,Referral,48,false,ADV_0099
HH_001680,Affluent,T3,Southeast,528,1,1492500,17,2,Advisor,Digital Ad,34,true,ADV_0058
HH_001681,Affluent,T3,South,659,1,1752500,19,6,Advisor,Web,50,true,ADV_0034
HH_001682,Affluent,T3,Midwest,510,1,1958800,16,4,Advisor,Seminar,79,true,ADV_0065
HH_001683,Mass Affluent,T2,Northeast,504,3,349500,18,6,Email,Web,36,true,ADV_0076
HH_001684,Affluent,T3,South,623,1,918800,15,2,Phone,Advisor Prospecting,88,true,ADV_0113
HH_001685,Mass Market,T1,West,753,1,152000,22,1,Phone,Advisor Prospecting,56,false,ADV_0074
HH_001686,Mass Affluent,T2,South,659,3,519500,17,1,Email,Seminar,75,true,ADV_0036
HH_001687,High Net Worth,T4,Midwest,602,1,6088000,27,6,Digital,Advisor Prospecting,83,true,ADV_0028
HH_001688,Mass Market,T1,South,635,1,183400,27,1,Email,Seminar,83,true,ADV_0005
HH_001689,Mass Affluent,T2,South,623,1,704000,6,2,Advisor,Seminar,27,false,ADV_0041
HH_001690,High Net Worth,T4,West,753,3,3032000,30,3,Phone,Web,82,true,ADV_0033
HH_001691,Affluent,T3,Northeast,511,2,1093800,15,1,Direct Mail,Web,95,true,ADV_0030
HH_001692,High Net Worth,T4,West,807,1,3864000,25,4,Advisor,Advisor Prospecting,83,true,ADV_0036
HH_001693,Mass Market,T1,Midwest,527,1,171800,13,2,Direct Mail,Advisor Prospecting,36,true,ADV_0113
HH_001694,Mass Market,T1,South,659,2,188600,11,5,Advisor,Referral,64,true,ADV_0073
HH_001695,Mass Market,T1,West,803,2,174400,22,2,Direct Mail,Advisor Prospecting,19,true,ADV_0016
HH_001696,Mass Market,T1,Northeast,501,3,209200,30,5,Email,Referral,76,true,ADV_0050
HH_001697,Affluent,T3,Midwest,602,1,913800,6,2,Phone,Seminar,50,true,ADV_0024
HH_001698,Mass Affluent,T2,South,623,1,679500,16,2,Email,Digital Ad,68,false,ADV_0119
HH_001699,Mass Market,T1,Midwest,617,2,249400,3,6,Email,Referral,68,true,ADV_0051
HH_001700,Affluent,T3,Southeast,528,1,1288800,2,1,Email,Web,51,false,ADV_0015
HH_001701,Ultra HNW,T5,Midwest,602,2,14000000,21,1,Email,Advisor Prospecting,56,true,ADV_0114
HH_001702,Affluent,T3,Midwest,510,1,1546300,12,3,Digital,Referral,6,true,ADV_0055
HH_001703,Mass Market,T1,Midwest,617,1,50000,6,4,Phone,Referral,42,true,ADV_0120
HH_001704,Affluent,T3,South,635,2,1346300,12,3,Phone,Referral,87,false,ADV_0063
HH_001705,High Net Worth,T4,Northeast,501,2,6944000,25,2,Advisor,Referral,69,false,ADV_0106
HH_001706,Mass Market,T1,West,803,1,57600,23,1,Direct Mail,Digital Ad,71,false,ADV_0077
HH_001707,Affluent,T3,Northeast,501,3,1237500,18,1,Direct Mail,Digital Ad,41,true,ADV_0116
HH_001708,Mass Market,T1,Northeast,511,2,114600,5,5,Direct Mail,Seminar,75,true,ADV_0091
HH_001709,Mass Affluent,T2,West,753,2,304500,2,2,Digital,Referral,45,true,ADV_0004
HH_001710,Mass Affluent,T2,West,753,2,657500,24,1,Digital,Advisor Prospecting,64,true,ADV_0064
HH_001711,Mass Affluent,T2,Northeast,504,1,694500,30,3,Phone,Web,9,true,ADV_0035
HH_001712,Affluent,T3,Northeast,501,1,1670000,30,1,Digital,Web,16,true,ADV_0043
HH_001713,Mass Affluent,T2,Northeast,504,1,320500,16,1,Email,Referral,35,true,ADV_0091
HH_001714,Mass Affluent,T2,Midwest,602,1,707000,15,5,Email,Advisor Prospecting,68,true,ADV_0008
HH_001715,Mass Market,T1,Northeast,501,2,87600,19,4,Advisor,Referral,48,true,ADV_0061
HH_001716,Affluent,T3,Northeast,504,1,1517500,29,5,Phone,Referral,92,true,ADV_0034
HH_001717,Mass Affluent,T2,Midwest,609,2,274000,19,5,Digital,Web,71,true,ADV_0052
HH_001718,Mass Affluent,T2,Midwest,616,2,678000,28,5,Advisor,Digital Ad,68,false,ADV_0067
HH_001719,Mass Affluent,T2,Northeast,504,1,337000,8,6,Phone,Advisor Prospecting,61,true,ADV_0026
HH_001720,Affluent,T3,Southeast,528,2,836300,6,1,Email,Seminar,33,true,ADV_0045
HH_001721,Mass Affluent,T2,Northeast,501,1,254500,30,5,Phone,Referral,15,true,ADV_0119
HH_001722,Mass Affluent,T2,West,753,2,735500,18,2,Digital,Seminar,43,true,ADV_0111
HH_001723,Affluent,T3,South,659,1,1606300,26,5,Advisor,Advisor Prospecting,26,true,ADV_0039
HH_001724,Mass Affluent,T2,South,641,1,619500,11,4,Email,Referral,25,true,ADV_0039
HH_001725,Mass Market,T1,Midwest,617,1,83400,9,5,Phone,Web,33,true,ADV_0024
HH_001726,Mass Market,T1,Midwest,617,1,109000,28,2,Phone,Seminar,69,true,ADV_0075
HH_001727,Mass Market,T1,Northeast,504,2,232800,19,6,Direct Mail,Advisor Prospecting,24,true,ADV_0077
HH_001728,Mass Affluent,T2,Northeast,504,2,291500,15,6,Digital,Seminar,66,true,ADV_0056
HH_001729,Mass Market,T1,South,659,2,141000,28,1,Digital,Referral,35,true,ADV_0051
HH_001730,Mass Market,T1,West,753,3,86200,20,5,Direct Mail,Seminar,38,true,ADV_0030
HH_001731,Affluent,T3,West,819,1,1353800,8,5,Direct Mail,Seminar,9,true,ADV_0024
HH_001732,Mass Market,T1,Southeast,528,2,127000,19,1,Email,Digital Ad,71,true,ADV_0091
HH_001733,Mass Affluent,T2,Northeast,512,2,732500,21,3,Phone,Digital Ad,63,true,ADV_0030
HH_001734,Affluent,T3,Southeast,528,1,963800,18,1,Phone,Digital Ad,88,true,ADV_0030
HH_001735,Mass Market,T1,Midwest,602,2,60600,19,5,Email,Advisor Prospecting,35,true,ADV_0035
HH_001736,Affluent,T3,Midwest,617,2,787500,29,2,Direct Mail,Web,80,true,ADV_0077
HH_001737,Mass Market,T1,South,635,2,110200,28,5,Phone,Digital Ad,67,true,ADV_0034
HH_001738,Mass Affluent,T2,Midwest,510,2,250500,23,5,Email,Digital Ad,63,true,ADV_0021
HH_001739,Mass Market,T1,South,623,1,184800,12,2,Advisor,Digital Ad,74,true,ADV_0068
HH_001740,Mass Market,T1,Southeast,528,1,227600,6,4,Phone,Seminar,28,false,ADV_0039
HH_001741,Mass Market,T1,South,635,2,187400,27,4,Advisor,Web,68,true,ADV_0120
HH_001742,Mass Affluent,T2,Northeast,504,2,438000,5,1,Email,Digital Ad,69,true,ADV_0007
HH_001743,Mass Affluent,T2,Northeast,504,1,317000,10,5,Advisor,Advisor Prospecting,50,true,ADV_0101
HH_001744,Mass Affluent,T2,Northeast,504,1,681000,15,3,Direct Mail,Seminar,12,true,ADV_0011
HH_001745,Affluent,T3,Midwest,616,3,877500,14,2,Digital,Seminar,46,true,ADV_0030
HH_001746,Affluent,T3,South,641,2,1111300,30,2,Email,Referral,49,true,ADV_0040
HH_001747,Affluent,T3,Southeast,560,1,1497500,25,5,Phone,Web,81,true,ADV_0040
HH_001748,Mass Affluent,T2,Northeast,511,2,610500,27,3,Advisor,Web,63,true,ADV_0057
HH_001749,Mass Affluent,T2,Northeast,511,2,556000,7,4,Digital,Advisor Prospecting,34,true,ADV_0087
HH_001750,Mass Market,T1,Midwest,616,3,140400,21,5,Email,Advisor Prospecting,42,true,ADV_0004
HH_001751,High Net Worth,T4,Midwest,617,1,7056000,21,4,Phone,Digital Ad,29,false,ADV_0087
HH_001752,Mass Affluent,T2,West,803,1,397500,28,2,Advisor,Web,20,true,ADV_0099
HH_001753,Mass Affluent,T2,Northeast,501,1,588000,17,2,Phone,Advisor Prospecting,3,true,ADV_0068
HH_001754,Mass Affluent,T2,Northeast,512,1,646500,25,4,Advisor,Web,19,false,ADV_0014
HH_001755,Mass Market,T1,Midwest,617,1,118000,6,1,Direct Mail,Digital Ad,77,false,ADV_0076
HH_001756,Mass Affluent,T2,Northeast,501,2,312000,23,5,Advisor,Web,43,true,ADV_0021
HH_001757,Mass Affluent,T2,Northeast,511,2,547000,9,4,Phone,Digital Ad,54,true,ADV_0041
HH_001758,Mass Market,T1,Southeast,528,3,247000,1,5,Digital,Referral,45,true,ADV_0094
HH_001759,Mass Affluent,T2,West,819,2,550500,6,4,Digital,Web,34,true,ADV_0023
HH_001760,Mass Affluent,T2,South,659,1,440500,13,4,Direct Mail,Seminar,51,true,ADV_0005
HH_001761,High Net Worth,T4,South,641,1,7336000,27,1,Digital,Referral,88,false,ADV_0096
HH_001762,Mass Affluent,T2,Southeast,524,1,481000,4,5,Digital,Web,39,true,ADV_0113
HH_001763,Affluent,T3,Midwest,510,2,1513800,29,1,Direct Mail,Seminar,70,true,ADV_0025
HH_001764,Affluent,T3,Midwest,510,1,1585000,19,6,Digital,Web,81,true,ADV_0016
HH_001765,Mass Affluent,T2,Southeast,560,2,627500,30,2,Direct Mail,Web,30,true,ADV_0119
HH_001766,Mass Affluent,T2,Midwest,510,1,438500,27,1,Phone,Advisor Prospecting,53,false,ADV_0026
HH_001767,Mass Affluent,T2,Northeast,506,1,583000,19,1,Phone,Advisor Prospecting,49,false,ADV_0084
HH_001768,Affluent,T3,South,659,1,1731300,1,1,Email,Advisor Prospecting,53,false,ADV_0051
HH_001769,Affluent,T3,Northeast,504,2,1810000,3,3,Phone,Web,30,true,ADV_0073
HH_001770,Mass Market,T1,Southeast,528,3,239600,25,2,Digital,Advisor Prospecting,18,true,ADV_0093
HH_001771,Mass Affluent,T2,West,753,3,691000,7,3,Digital,Referral,57,true,ADV_0060
HH_001772,Mass Market,T1,South,659,1,223600,30,6,Email,Web,6,true,ADV_0047
HH_001773,Mass Affluent,T2,West,819,2,377000,4,6,Digital,Advisor Prospecting,54,true,ADV_0102
HH_001774,Mass Market,T1,West,807,1,87800,22,3,Digital,Advisor Prospecting,3,true,ADV_0104
HH_001775,Mass Market,T1,West,819,2,64600,21,1,Direct Mail,Seminar,78,true,ADV_0008
HH_001776,Mass Affluent,T2,Midwest,527,1,657000,29,5,Phone,Web,79,true,ADV_0097
HH_001777,Affluent,T3,Southeast,560,1,1742500,3,3,Email,Advisor Prospecting,60,true,ADV_0111
HH_001778,Mass Market,T1,Midwest,602,2,235000,20,4,Phone,Referral,69,true,ADV_0006
HH_001779,Affluent,T3,Southeast,524,2,935000,1,5,Phone,Referral,23,true,ADV_0032
HH_001780,High Net Worth,T4,Northeast,512,2,6248000,25,6,Email,Advisor Prospecting,48,true,ADV_0061
HH_001781,Affluent,T3,Midwest,616,2,1617500,28,3,Digital,Web,77,true,ADV_0052
HH_001782,Mass Market,T1,Midwest,616,2,98200,30,4,Email,Digital Ad,61,true,ADV_0013
HH_001783,Mass Affluent,T2,South,659,2,391500,23,3,Phone,Web,67,true,ADV_0046
HH_001784,Mass Affluent,T2,South,659,3,659500,27,3,Advisor,Web,52,true,ADV_0055
HH_001785,Mass Affluent,T2,Northeast,512,1,333500,17,6,Digital,Digital Ad,25,true,ADV_0072
HH_001786,Mass Affluent,T2,Midwest,527,2,652500,18,1,Email,Advisor Prospecting,83,false,ADV_0033
HH_001787,Mass Affluent,T2,South,659,2,704500,24,4,Advisor,Web,50,true,ADV_0079
HH_001788,Mass Affluent,T2,Midwest,527,3,507000,15,2,Advisor,Web,40,true,ADV_0047
HH_001789,Affluent,T3,Midwest,510,1,1941300,26,5,Advisor,Digital Ad,70,true,ADV_0009
HH_001790,Affluent,T3,South,635,1,1006300,14,1,Digital,Seminar,40,true,ADV_0020
HH_001791,Mass Affluent,T2,Midwest,602,3,253000,28,5,Email,Digital Ad,39,true,ADV_0044
HH_001792,Mass Affluent,T2,South,659,3,708500,5,1,Digital,Seminar,51,true,ADV_0074
HH_001793,Mass Affluent,T2,Northeast,511,2,534500,17,4,Direct Mail,Seminar,85,true,ADV_0034
HH_001794,Mass Affluent,T2,Midwest,602,1,467000,25,6,Phone,Seminar,54,false,ADV_0089
HH_001795,Mass Affluent,T2,Southeast,528,3,454500,11,4,Direct Mail,Advisor Prospecting,34,true,ADV_0022
HH_001796,Mass Affluent,T2,South,641,1,660500,7,5,Direct Mail,Web,44,true,ADV_0082
HH_001797,Mass Market,T1,Midwest,609,1,112200,5,5,Digital,Referral,8,false,ADV_0020
HH_001798,Mass Affluent,T2,Midwest,510,2,295500,6,6,Digital,Digital Ad,51,true,ADV_0058
HH_001799,Mass Affluent,T2,Midwest,510,1,387000,29,2,Advisor,Advisor Prospecting,33,true,ADV_0067
HH_001800,Affluent,T3,South,659,1,820000,15,3,Digital,Referral,1,true,ADV_0089
HH_001801,Mass Market,T1,South,641,1,147600,19,5,Direct Mail,Referral,21,true,ADV_0103
HH_001802,Affluent,T3,Southeast,560,2,852500,13,2,Email,Advisor Prospecting,32,true,ADV_0021
HH_001803,Affluent,T3,Midwest,510,1,1202500,15,4,Advisor,Digital Ad,65,true,ADV_0088
HH_001804,Affluent,T3,Southeast,528,1,1320000,1,5,Digital,Web,61,true,ADV_0109
HH_001805,Affluent,T3,Northeast,506,2,1358800,5,6,Direct Mail,Web,61,true,ADV_0073
HH_001806,Mass Affluent,T2,Northeast,501,1,494500,7,4,Direct Mail,Referral,51,true,ADV_0031
HH_001807,Mass Affluent,T2,Midwest,616,2,662500,8,4,Direct Mail,Seminar,83,true,ADV_0073
HH_001808,Mass Market,T1,West,807,2,148200,19,6,Email,Web,78,true,ADV_0069
HH_001809,Mass Affluent,T2,Midwest,616,2,514500,19,1,Digital,Advisor Prospecting,43,true,ADV_0102
HH_001810,Affluent,T3,Northeast,504,2,1848800,15,4,Direct Mail,Advisor Prospecting,30,true,ADV_0056
HH_001811,Affluent,T3,Midwest,616,1,1715000,20,2,Direct Mail,Web,35,true,ADV_0034
HH_001812,Mass Affluent,T2,West,807,2,341500,4,5,Direct Mail,Referral,15,false,ADV_0114
HH_001813,Mass Market,T1,Northeast,501,1,138200,13,1,Phone,Digital Ad,14,true,ADV_0048
HH_001814,Mass Market,T1,Midwest,617,2,128800,3,4,Digital,Seminar,35,true,ADV_0004
HH_001815,Mass Market,T1,South,623,2,92600,21,1,Phone,Advisor Prospecting,35,false,ADV_0020
HH_001816,Mass Affluent,T2,Midwest,510,2,442000,6,2,Email,Referral,44,false,ADV_0065
HH_001817,Mass Affluent,T2,West,807,2,277500,4,3,Email,Digital Ad,55,false,ADV_0074
HH_001818,Mass Affluent,T2,Midwest,616,2,578500,29,3,Advisor,Advisor Prospecting,66,true,ADV_0105
HH_001819,Mass Affluent,T2,Midwest,510,1,628500,25,1,Advisor,Web,71,false,ADV_0084
HH_001820,Mass Affluent,T2,South,659,2,650000,9,6,Advisor,Digital Ad,26,true,ADV_0033
HH_001821,Mass Affluent,T2,West,753,2,426000,20,1,Advisor,Advisor Prospecting,78,false,ADV_0101
HH_001822,Mass Market,T1,Northeast,511,1,150600,2,5,Advisor,Advisor Prospecting,67,true,ADV_0098
HH_001823,Affluent,T3,Northeast,511,1,1322500,12,4,Email,Web,35,true,ADV_0103
HH_001824,Affluent,T3,Northeast,501,1,1588800,20,3,Digital,Web,9,true,ADV_0064
HH_001825,Affluent,T3,Southeast,560,1,1682500,23,1,Direct Mail,Referral,34,true,ADV_0070
HH_001826,Affluent,T3,South,623,3,1630000,13,2,Digital,Referral,20,true,ADV_0003
HH_001827,Affluent,T3,South,659,2,1793800,18,3,Direct Mail,Seminar,41,true,ADV_0037
HH_001828,Mass Affluent,T2,Midwest,616,3,400000,11,2,Phone,Seminar,43,true,ADV_0020
HH_001829,Mass Affluent,T2,Midwest,510,1,450000,14,3,Phone,Web,50,true,ADV_0077
HH_001830,Affluent,T3,Midwest,602,2,975000,4,6,Direct Mail,Referral,79,true,ADV_0026
HH_001831,Mass Affluent,T2,Northeast,511,2,739500,15,5,Advisor,Web,69,true,ADV_0029
HH_001832,Affluent,T3,South,659,1,1732500,6,4,Phone,Digital Ad,40,true,ADV_0070
HH_001833,Mass Market,T1,Northeast,511,1,117400,29,5,Phone,Advisor Prospecting,37,true,ADV_0106
HH_001834,Mass Affluent,T2,Northeast,512,2,600000,17,2,Advisor,Advisor Prospecting,54,true,ADV_0074
HH_001835,Mass Market,T1,South,641,1,245600,28,6,Email,Referral,17,true,ADV_0085
HH_001836,Affluent,T3,Northeast,511,2,1400000,19,1,Phone,Seminar,77,true,ADV_0001
HH_001837,Mass Market,T1,Southeast,528,2,148200,19,1,Advisor,Web,23,true,ADV_0082
HH_001838,Mass Affluent,T2,Southeast,528,3,449500,23,3,Digital,Digital Ad,50,true,ADV_0057
HH_001839,Mass Affluent,T2,Northeast,504,2,441000,11,1,Digital,Digital Ad,58,true,ADV_0067
HH_001840,Mass Affluent,T2,West,803,2,739000,20,6,Phone,Web,23,true,ADV_0119
HH_001841,Mass Market,T1,Southeast,560,1,231800,26,5,Email,Web,64,true,ADV_0046
HH_001842,Mass Affluent,T2,Northeast,511,3,583500,20,1,Email,Referral,49,false,ADV_0070
HH_001843,Mass Affluent,T2,West,807,2,528000,10,1,Phone,Web,59,true,ADV_0097
HH_001844,Affluent,T3,Midwest,510,1,1367500,1,3,Advisor,Advisor Prospecting,4,true,ADV_0022
HH_001845,Mass Affluent,T2,Northeast,501,1,724500,18,5,Digital,Web,63,true,ADV_0060
HH_001846,Mass Affluent,T2,South,659,2,742500,21,2,Direct Mail,Digital Ad,73,true,ADV_0092
HH_001847,Mass Affluent,T2,Midwest,609,1,730500,20,3,Advisor,Digital Ad,64,true,ADV_0044
HH_001848,Affluent,T3,Northeast,511,2,1277500,7,3,Digital,Web,32,false,ADV_0098
HH_001849,Mass Affluent,T2,Northeast,501,1,359500,10,5,Advisor,Seminar,11,true,ADV_0068
HH_001850,Mass Affluent,T2,Midwest,616,1,741000,29,6,Phone,Web,82,true,ADV_0048
HH_001851,Mass Market,T1,Northeast,501,2,136800,15,3,Advisor,Referral,37,true,ADV_0087
HH_001852,Mass Market,T1,West,807,2,243400,26,4,Advisor,Digital Ad,64,false,ADV_0010
HH_001853,Mass Affluent,T2,South,659,2,678000,17,2,Direct Mail,Digital Ad,51,true,ADV_0099
HH_001854,Mass Affluent,T2,Southeast,524,3,554500,14,1,Digital,Web,46,false,ADV_0092
HH_001855,Mass Affluent,T2,Midwest,609,3,250000,25,1,Email,Digital Ad,31,true,ADV_0086
HH_001856,Mass Market,T1,Northeast,504,2,182200,27,1,Phone,Digital Ad,56,true,ADV_0075
HH_001857,Mass Market,T1,West,807,2,172800,5,1,Email,Seminar,44,true,ADV_0068
HH_001858,Mass Market,T1,Northeast,504,2,198400,13,3,Digital,Web,67,true,ADV_0033
HH_001859,Mass Affluent,T2,Northeast,501,3,256000,9,4,Phone,Advisor Prospecting,53,true,ADV_0033
HH_001860,Mass Affluent,T2,Northeast,511,1,616000,9,6,Advisor,Referral,72,true,ADV_0120
HH_001861,Mass Affluent,T2,Northeast,501,1,691500,21,1,Digital,Seminar,7,true,ADV_0036
HH_001862,Mass Affluent,T2,Northeast,501,1,268000,8,4,Advisor,Digital Ad,13,true,ADV_0047
HH_001863,Mass Market,T1,Midwest,602,2,192400,15,6,Email,Digital Ad,69,false,ADV_0053
HH_001864,Affluent,T3,Northeast,511,1,1253800,26,4,Direct Mail,Advisor Prospecting,72,false,ADV_0032
HH_001865,Affluent,T3,Southeast,528,3,1125000,16,2,Digital,Digital Ad,54,true,ADV_0052
HH_001866,Mass Market,T1,Southeast,560,2,172000,12,3,Direct Mail,Digital Ad,47,false,ADV_0043
HH_001867,Mass Market,T1,Southeast,524,2,85600,11,4,Direct Mail,Seminar,14,true,ADV_0080
HH_001868,Mass Market,T1,West,753,3,68800,12,1,Advisor,Web,32,true,ADV_0022
HH_001869,Mass Affluent,T2,South,623,2,442500,17,2,Email,Web,44,true,ADV_0076
HH_001870,Mass Affluent,T2,Northeast,511,2,653500,26,2,Phone,Digital Ad,59,false,ADV_0098
HH_001871,Mass Affluent,T2,Northeast,501,2,255500,30,3,Email,Digital Ad,69,false,ADV_0023
HH_001872,High Net Worth,T4,Northeast,511,1,8344000,26,1,Digital,Web,36,true,ADV_0012
HH_001873,Mass Affluent,T2,Northeast,511,2,446500,13,2,Digital,Web,40,true,ADV_0118
HH_001874,Affluent,T3,Midwest,527,2,1761300,16,6,Direct Mail,Advisor Prospecting,75,true,ADV_0018
HH_001875,Mass Affluent,T2,Northeast,501,2,530000,13,1,Advisor,Referral,36,true,ADV_0080
HH_001876,Mass Market,T1,Northeast,504,1,92600,16,3,Email,Seminar,92,true,ADV_0065
HH_001877,Mass Market,T1,Northeast,501,1,219600,26,2,Digital,Digital Ad,68,true,ADV_0029
HH_001878,Affluent,T3,Midwest,527,2,1752500,24,5,Phone,Web,40,true,ADV_0014
HH_001879,Mass Market,T1,West,753,1,89200,8,3,Email,Referral,27,false,ADV_0109
HH_001880,Affluent,T3,Southeast,560,1,1831300,17,2,Digital,Advisor Prospecting,57,true,ADV_0021
HH_001881,Affluent,T3,Northeast,504,1,1005000,29,2,Digital,Referral,75,true,ADV_0102
HH_001882,Affluent,T3,Northeast,501,1,1732500,14,2,Direct Mail,Seminar,56,true,ADV_0102
HH_001883,Mass Affluent,T2,Northeast,504,1,326000,4,4,Phone,Advisor Prospecting,81,true,ADV_0003
HH_001884,Mass Market,T1,Northeast,504,3,222800,21,1,Email,Web,52,false,ADV_0047
HH_001885,Affluent,T3,Midwest,510,1,1966300,25,5,Direct Mail,Referral,27,true,ADV_0115
HH_001886,Mass Affluent,T2,Northeast,501,3,726000,21,5,Digital,Digital Ad,14,true,ADV_0085
HH_001887,Mass Market,T1,Midwest,609,1,110400,17,2,Email,Web,70,true,ADV_0025
HH_001888,Affluent,T3,Northeast,511,1,1140000,28,2,Advisor,Digital Ad,42,true,ADV_0109
HH_001889,Mass Market,T1,Midwest,510,2,62600,27,5,Direct Mail,Seminar,40,true,ADV_0069
HH_001890,Mass Market,T1,West,807,2,231800,24,2,Advisor,Web,48,true,ADV_0042
HH_001891,Mass Affluent,T2,West,753,1,715000,16,2,Advisor,Web,49,false,ADV_0109
HH_001892,Mass Affluent,T2,Northeast,501,2,718000,24,2,Phone,Advisor Prospecting,46,false,ADV_0091
HH_001893,Mass Market,T1,Midwest,527,2,148200,16,4,Advisor,Referral,57,true,ADV_0088
HH_001894,Mass Market,T1,South,659,2,201200,25,5,Email,Web,31,true,ADV_0025
HH_001895,Mass Market,T1,South,635,2,228600,19,1,Phone,Web,63,true,ADV_0113
HH_001896,Affluent,T3,Northeast,504,2,890000,11,2,Advisor,Advisor Prospecting,26,true,ADV_0056
HH_001897,Mass Affluent,T2,Midwest,609,1,712000,12,5,Advisor,Advisor Prospecting,29,true,ADV_0059
HH_001898,Mass Market,T1,Midwest,505,1,186200,26,6,Direct Mail,Seminar,6,true,ADV_0016
HH_001899,Mass Market,T1,Midwest,510,2,192200,2,6,Phone,Advisor Prospecting,76,true,ADV_0026
HH_001900,High Net Worth,T4,Northeast,504,2,7208000,21,1,Phone,Seminar,50,true,ADV_0107
HH_001901,Mass Affluent,T2,Midwest,617,1,663500,30,3,Email,Referral,47,true,ADV_0007
HH_001902,Mass Affluent,T2,South,659,1,261000,20,4,Advisor,Web,60,true,ADV_0090
HH_001903,Mass Affluent,T2,Midwest,510,3,617000,28,4,Direct Mail,Digital Ad,54,false,ADV_0066
HH_001904,Affluent,T3,Midwest,609,1,1465000,3,4,Advisor,Seminar,5,true,ADV_0019
HH_001905,Mass Market,T1,Northeast,511,3,137600,27,1,Digital,Advisor Prospecting,41,false,ADV_0013
HH_001906,Mass Affluent,T2,Northeast,501,2,599000,11,3,Direct Mail,Web,74,true,ADV_0049
HH_001907,Mass Market,T1,Southeast,560,2,126600,14,2,Advisor,Digital Ad,57,false,ADV_0026
HH_001908,Ultra HNW,T5,Southeast,560,3,12320000,22,2,Direct Mail,Digital Ad,85,true,ADV_0042
HH_001909,Mass Market,T1,Midwest,527,1,227000,7,4,Advisor,Advisor Prospecting,83,true,ADV_0085
HH_001910,Mass Affluent,T2,Northeast,501,3,703500,6,2,Email,Seminar,36,true,ADV_0092
HH_001911,Mass Affluent,T2,South,623,1,287500,14,4,Phone,Web,53,true,ADV_0038
HH_001912,Affluent,T3,Northeast,501,1,947500,26,5,Digital,Web,43,true,ADV_0104
HH_001913,Mass Affluent,T2,Northeast,506,2,661000,1,2,Email,Seminar,35,true,ADV_0004
HH_001914,Mass Market,T1,West,753,2,129600,2,5,Email,Digital Ad,41,true,ADV_0005
HH_001915,High Net Worth,T4,Northeast,504,2,6288000,13,5,Phone,Seminar,65,true,ADV_0050
HH_001916,Mass Market,T1,Southeast,524,1,225000,4,5,Advisor,Seminar,24,true,ADV_0015
HH_001917,Mass Market,T1,West,803,1,229000,22,2,Direct Mail,Referral,61,true,ADV_0006
HH_001918,Mass Market,T1,Midwest,602,2,244200,22,6,Phone,Digital Ad,52,true,ADV_0036
HH_001919,Mass Affluent,T2,Midwest,510,1,452500,24,6,Email,Referral,9,false,ADV_0116
HH_001920,Mass Market,T1,West,807,1,160600,16,3,Advisor,Web,97,true,ADV_0095
HH_001921,Mass Market,T1,West,819,1,196200,26,4,Digital,Advisor Prospecting,70,true,ADV_0059
HH_001922,Mass Affluent,T2,Northeast,511,2,315500,16,6,Direct Mail,Digital Ad,88,true,ADV_0069
HH_001923,High Net Worth,T4,Southeast,528,1,3200000,18,6,Digital,Web,47,true,ADV_0066
HH_001924,Mass Affluent,T2,Southeast,528,1,295000,3,1,Advisor,Advisor Prospecting,51,false,ADV_0109
HH_001925,Mass Affluent,T2,Southeast,528,2,502000,21,1,Direct Mail,Advisor Prospecting,80,true,ADV_0113
HH_001926,Mass Market,T1,Southeast,528,1,133600,4,5,Advisor,Digital Ad,23,true,ADV_0086
HH_001927,Mass Market,T1,Midwest,510,2,219600,7,3,Phone,Advisor Prospecting,88,true,ADV_0108
HH_001928,Affluent,T3,Southeast,528,1,1128800,29,2,Phone,Referral,97,true,ADV_0058
HH_001929,Mass Market,T1,South,623,1,187400,23,3,Digital,Digital Ad,93,false,ADV_0060
HH_001930,Mass Affluent,T2,Midwest,602,1,258000,2,3,Advisor,Referral,62,true,ADV_0005
HH_001931,Mass Affluent,T2,Southeast,560,1,623500,16,4,Email,Advisor Prospecting,61,true,ADV_0026
HH_001932,Mass Market,T1,Midwest,616,1,167400,19,6,Advisor,Referral,69,true,ADV_0118
HH_001933,Mass Market,T1,South,659,1,242600,16,3,Email,Referral,53,true,ADV_0114
HH_001934,Affluent,T3,South,623,1,997500,18,1,Digital,Advisor Prospecting,60,true,ADV_0110
HH_001935,High Net Worth,T4,Midwest,505,1,5320000,27,1,Email,Web,54,true,ADV_0045
HH_001936,Mass Market,T1,South,641,2,130600,7,6,Digital,Advisor Prospecting,35,true,ADV_0097
HH_001937,Affluent,T3,West,753,2,1497500,10,3,Direct Mail,Referral,74,true,ADV_0027
HH_001938,Affluent,T3,Midwest,609,2,1791300,5,5,Email,Seminar,38,true,ADV_0004
HH_001939,Mass Affluent,T2,West,819,1,426000,30,1,Digital,Seminar,19,true,ADV_0108
HH_001940,Mass Affluent,T2,West,819,1,376000,22,2,Email,Seminar,50,true,ADV_0009
HH_001941,Mass Affluent,T2,West,753,1,662500,18,6,Advisor,Referral,53,true,ADV_0060
HH_001942,Mass Affluent,T2,Midwest,527,2,431500,25,6,Phone,Advisor Prospecting,54,true,ADV_0111
HH_001943,High Net Worth,T4,Midwest,602,2,6800000,18,3,Phone,Web,41,true,ADV_0073
HH_001944,Mass Market,T1,South,659,1,196200,5,5,Advisor,Seminar,87,true,ADV_0034
HH_001945,Affluent,T3,West,753,1,1336300,24,4,Digital,Advisor Prospecting,33,true,ADV_0002
HH_001946,Mass Market,T1,Northeast,501,2,237000,22,4,Email,Digital Ad,33,true,ADV_0072
HH_001947,Mass Affluent,T2,Southeast,560,2,710500,25,1,Email,Advisor Prospecting,13,true,ADV_0044
HH_001948,Affluent,T3,Midwest,510,2,1012500,22,1,Digital,Referral,81,true,ADV_0111
HH_001949,Mass Affluent,T2,Southeast,528,3,250000,27,1,Email,Digital Ad,44,false,ADV_0046
HH_001950,Mass Market,T1,South,659,1,208000,14,6,Phone,Advisor Prospecting,46,true,ADV_0087
HH_001951,Mass Affluent,T2,Northeast,504,2,422500,23,2,Direct Mail,Web,50,false,ADV_0027
HH_001952,Mass Market,T1,Northeast,501,1,184400,12,1,Digital,Advisor Prospecting,38,true,ADV_0012
HH_001953,Mass Affluent,T2,Midwest,617,2,262000,14,3,Digital,Digital Ad,72,true,ADV_0057
HH_001954,Mass Market,T1,Midwest,510,1,57200,20,2,Phone,Digital Ad,65,true,ADV_0027
HH_001955,Affluent,T3,Midwest,602,2,783800,13,4,Email,Advisor Prospecting,53,true,ADV_0028
HH_001956,Mass Market,T1,South,641,2,75000,3,4,Digital,Seminar,49,true,ADV_0004
HH_001957,Affluent,T3,South,659,1,1552500,19,1,Advisor,Web,2,true,ADV_0117
HH_001958,Mass Affluent,T2,South,659,3,421000,22,2,Direct Mail,Seminar,46,false,ADV_0105
HH_001959,Mass Market,T1,South,659,2,218000,15,4,Phone,Web,67,true,ADV_0056
HH_001960,Mass Market,T1,South,641,1,75400,20,5,Advisor,Digital Ad,20,true,ADV_0012
HH_001961,Affluent,T3,West,819,1,1217500,28,6,Advisor,Digital Ad,46,true,ADV_0114
HH_001962,Mass Affluent,T2,South,641,3,408000,11,1,Digital,Seminar,36,true,ADV_0026
HH_001963,Mass Market,T1,Southeast,524,1,171600,19,2,Direct Mail,Web,65,true,ADV_0033
HH_001964,Affluent,T3,Midwest,602,2,1658800,23,6,Direct Mail,Digital Ad,82,false,ADV_0040
HH_001965,Affluent,T3,Southeast,528,1,1208800,11,2,Digital,Web,86,false,ADV_0035
HH_001966,Mass Market,T1,South,623,2,155400,21,4,Advisor,Digital Ad,89,false,ADV_0088
HH_001967,Mass Affluent,T2,Midwest,510,2,254500,29,5,Digital,Digital Ad,19,true,ADV_0038
HH_001968,Mass Market,T1,Midwest,510,1,51400,4,5,Digital,Referral,92,true,ADV_0091
HH_001969,Mass Market,T1,Midwest,510,2,244000,21,1,Direct Mail,Web,44,false,ADV_0103
HH_001970,Mass Affluent,T2,South,635,1,399000,5,2,Direct Mail,Digital Ad,8,false,ADV_0007
HH_001971,Affluent,T3,South,623,2,1893800,15,4,Phone,Advisor Prospecting,50,true,ADV_0047
HH_001972,Mass Market,T1,South,641,2,125400,19,3,Digital,Seminar,51,true,ADV_0064
HH_001973,Mass Market,T1,Southeast,560,2,75800,11,3,Advisor,Advisor Prospecting,39,true,ADV_0005
HH_001974,Mass Affluent,T2,West,807,2,345500,23,3,Email,Seminar,37,true,ADV_0100
HH_001975,Mass Market,T1,South,659,1,237200,13,1,Email,Advisor Prospecting,94,false,ADV_0067
HH_001976,Mass Affluent,T2,Northeast,504,1,398500,12,3,Phone,Web,85,true,ADV_0067
HH_001977,Mass Market,T1,Northeast,504,2,202600,26,1,Email,Digital Ad,50,true,ADV_0047
HH_001978,Affluent,T3,Northeast,504,1,1530000,12,2,Phone,Referral,93,true,ADV_0065
HH_001979,Affluent,T3,Northeast,511,1,1572500,24,6,Digital,Advisor Prospecting,46,true,ADV_0083
HH_001980,Affluent,T3,Northeast,501,1,1773800,27,3,Direct Mail,Seminar,70,true,ADV_0026
HH_001981,Affluent,T3,Southeast,560,3,793800,14,4,Phone,Referral,64,true,ADV_0019
HH_001982,Mass Market,T1,West,807,2,129000,4,3,Email,Web,54,true,ADV_0109
HH_001983,Affluent,T3,West,819,2,958800,11,6,Digital,Seminar,26,true,ADV_0085
HH_001984,Mass Affluent,T2,West,807,2,289000,5,5,Direct Mail,Digital Ad,52,false,ADV_0117
HH_001985,Affluent,T3,South,659,1,1226300,3,4,Direct Mail,Referral,2,true,ADV_0004
HH_001986,Mass Market,T1,Northeast,501,2,122600,25,1,Advisor,Web,40,true,ADV_0094
HH_001987,Affluent,T3,Midwest,510,1,1812500,17,3,Direct Mail,Seminar,6,false,ADV_0109
HH_001988,Mass Affluent,T2,South,635,2,722000,15,3,Phone,Referral,7,false,ADV_0093
HH_001989,Mass Market,T1,Northeast,501,2,93800,15,4,Advisor,Web,34,true,ADV_0037
HH_001990,Mass Affluent,T2,West,803,2,329000,17,1,Digital,Digital Ad,52,true,ADV_0015
HH_001991,Affluent,T3,Midwest,616,3,1982500,7,2,Digital,Advisor Prospecting,48,true,ADV_0059
HH_001992,Mass Market,T1,Midwest,602,2,98400,7,1,Digital,Advisor Prospecting,37,true,ADV_0010
HH_001993,Mass Affluent,T2,Midwest,510,3,334000,18,1,Phone,Advisor Prospecting,61,true,ADV_0004
HH_001994,Mass Affluent,T2,South,641,3,535000,16,3,Email,Advisor Prospecting,43,false,ADV_0022
HH_001995,Mass Affluent,T2,Northeast,504,1,457500,9,5,Email,Web,86,true,ADV_0025
HH_001996,Mass Affluent,T2,South,659,2,471000,3,2,Phone,Digital Ad,75,true,ADV_0063
HH_001997,Mass Market,T1,Midwest,617,1,101200,27,3,Advisor,Digital Ad,86,false,ADV_0002
HH_001998,Mass Affluent,T2,Midwest,510,2,452000,21,1,Digital,Seminar,74,false,ADV_0011
HH_001999,Affluent,T3,Northeast,501,1,1212500,3,3,Digital,Seminar,84,true,ADV_0095
HH_002000,Mass Market,T1,Southeast,524,2,206400,8,6,Digital,Digital Ad,81,true,ADV_0012
HH_002001,Mass Market,T1,Northeast,501,2,235800,1,2,Phone,Seminar,38,true,ADV_0004
HH_002002,Mass Affluent,T2,Southeast,560,2,421500,23,3,Email,Referral,17,true,ADV_0050
HH_002003,Mass Affluent,T2,Northeast,501,1,632500,4,4,Digital,Seminar,43,true,ADV_0028
HH_002004,Mass Affluent,T2,South,659,1,473500,10,3,Direct Mail,Seminar,18,true,ADV_0104
HH_002005,Mass Market,T1,South,659,1,165800,23,6,Email,Referral,89,true,ADV_0036
HH_002006,Mass Affluent,T2,Southeast,528,1,437000,5,4,Email,Digital Ad,57,true,ADV_0009
HH_002007,Mass Market,T1,South,641,1,81000,23,5,Direct Mail,Advisor Prospecting,59,true,ADV_0057
HH_002008,Mass Market,T1,Midwest,510,1,102200,23,5,Advisor,Digital Ad,20,true,ADV_0042
HH_002009,Mass Market,T1,West,753,3,190800,11,3,Phone,Web,65,true,ADV_0065
HH_002010,Affluent,T3,Northeast,506,2,966300,23,4,Phone,Digital Ad,46,true,ADV_0111
HH_002011,Mass Affluent,T2,Southeast,528,2,542000,24,4,Direct Mail,Advisor Prospecting,83,true,ADV_0082
HH_002012,Mass Market,T1,Northeast,506,2,105800,15,4,Digital,Advisor Prospecting,63,true,ADV_0091
HH_002013,High Net Worth,T4,Midwest,616,1,9784000,19,4,Advisor,Advisor Prospecting,87,true,ADV_0032
HH_002014,Mass Affluent,T2,Southeast,524,1,634000,1,6,Digital,Seminar,41,true,ADV_0016
HH_002015,Mass Market,T1,West,753,1,128600,28,3,Digital,Referral,14,true,ADV_0099
HH_002016,Mass Market,T1,Northeast,501,1,174600,30,6,Phone,Web,58,true,ADV_0025
HH_002017,Mass Market,T1,South,641,1,158400,4,1,Phone,Web,38,true,ADV_0041
HH_002018,Mass Market,T1,Northeast,501,2,147200,25,3,Phone,Referral,66,true,ADV_0050
HH_002019,Mass Affluent,T2,Midwest,510,2,364500,13,2,Email,Digital Ad,30,true,ADV_0082
HH_002020,Affluent,T3,South,641,1,1426300,18,6,Digital,Referral,56,true,ADV_0112
HH_002021,Mass Affluent,T2,Midwest,616,3,603500,29,6,Email,Web,57,false,ADV_0011
HH_002022,Affluent,T3,South,659,3,1227500,19,1,Phone,Advisor Prospecting,41,true,ADV_0084
HH_002023,Mass Affluent,T2,Northeast,501,3,473500,28,6,Advisor,Advisor Prospecting,50,true,ADV_0095
HH_002024,Mass Market,T1,Midwest,510,3,110400,7,2,Direct Mail,Digital Ad,55,true,ADV_0088
HH_002025,Affluent,T3,Midwest,510,1,1912500,27,5,Phone,Seminar,3,true,ADV_0089
HH_002026,Mass Affluent,T2,Midwest,505,2,660500,3,1,Digital,Seminar,40,true,ADV_0019
HH_002027,Mass Affluent,T2,West,753,3,645000,13,6,Advisor,Referral,71,true,ADV_0051
HH_002028,Mass Affluent,T2,Southeast,524,2,397000,5,2,Email,Referral,77,false,ADV_0094
HH_002029,Affluent,T3,Southeast,528,1,1700000,15,4,Phone,Referral,33,false,ADV_0106
HH_002030,Mass Market,T1,Midwest,602,3,152800,14,4,Phone,Advisor Prospecting,37,false,ADV_0075
HH_002031,Mass Market,T1,Midwest,616,1,148800,22,5,Phone,Web,70,true,ADV_0006
HH_002032,Mass Affluent,T2,West,807,1,285000,10,4,Advisor,Digital Ad,89,true,ADV_0012
HH_002033,Affluent,T3,Southeast,528,1,1487500,6,5,Direct Mail,Advisor Prospecting,8,true,ADV_0046
HH_002034,Mass Affluent,T2,West,803,1,519000,1,3,Digital,Seminar,43,false,ADV_0046
HH_002035,Mass Market,T1,West,753,1,63400,6,5,Digital,Advisor Prospecting,3,false,ADV_0087
HH_002036,Affluent,T3,Midwest,505,1,1550000,2,4,Email,Referral,27,true,ADV_0018
HH_002037,Mass Market,T1,Northeast,504,2,184200,26,1,Email,Seminar,43,true,ADV_0060
HH_002038,Mass Market,T1,Northeast,501,2,136600,23,5,Advisor,Advisor Prospecting,44,true,ADV_0024
HH_002039,Mass Affluent,T2,Midwest,617,1,668000,27,5,Digital,Referral,73,true,ADV_0100
HH_002040,Affluent,T3,West,807,2,1035000,5,6,Direct Mail,Advisor Prospecting,38,false,ADV_0057
HH_002041,Mass Affluent,T2,South,659,1,595000,24,5,Phone,Digital Ad,47,true,ADV_0056
HH_002042,Mass Market,T1,West,807,1,91600,5,4,Direct Mail,Digital Ad,37,true,ADV_0078
HH_002043,Mass Affluent,T2,Midwest,609,2,429500,24,1,Phone,Seminar,42,true,ADV_0016
HH_002044,Mass Market,T1,Midwest,510,2,65000,3,5,Advisor,Seminar,44,false,ADV_0024
HH_002045,Mass Affluent,T2,Northeast,501,2,423500,12,3,Advisor,Web,26,true,ADV_0080
HH_002046,Mass Market,T1,Northeast,512,1,135800,3,4,Phone,Web,42,true,ADV_0082
HH_002047,Mass Affluent,T2,Midwest,527,2,693000,7,5,Advisor,Advisor Prospecting,43,true,ADV_0071
HH_002048,Mass Market,T1,South,641,1,216400,4,4,Email,Advisor Prospecting,37,true,ADV_0086
HH_002049,Mass Market,T1,Southeast,560,3,224600,2,3,Phone,Advisor Prospecting,55,true,ADV_0005
HH_002050,Mass Affluent,T2,Midwest,510,2,593000,21,3,Phone,Advisor Prospecting,72,false,ADV_0118
HH_002051,Mass Affluent,T2,Northeast,501,1,635000,20,6,Phone,Seminar,60,true,ADV_0115
HH_002052,Mass Market,T1,South,641,1,190600,29,5,Direct Mail,Referral,51,true,ADV_0020
HH_002053,Mass Market,T1,Northeast,511,1,53000,27,5,Direct Mail,Referral,4,true,ADV_0017
HH_002054,Mass Affluent,T2,Midwest,510,1,483500,18,3,Direct Mail,Digital Ad,83,true,ADV_0109
HH_002055,Mass Affluent,T2,West,807,2,329500,7,5,Advisor,Digital Ad,61,true,ADV_0108
HH_002056,Mass Affluent,T2,West,753,2,418500,8,4,Direct Mail,Digital Ad,35,true,ADV_0018
HH_002057,Mass Affluent,T2,South,623,1,497500,16,2,Direct Mail,Digital Ad,81,false,ADV_0027
HH_002058,Mass Market,T1,West,753,2,113200,2,2,Digital,Digital Ad,34,false,ADV_0092
HH_002059,Mass Affluent,T2,West,819,2,671500,27,2,Email,Seminar,49,true,ADV_0100
HH_002060,Mass Affluent,T2,Southeast,528,2,334000,17,4,Email,Digital Ad,47,true,ADV_0041
HH_002061,Mass Affluent,T2,Northeast,501,2,636000,26,1,Email,Seminar,31,true,ADV_0012
HH_002062,Mass Affluent,T2,Northeast,501,2,444500,6,6,Phone,Advisor Prospecting,70,true,ADV_0059
HH_002063,Mass Market,T1,South,659,1,121800,11,3,Direct Mail,Digital Ad,44,true,ADV_0044
HH_002064,Mass Market,T1,Midwest,505,2,185400,27,5,Advisor,Advisor Prospecting,38,true,ADV_0038
HH_002065,Mass Affluent,T2,Southeast,528,1,298500,17,3,Direct Mail,Digital Ad,81,true,ADV_0050
HH_002066,Mass Market,T1,South,641,1,91200,1,2,Email,Web,9,true,ADV_0068
HH_002067,Affluent,T3,Northeast,501,2,1766300,28,6,Email,Digital Ad,75,true,ADV_0095
HH_002068,Mass Market,T1,West,753,1,54200,11,4,Direct Mail,Referral,62,true,ADV_0016
HH_002069,High Net Worth,T4,Northeast,501,1,3184000,21,1,Email,Seminar,86,true,ADV_0015
HH_002070,Affluent,T3,Northeast,511,1,1417500,16,5,Advisor,Seminar,49,false,ADV_0006
HH_002071,Affluent,T3,Midwest,616,2,1065000,27,2,Direct Mail,Seminar,80,false,ADV_0010
HH_002072,Affluent,T3,Northeast,504,1,1650000,27,2,Direct Mail,Digital Ad,31,true,ADV_0024
HH_002073,Mass Market,T1,Midwest,616,2,90600,14,1,Direct Mail,Seminar,69,true,ADV_0087
HH_002074,Affluent,T3,Midwest,616,1,1993800,11,3,Phone,Referral,36,true,ADV_0023
HH_002075,Mass Affluent,T2,Southeast,528,1,563000,28,4,Digital,Web,73,false,ADV_0011
HH_002076,Mass Affluent,T2,South,659,2,716500,12,1,Email,Digital Ad,40,true,ADV_0024
HH_002077,Affluent,T3,Northeast,501,1,790000,28,1,Advisor,Referral,80,true,ADV_0110
HH_002078,Affluent,T3,West,819,3,1816300,14,3,Advisor,Referral,65,true,ADV_0115
HH_002079,High Net Worth,T4,Midwest,602,2,7544000,12,1,Advisor,Digital Ad,23,true,ADV_0055
HH_002080,Mass Affluent,T2,Southeast,560,1,355500,6,1,Direct Mail,Referral,81,true,ADV_0032
HH_002081,Mass Market,T1,South,635,2,222400,11,1,Phone,Web,64,true,ADV_0011
HH_002082,Mass Affluent,T2,Northeast,511,2,464500,28,1,Advisor,Web,50,false,ADV_0026
HH_002083,Affluent,T3,Midwest,510,2,1783800,13,5,Phone,Web,26,true,ADV_0111
HH_002084,Mass Affluent,T2,Southeast,528,2,417000,14,1,Phone,Seminar,61,true,ADV_0093
HH_002085,Mass Market,T1,South,659,3,64800,27,2,Phone,Web,58,true,ADV_0033
HH_002086,Mass Affluent,T2,Midwest,609,2,312000,11,4,Digital,Referral,24,true,ADV_0046
HH_002087,Mass Market,T1,Southeast,528,3,97600,9,4,Email,Seminar,43,false,ADV_0044
HH_002088,Mass Market,T1,Midwest,510,2,142800,21,6,Phone,Referral,59,true,ADV_0030
HH_002089,Affluent,T3,South,659,2,980000,9,3,Email,Advisor Prospecting,41,true,ADV_0056
HH_002090,Mass Affluent,T2,Northeast,504,2,618000,25,1,Advisor,Web,57,true,ADV_0066
HH_002091,Mass Affluent,T2,Midwest,510,2,346500,4,6,Email,Digital Ad,41,true,ADV_0118
HH_002092,Mass Market,T1,West,807,2,220600,23,5,Advisor,Web,72,true,ADV_0107
HH_002093,Mass Affluent,T2,Southeast,528,3,569000,10,4,Phone,Web,60,false,ADV_0029
HH_002094,Mass Market,T1,Northeast,501,2,160800,6,5,Direct Mail,Web,51,true,ADV_0017
HH_002095,Affluent,T3,South,659,3,893800,17,2,Digital,Advisor Prospecting,76,true,ADV_0045
HH_002096,Affluent,T3,Northeast,501,1,1460000,14,1,Direct Mail,Referral,46,true,ADV_0030
HH_002097,Mass Affluent,T2,Southeast,528,1,689000,5,2,Direct Mail,Advisor Prospecting,87,false,ADV_0006
HH_002098,Affluent,T3,Northeast,504,2,1683800,16,4,Direct Mail,Digital Ad,72,true,ADV_0037
HH_002099,Mass Affluent,T2,West,753,1,745000,24,5,Direct Mail,Advisor Prospecting,5,false,ADV_0026
HH_002100,Mass Affluent,T2,Southeast,528,2,438500,11,1,Digital,Advisor Prospecting,42,true,ADV_0001
HH_002101,Mass Market,T1,Midwest,616,2,129000,17,4,Direct Mail,Web,44,true,ADV_0058
HH_002102,High Net Worth,T4,West,819,1,7704000,19,2,Direct Mail,Advisor Prospecting,89,true,ADV_0022
HH_002103,Mass Market,T1,Midwest,616,2,68000,25,3,Advisor,Referral,65,false,ADV_0069
HH_002104,Affluent,T3,Midwest,617,1,1932500,13,3,Advisor,Web,3,true,ADV_0043
HH_002105,High Net Worth,T4,South,659,2,4000000,25,4,Advisor,Referral,80,true,ADV_0075
HH_002106,Mass Market,T1,Southeast,524,2,228000,21,5,Direct Mail,Seminar,53,true,ADV_0051
HH_002107,Affluent,T3,Midwest,602,1,845000,10,5,Advisor,Advisor Prospecting,42,true,ADV_0085
HH_002108,Mass Affluent,T2,South,659,2,587500,28,3,Phone,Digital Ad,18,true,ADV_0052
HH_002109,Affluent,T3,West,819,2,1428800,4,6,Digital,Digital Ad,39,true,ADV_0047
HH_002110,Mass Market,T1,Midwest,510,2,93200,6,2,Email,Digital Ad,31,false,ADV_0050
HH_002111,Mass Market,T1,Midwest,510,3,239200,14,1,Advisor,Seminar,47,true,ADV_0027
HH_002112,Affluent,T3,Northeast,511,2,1985000,21,3,Direct Mail,Web,87,true,ADV_0038
HH_002113,Affluent,T3,Northeast,511,2,1538800,3,2,Direct Mail,Web,74,true,ADV_0032
HH_002114,Affluent,T3,Northeast,511,1,992500,10,2,Email,Seminar,92,true,ADV_0023
HH_002115,Mass Affluent,T2,Midwest,505,1,686000,8,6,Direct Mail,Web,54,true,ADV_0098
HH_002116,Mass Market,T1,Northeast,504,1,111000,12,1,Advisor,Digital Ad,54,false,ADV_0018
HH_002117,Affluent,T3,Southeast,528,2,1460000,19,6,Advisor,Advisor Prospecting,45,false,ADV_0099
HH_002118,Affluent,T3,Midwest,617,2,1950000,7,5,Phone,Seminar,60,true,ADV_0033
HH_002119,Mass Market,T1,Midwest,510,1,139600,21,1,Phone,Web,81,true,ADV_0076
HH_002120,Mass Affluent,T2,West,753,2,608000,10,5,Direct Mail,Web,63,true,ADV_0082
HH_002121,Affluent,T3,West,753,1,1700000,4,4,Direct Mail,Advisor Prospecting,5,true,ADV_0072
HH_002122,Mass Affluent,T2,Midwest,510,2,598500,23,6,Phone,Digital Ad,8,true,ADV_0103
HH_002123,Mass Affluent,T2,Northeast,511,2,742500,27,1,Direct Mail,Seminar,67,true,ADV_0107
HH_002124,Affluent,T3,Midwest,609,3,1690000,22,1,Advisor,Referral,56,true,ADV_0036
HH_002125,Affluent,T3,Midwest,510,2,1780000,27,1,Email,Seminar,44,true,ADV_0082
HH_002126,High Net Worth,T4,South,641,2,3272000,30,5,Email,Advisor Prospecting,81,true,ADV_0092
HH_002127,Mass Market,T1,South,659,2,248800,21,5,Email,Web,56,true,ADV_0037
HH_002128,Mass Affluent,T2,Midwest,602,1,636500,4,3,Phone,Referral,72,true,ADV_0091
HH_002129,Mass Affluent,T2,Southeast,528,3,364500,19,4,Email,Seminar,56,true,ADV_0107
HH_002130,Mass Market,T1,Midwest,527,2,64600,6,3,Digital,Seminar,46,true,ADV_0049
HH_002131,Affluent,T3,Midwest,617,2,788800,8,1,Advisor,Digital Ad,78,true,ADV_0038
HH_002132,Affluent,T3,Northeast,511,2,1065000,3,2,Phone,Advisor Prospecting,37,false,ADV_0016
HH_002133,Mass Market,T1,Midwest,617,1,51200,13,1,Phone,Seminar,33,true,ADV_0016
HH_002134,Affluent,T3,Midwest,602,2,833800,13,3,Advisor,Seminar,27,true,ADV_0090
HH_002135,Mass Affluent,T2,Northeast,511,3,286000,23,1,Phone,Referral,77,true,ADV_0102
HH_002136,Affluent,T3,West,807,2,767500,16,5,Direct Mail,Digital Ad,25,true,ADV_0060
HH_002137,Mass Market,T1,West,819,2,174600,23,2,Email,Digital Ad,42,false,ADV_0117
HH_002138,Affluent,T3,South,635,2,1743800,6,1,Direct Mail,Web,6,true,ADV_0107
HH_002139,Mass Affluent,T2,South,659,2,310000,30,6,Email,Advisor Prospecting,67,false,ADV_0003
HH_002140,Affluent,T3,Midwest,617,1,826300,8,5,Digital,Referral,82,true,ADV_0092
HH_002141,Mass Market,T1,Northeast,511,1,154400,12,5,Direct Mail,Seminar,85,true,ADV_0115
HH_002142,Affluent,T3,Northeast,501,1,1725000,24,6,Digital,Seminar,52,false,ADV_0001
HH_002143,Mass Affluent,T2,South,641,2,576500,11,5,Email,Web,27,false,ADV_0046
HH_002144,Mass Affluent,T2,Northeast,506,3,557500,12,5,Phone,Seminar,49,true,ADV_0118
HH_002145,Mass Market,T1,Midwest,602,2,171800,7,4,Email,Referral,54,true,ADV_0045
HH_002146,Mass Market,T1,Northeast,511,1,211000,13,1,Phone,Advisor Prospecting,74,true,ADV_0071
HH_002147,Mass Market,T1,Northeast,501,1,239200,13,5,Direct Mail,Web,97,true,ADV_0025
HH_002148,Mass Affluent,T2,Midwest,510,2,276500,5,6,Direct Mail,Advisor Prospecting,69,true,ADV_0039
HH_002149,Mass Affluent,T2,Midwest,617,2,301500,24,6,Phone,Seminar,19,true,ADV_0090
HH_002150,Mass Market,T1,Midwest,616,3,141200,23,1,Digital,Referral,63,true,ADV_0079
HH_002151,Mass Affluent,T2,Midwest,609,2,265500,8,6,Phone,Advisor Prospecting,82,true,ADV_0095
HH_002152,Mass Affluent,T2,Midwest,527,2,600000,12,1,Direct Mail,Advisor Prospecting,77,true,ADV_0018
HH_002153,Mass Market,T1,Northeast,512,1,141800,17,5,Direct Mail,Web,41,true,ADV_0111
HH_002154,Mass Affluent,T2,West,753,2,275500,2,6,Digital,Web,65,false,ADV_0043
HH_002155,Mass Affluent,T2,Midwest,510,2,546500,8,5,Digital,Referral,93,true,ADV_0035
HH_002156,Mass Market,T1,Northeast,511,2,53200,5,4,Email,Referral,66,true,ADV_0055
HH_002157,Mass Affluent,T2,Northeast,504,1,542500,14,3,Phone,Web,51,true,ADV_0071
HH_002158,Affluent,T3,Northeast,501,1,1215000,18,6,Advisor,Advisor Prospecting,22,true,ADV_0079
HH_002159,Affluent,T3,Southeast,528,2,1963800,21,6,Direct Mail,Web,61,true,ADV_0042
HH_002160,Mass Affluent,T2,Midwest,510,2,493000,15,5,Direct Mail,Referral,61,true,ADV_0083
HH_002161,Mass Market,T1,Northeast,512,2,132000,29,6,Digital,Referral,50,true,ADV_0083
HH_002162,Mass Affluent,T2,Northeast,511,3,550000,11,6,Email,Digital Ad,65,true,ADV_0079
HH_002163,Mass Market,T1,Southeast,560,2,187600,10,4,Digital,Referral,64,true,ADV_0071
HH_002164,Affluent,T3,South,623,1,1032500,29,4,Digital,Seminar,13,true,ADV_0111
HH_002165,Mass Market,T1,Northeast,511,1,149600,22,2,Direct Mail,Web,92,true,ADV_0018
HH_002166,Mass Affluent,T2,Midwest,617,1,370500,7,2,Direct Mail,Referral,78,true,ADV_0074
HH_002167,Mass Market,T1,Midwest,616,2,244800,18,2,Digital,Referral,15,true,ADV_0093
HH_002168,Mass Market,T1,Midwest,617,2,180800,3,2,Email,Referral,79,false,ADV_0093
HH_002169,Affluent,T3,West,753,2,1671300,25,5,Digital,Advisor Prospecting,48,true,ADV_0005
HH_002170,Mass Affluent,T2,South,659,3,338500,16,5,Email,Advisor Prospecting,61,true,ADV_0087
HH_002171,Affluent,T3,West,753,2,1415000,23,1,Phone,Referral,41,true,ADV_0107
HH_002172,Mass Market,T1,Northeast,506,1,220600,13,1,Digital,Web,74,true,ADV_0093
HH_002173,Mass Market,T1,Northeast,511,1,128600,10,2,Digital,Seminar,65,false,ADV_0051
HH_002174,Mass Affluent,T2,Northeast,511,1,376500,6,1,Email,Web,76,true,ADV_0043
HH_002175,Mass Affluent,T2,West,753,1,551500,10,6,Email,Digital Ad,3,true,ADV_0104
HH_002176,Mass Market,T1,Midwest,602,3,61800,29,6,Digital,Web,47,true,ADV_0079
HH_002177,High Net Worth,T4,Southeast,528,1,9160000,15,1,Phone,Web,19,true,ADV_0082
HH_002178,Mass Affluent,T2,South,635,2,598500,26,5,Email,Referral,44,true,ADV_0046
HH_002179,Mass Market,T1,South,659,1,72000,21,4,Direct Mail,Web,2,false,ADV_0116
HH_002180,Mass Market,T1,West,807,1,112200,7,6,Direct Mail,Seminar,46,true,ADV_0008
HH_002181,Mass Affluent,T2,West,819,1,410000,8,4,Phone,Referral,85,true,ADV_0061
HH_002182,Mass Affluent,T2,Northeast,504,1,624000,13,6,Phone,Digital Ad,44,false,ADV_0001
HH_002183,Mass Market,T1,Southeast,560,1,68200,10,1,Advisor,Seminar,22,true,ADV_0120
HH_002184,Mass Market,T1,West,803,2,58200,21,3,Advisor,Seminar,64,true,ADV_0041
HH_002185,Mass Market,T1,Midwest,617,2,90000,9,5,Digital,Advisor Prospecting,39,true,ADV_0002
HH_002186,Mass Market,T1,Northeast,501,2,132400,18,6,Email,Referral,59,false,ADV_0100
HH_002187,Mass Affluent,T2,Northeast,511,2,355000,4,2,Email,Digital Ad,60,true,ADV_0109
HH_002188,Mass Affluent,T2,Midwest,617,1,340500,1,4,Digital,Web,86,true,ADV_0022
HH_002189,Mass Affluent,T2,Midwest,602,2,339000,5,4,Digital,Referral,49,false,ADV_0058
HH_002190,Mass Market,T1,South,659,2,169400,6,4,Advisor,Advisor Prospecting,31,true,ADV_0116
HH_002191,Affluent,T3,Midwest,617,2,1646300,9,6,Digital,Advisor Prospecting,37,true,ADV_0115
HH_002192,Mass Market,T1,West,819,2,131200,15,2,Advisor,Referral,57,true,ADV_0044
HH_002193,Mass Affluent,T2,South,641,2,746000,10,6,Phone,Digital Ad,49,true,ADV_0022
HH_002194,Affluent,T3,West,807,2,1710000,10,5,Direct Mail,Seminar,57,true,ADV_0111
HH_002195,Mass Affluent,T2,Northeast,511,3,725500,7,1,Advisor,Web,34,true,ADV_0040
HH_002196,Mass Market,T1,Midwest,609,2,198600,1,1,Digital,Referral,58,true,ADV_0002
HH_002197,Mass Affluent,T2,Northeast,512,1,367000,24,6,Phone,Digital Ad,36,true,ADV_0023
HH_002198,Mass Affluent,T2,West,819,3,555000,13,3,Email,Referral,14,true,ADV_0048
HH_002199,Mass Market,T1,South,659,1,147400,21,2,Email,Advisor Prospecting,17,false,ADV_0072
HH_002200,Mass Affluent,T2,Midwest,616,1,705000,6,2,Phone,Seminar,22,true,ADV_0010
HH_002201,Mass Market,T1,West,803,1,108400,4,5,Email,Advisor Prospecting,95,true,ADV_0016
HH_002202,Mass Affluent,T2,Midwest,527,1,657500,28,1,Digital,Advisor Prospecting,72,true,ADV_0089
HH_002203,Affluent,T3,South,623,1,1362500,7,2,Phone,Web,55,true,ADV_0036
HH_002204,Mass Affluent,T2,Northeast,511,1,568000,29,6,Direct Mail,Referral,4,true,ADV_0058
HH_002205,Mass Affluent,T2,West,819,1,282500,17,2,Digital,Seminar,42,true,ADV_0112
HH_002206,Affluent,T3,West,819,2,1332500,4,3,Advisor,Seminar,69,true,ADV_0040
HH_002207,Mass Affluent,T2,Southeast,528,2,362500,12,5,Direct Mail,Web,50,true,ADV_0106
HH_002208,Mass Affluent,T2,West,753,1,389000,3,4,Advisor,Advisor Prospecting,32,true,ADV_0073
HH_002209,Mass Affluent,T2,Midwest,510,2,372500,4,1,Email,Digital Ad,70,true,ADV_0105
HH_002210,Mass Affluent,T2,Midwest,510,2,465000,11,3,Email,Web,77,true,ADV_0065
HH_002211,Mass Affluent,T2,Southeast,528,2,569000,9,1,Advisor,Referral,58,false,ADV_0111
HH_002212,Affluent,T3,Midwest,527,1,1698800,28,5,Email,Referral,58,true,ADV_0032
HH_002213,Mass Market,T1,South,659,1,158400,30,6,Digital,Seminar,83,true,ADV_0029
HH_002214,Mass Affluent,T2,Midwest,527,2,604000,27,6,Phone,Web,63,false,ADV_0064
HH_002215,Mass Affluent,T2,Midwest,602,2,371500,30,4,Email,Seminar,55,true,ADV_0061
HH_002216,Mass Market,T1,South,623,2,120200,29,3,Advisor,Digital Ad,39,false,ADV_0058
HH_002217,Mass Affluent,T2,Northeast,504,2,711500,29,6,Digital,Digital Ad,16,true,ADV_0022
HH_002218,Mass Market,T1,South,659,3,130800,14,4,Digital,Advisor Prospecting,35,false,ADV_0023
HH_002219,Mass Market,T1,Southeast,560,2,55600,7,2,Email,Referral,30,false,ADV_0060
HH_002220,Affluent,T3,South,641,1,1025000,19,5,Advisor,Referral,75,false,ADV_0078
HH_002221,Affluent,T3,Northeast,501,2,1410000,21,3,Digital,Digital Ad,14,true,ADV_0089
HH_002222,Mass Affluent,T2,Northeast,511,2,383000,5,3,Advisor,Advisor Prospecting,75,true,ADV_0075
HH_002223,Mass Affluent,T2,Midwest,617,2,468500,19,5,Email,Web,31,true,ADV_0069
HH_002224,Mass Market,T1,Northeast,512,2,138800,11,4,Direct Mail,Referral,54,false,ADV_0068
HH_002225,Mass Market,T1,Midwest,510,2,144000,13,6,Advisor,Web,75,true,ADV_0010
HH_002226,Mass Market,T1,Northeast,511,2,130400,15,3,Email,Seminar,53,true,ADV_0094
HH_002227,Affluent,T3,Midwest,617,2,1137500,17,6,Digital,Referral,29,true,ADV_0017
HH_002228,Mass Market,T1,West,803,1,61800,19,3,Email,Seminar,11,true,ADV_0081
HH_002229,Mass Market,T1,West,807,2,100800,8,5,Digital,Seminar,67,true,ADV_0084
HH_002230,Affluent,T3,Northeast,512,1,843800,2,2,Phone,Seminar,25,true,ADV_0071
HH_002231,Mass Market,T1,Southeast,528,3,174600,12,6,Digital,Advisor Prospecting,73,true,ADV_0025
HH_002232,Mass Market,T1,Midwest,602,3,176800,3,1,Email,Digital Ad,55,false,ADV_0026
HH_002233,Mass Affluent,T2,Midwest,609,2,378500,7,5,Phone,Web,84,true,ADV_0037
HH_002234,Mass Market,T1,Midwest,609,1,54800,3,2,Digital,Digital Ad,58,true,ADV_0019
HH_002235,Mass Market,T1,Southeast,528,2,57000,5,3,Phone,Digital Ad,46,false,ADV_0093
HH_002236,Mass Affluent,T2,Southeast,528,1,532500,4,1,Advisor,Advisor Prospecting,5,true,ADV_0024
HH_002237,Affluent,T3,Midwest,510,1,1180000,17,1,Direct Mail,Web,6,true,ADV_0079
HH_002238,Mass Affluent,T2,Midwest,505,3,350500,2,2,Phone,Seminar,43,true,ADV_0039
HH_002239,Mass Affluent,T2,South,635,2,535000,25,4,Phone,Digital Ad,36,true,ADV_0057
HH_002240,Mass Affluent,T2,Southeast,528,2,295000,15,5,Direct Mail,Web,89,true,ADV_0007
HH_002241,Affluent,T3,Northeast,501,1,1218800,5,1,Direct Mail,Digital Ad,83,true,ADV_0047
HH_002242,Mass Affluent,T2,West,753,2,467000,10,1,Email,Seminar,84,true,ADV_0015
HH_002243,Mass Affluent,T2,Southeast,528,2,715500,12,6,Phone,Referral,75,true,ADV_0007
HH_002244,Mass Affluent,T2,Northeast,504,2,268000,15,4,Digital,Seminar,52,true,ADV_0091
HH_002245,Mass Affluent,T2,Northeast,504,1,453000,19,4,Digital,Advisor Prospecting,10,true,ADV_0061
HH_002246,High Net Worth,T4,South,659,1,7256000,25,3,Email,Advisor Prospecting,27,false,ADV_0107
HH_002247,Affluent,T3,Northeast,511,3,1226300,11,5,Email,Seminar,63,true,ADV_0012
HH_002248,Mass Affluent,T2,Southeast,528,1,395000,14,3,Digital,Digital Ad,73,true,ADV_0052
HH_002249,Mass Affluent,T2,Northeast,504,3,607000,23,5,Advisor,Digital Ad,74,false,ADV_0082
HH_002250,High Net Worth,T4,Northeast,511,2,2048000,4,1,Advisor,Referral,60,true,ADV_0078
HH_002251,Affluent,T3,West,753,2,870000,18,2,Phone,Digital Ad,48,true,ADV_0072
HH_002252,Mass Affluent,T2,Northeast,501,2,556000,2,2,Digital,Referral,35,true,ADV_0106
HH_002253,High Net Worth,T4,West,807,1,6008000,4,1,Email,Web,7,true,ADV_0078
HH_002254,Mass Affluent,T2,South,623,3,623000,10,5,Phone,Advisor Prospecting,67,true,ADV_0009
HH_002255,Mass Affluent,T2,Midwest,616,2,268000,16,1,Digital,Digital Ad,32,true,ADV_0089
HH_002256,Mass Market,T1,West,753,1,74400,11,4,Digital,Digital Ad,25,true,ADV_0072
HH_002257,Mass Market,T1,Northeast,501,2,226600,8,3,Phone,Advisor Prospecting,61,true,ADV_0053
HH_002258,Mass Affluent,T2,West,803,2,507500,1,2,Phone,Digital Ad,44,true,ADV_0030
HH_002259,Mass Affluent,T2,Midwest,510,3,572000,20,1,Email,Seminar,54,true,ADV_0092
HH_002260,High Net Worth,T4,South,641,1,7072000,8,2,Digital,Web,79,true,ADV_0075
HH_002261,High Net Worth,T4,South,635,2,7208000,6,2,Email,Web,61,true,ADV_0027
HH_002262,Mass Affluent,T2,Midwest,616,1,519500,26,6,Email,Digital Ad,56,true,ADV_0106
HH_002263,Affluent,T3,Midwest,616,1,1072500,24,1,Digital,Seminar,53,true,ADV_0011
HH_002264,Mass Market,T1,Midwest,602,2,163200,3,2,Phone,Digital Ad,87,false,ADV_0007
HH_002265,Mass Market,T1,Southeast,528,3,122000,21,4,Direct Mail,Referral,37,true,ADV_0048
HH_002266,Mass Market,T1,Midwest,510,2,51800,23,3,Phone,Digital Ad,68,true,ADV_0006
HH_002267,Affluent,T3,Midwest,609,2,1886300,16,5,Digital,Web,49,true,ADV_0063
HH_002268,Mass Affluent,T2,West,819,1,482500,21,3,Phone,Digital Ad,79,true,ADV_0030
HH_002269,Mass Affluent,T2,Northeast,501,1,650000,15,6,Advisor,Advisor Prospecting,91,true,ADV_0059
HH_002270,Mass Market,T1,Northeast,501,2,108000,17,5,Email,Seminar,58,true,ADV_0102
HH_002271,Mass Market,T1,Northeast,504,1,227800,7,6,Digital,Referral,42,true,ADV_0044
HH_002272,Mass Market,T1,Midwest,602,1,80000,9,5,Phone,Referral,94,true,ADV_0044
HH_002273,Mass Affluent,T2,West,807,2,567500,29,6,Email,Advisor Prospecting,26,true,ADV_0046
HH_002274,Mass Affluent,T2,Southeast,560,2,662000,24,3,Phone,Web,35,true,ADV_0065
HH_002275,Mass Affluent,T2,Northeast,501,3,334500,30,3,Email,Digital Ad,58,true,ADV_0002
HH_002276,Affluent,T3,Northeast,511,3,1953800,21,3,Advisor,Digital Ad,80,true,ADV_0044
HH_002277,Mass Affluent,T2,West,753,1,535500,27,5,Phone,Referral,80,true,ADV_0057
HH_002278,Mass Affluent,T2,West,807,1,289500,14,1,Digital,Seminar,76,true,ADV_0002
HH_002279,Affluent,T3,Midwest,617,2,891300,22,3,Email,Digital Ad,53,true,ADV_0032
HH_002280,Affluent,T3,West,807,1,1897500,4,3,Advisor,Digital Ad,48,true,ADV_0088
HH_002281,Mass Market,T1,Midwest,602,2,126800,1,6,Advisor,Referral,48,false,ADV_0025
HH_002282,Affluent,T3,West,819,1,820000,23,3,Email,Digital Ad,41,true,ADV_0064
HH_002283,Mass Affluent,T2,Midwest,602,1,508500,23,6,Email,Referral,4,true,ADV_0034
HH_002284,Mass Affluent,T2,Midwest,602,2,555000,27,6,Direct Mail,Advisor Prospecting,56,true,ADV_0105
HH_002285,Mass Market,T1,Northeast,501,3,106200,6,3,Phone,Seminar,78,true,ADV_0017
HH_002286,Mass Market,T1,South,641,2,176000,17,1,Phone,Advisor Prospecting,64,true,ADV_0110
HH_002287,Mass Market,T1,Northeast,511,2,209600,2,5,Advisor,Digital Ad,59,true,ADV_0024
HH_002288,Affluent,T3,South,659,2,1666300,7,2,Phone,Advisor Prospecting,20,true,ADV_0027
HH_002289,Mass Market,T1,Northeast,504,1,60000,30,1,Advisor,Seminar,92,true,ADV_0063
HH_002290,Mass Affluent,T2,Northeast,501,1,427500,30,5,Direct Mail,Web,55,true,ADV_0038
HH_002291,Affluent,T3,Northeast,512,1,1281300,18,1,Email,Referral,88,true,ADV_0114
HH_002292,Affluent,T3,Midwest,616,1,1421300,19,6,Advisor,Referral,79,true,ADV_0059
HH_002293,Mass Market,T1,Northeast,501,1,212000,20,6,Advisor,Referral,57,true,ADV_0044
HH_002294,Mass Affluent,T2,Midwest,602,1,378500,9,2,Digital,Digital Ad,71,true,ADV_0045
HH_002295,Mass Affluent,T2,Northeast,501,3,263000,12,2,Email,Referral,11,true,ADV_0045
HH_002296,Mass Affluent,T2,South,635,2,720000,29,4,Digital,Web,30,true,ADV_0019
HH_002297,Mass Market,T1,Northeast,512,2,144200,18,3,Direct Mail,Advisor Prospecting,82,true,ADV_0042
HH_002298,Affluent,T3,Midwest,510,3,1273800,18,6,Digital,Referral,40,true,ADV_0106
HH_002299,Mass Affluent,T2,Midwest,527,1,688500,28,3,Digital,Referral,47,true,ADV_0073
HH_002300,Mass Affluent,T2,Northeast,501,1,714500,2,5,Phone,Digital Ad,75,false,ADV_0022
HH_002301,Mass Affluent,T2,Midwest,510,1,462000,9,5,Advisor,Digital Ad,82,true,ADV_0091
HH_002302,Mass Affluent,T2,West,819,2,563500,12,4,Advisor,Digital Ad,58,false,ADV_0047
HH_002303,Mass Affluent,T2,Midwest,510,1,427500,4,3,Advisor,Referral,70,true,ADV_0074
HH_002304,Affluent,T3,South,641,2,1691300,13,5,Digital,Advisor Prospecting,43,true,ADV_0060
HH_002305,Mass Market,T1,Southeast,528,2,161200,12,2,Advisor,Seminar,51,false,ADV_0014
HH_002306,Mass Market,T1,Northeast,504,3,205600,22,1,Digital,Referral,48,false,ADV_0034
HH_002307,Mass Affluent,T2,Northeast,501,1,373000,30,5,Direct Mail,Web,12,false,ADV_0042
HH_002308,Mass Market,T1,Northeast,501,2,190200,25,1,Phone,Digital Ad,25,true,ADV_0034
HH_002309,Mass Market,T1,Midwest,616,1,207800,28,4,Direct Mail,Digital Ad,84,true,ADV_0028
HH_002310,Mass Affluent,T2,Midwest,510,1,264500,16,1,Digital,Referral,69,false,ADV_0051
HH_002311,Mass Market,T1,Southeast,524,2,246400,27,3,Direct Mail,Advisor Prospecting,71,true,ADV_0114
HH_002312,Affluent,T3,West,807,1,1568800,29,5,Digital,Seminar,51,false,ADV_0116
HH_002313,Mass Market,T1,South,659,1,207400,15,6,Phone,Seminar,91,true,ADV_0069
HH_002314,Mass Market,T1,Midwest,609,2,126800,14,4,Email,Referral,19,false,ADV_0116
HH_002315,Mass Affluent,T2,West,819,2,264500,26,4,Phone,Digital Ad,70,true,ADV_0040
HH_002316,Mass Market,T1,Southeast,528,2,152800,29,1,Email,Digital Ad,63,true,ADV_0021
HH_002317,Mass Affluent,T2,West,807,3,533000,1,4,Advisor,Seminar,61,true,ADV_0035
HH_002318,Mass Affluent,T2,Midwest,527,1,661000,11,1,Advisor,Digital Ad,31,false,ADV_0089
HH_002319,Affluent,T3,Northeast,511,1,1400000,29,6,Email,Digital Ad,45,true,ADV_0085
HH_002320,Mass Market,T1,West,807,3,109200,19,3,Phone,Digital Ad,52,true,ADV_0011
HH_002321,Mass Market,T1,Northeast,511,2,74000,28,2,Phone,Web,83,true,ADV_0041
HH_002322,High Net Worth,T4,Northeast,511,2,6688000,27,3,Phone,Referral,77,true,ADV_0084
HH_002323,Mass Market,T1,Midwest,510,1,76400,1,2,Advisor,Referral,28,true,ADV_0085
HH_002324,Mass Market,T1,Southeast,524,2,154800,7,2,Phone,Web,56,true,ADV_0085
HH_002325,Mass Affluent,T2,South,623,2,692500,9,6,Phone,Seminar,23,false,ADV_0045
HH_002326,Mass Affluent,T2,Midwest,527,2,309500,12,5,Email,Referral,67,false,ADV_0005
HH_002327,Mass Affluent,T2,Midwest,510,2,568500,1,4,Email,Advisor Prospecting,46,true,ADV_0107
HH_002328,Mass Market,T1,Southeast,560,1,154000,17,6,Direct Mail,Digital Ad,41,true,ADV_0034
HH_002329,Mass Market,T1,Midwest,616,1,95200,22,3,Phone,Advisor Prospecting,65,true,ADV_0068
HH_002330,Mass Market,T1,Midwest,616,1,115200,9,3,Digital,Referral,18,true,ADV_0064
HH_002331,Mass Market,T1,Northeast,501,1,67800,10,3,Phone,Digital Ad,91,true,ADV_0080
HH_002332,Affluent,T3,West,819,1,1755000,15,6,Phone,Digital Ad,73,true,ADV_0093
HH_002333,Mass Market,T1,Midwest,617,2,52000,3,4,Digital,Digital Ad,73,true,ADV_0016
HH_002334,Mass Market,T1,Northeast,511,2,161000,29,4,Digital,Referral,32,false,ADV_0077
HH_002335,Mass Market,T1,Southeast,528,1,139600,3,6,Digital,Referral,38,true,ADV_0020
HH_002336,Mass Market,T1,Southeast,560,2,204000,12,6,Email,Seminar,40,false,ADV_0031
HH_002337,Mass Affluent,T2,Northeast,504,2,733000,27,4,Digital,Referral,64,true,ADV_0088
HH_002338,Mass Affluent,T2,Northeast,506,1,569000,1,6,Digital,Referral,37,true,ADV_0077
HH_002339,Mass Market,T1,Northeast,512,2,226200,21,6,Direct Mail,Referral,36,true,ADV_0049
HH_002340,Mass Market,T1,Northeast,511,2,95400,29,5,Advisor,Digital Ad,3,true,ADV_0017
HH_002341,Mass Affluent,T2,West,803,1,436000,28,2,Phone,Referral,20,true,ADV_0085
HH_002342,Mass Affluent,T2,Midwest,527,1,429000,18,5,Phone,Seminar,46,true,ADV_0120
HH_002343,Mass Market,T1,Midwest,510,2,52200,12,5,Direct Mail,Advisor Prospecting,62,true,ADV_0007
HH_002344,Mass Affluent,T2,Northeast,504,1,662500,17,6,Direct Mail,Referral,40,true,ADV_0034
HH_002345,Mass Market,T1,Northeast,501,2,78600,15,4,Direct Mail,Referral,46,true,ADV_0089
HH_002346,Mass Affluent,T2,Southeast,528,3,338500,14,6,Phone,Web,47,true,ADV_0105
HH_002347,Mass Market,T1,South,641,2,77800,25,5,Phone,Referral,72,true,ADV_0077
HH_002348,Mass Market,T1,Midwest,602,2,163200,12,1,Phone,Advisor Prospecting,71,false,ADV_0027
HH_002349,Mass Affluent,T2,Midwest,505,1,368500,14,6,Email,Seminar,52,true,ADV_0094
HH_002350,Mass Affluent,T2,Southeast,560,1,425000,20,6,Direct Mail,Digital Ad,36,true,ADV_0050
HH_002351,Mass Affluent,T2,Midwest,510,2,624500,16,6,Digital,Seminar,51,true,ADV_0007
HH_002352,Mass Affluent,T2,Northeast,512,2,363000,17,5,Phone,Digital Ad,45,false,ADV_0092
HH_002353,Mass Market,T1,Northeast,512,2,221400,10,4,Advisor,Seminar,16,true,ADV_0076
HH_002354,Affluent,T3,Northeast,511,2,1757500,13,4,Phone,Web,44,true,ADV_0112
HH_002355,Mass Affluent,T2,South,659,2,413500,2,5,Digital,Referral,66,true,ADV_0070
HH_002356,Mass Affluent,T2,Northeast,511,1,472000,30,2,Email,Advisor Prospecting,24,false,ADV_0011
HH_002357,Mass Affluent,T2,West,753,2,445500,20,4,Direct Mail,Referral,48,true,ADV_0020
HH_002358,Affluent,T3,Midwest,510,1,1375000,8,4,Phone,Advisor Prospecting,51,false,ADV_0088
HH_002359,Mass Market,T1,West,803,3,111400,28,3,Advisor,Seminar,41,false,ADV_0041
HH_002360,Affluent,T3,Midwest,527,3,983800,25,3,Advisor,Advisor Prospecting,49,true,ADV_0042
HH_002361,Affluent,T3,Midwest,609,1,1315000,7,6,Email,Advisor Prospecting,51,true,ADV_0061
HH_002362,Affluent,T3,Midwest,616,2,1246300,3,4,Direct Mail,Seminar,69,true,ADV_0104
HH_002363,Mass Market,T1,West,803,1,247400,1,2,Email,Advisor Prospecting,4,false,ADV_0034
HH_002364,Mass Affluent,T2,South,659,2,453500,5,1,Advisor,Seminar,53,true,ADV_0099
HH_002365,Affluent,T3,South,635,2,1716300,26,4,Direct Mail,Digital Ad,61,true,ADV_0052
HH_002366,Mass Affluent,T2,Southeast,560,1,538000,23,3,Advisor,Digital Ad,51,true,ADV_0105
HH_002367,High Net Worth,T4,Northeast,501,1,8144000,17,3,Advisor,Digital Ad,41,true,ADV_0013
HH_002368,Mass Market,T1,Midwest,527,2,58600,25,5,Direct Mail,Digital Ad,51,true,ADV_0112
HH_002369,Mass Affluent,T2,Southeast,528,2,611500,9,4,Direct Mail,Web,37,true,ADV_0107
HH_002370,Mass Market,T1,Southeast,528,1,78400,12,3,Direct Mail,Seminar,85,true,ADV_0078
HH_002371,Affluent,T3,South,659,1,962500,25,4,Direct Mail,Advisor Prospecting,86,true,ADV_0077
HH_002372,Mass Affluent,T2,Southeast,528,2,503000,9,3,Direct Mail,Digital Ad,69,true,ADV_0111
HH_002373,Mass Affluent,T2,Northeast,501,3,426000,17,4,Direct Mail,Web,44,false,ADV_0004
HH_002374,Mass Affluent,T2,Northeast,501,2,455000,28,4,Advisor,Digital Ad,25,true,ADV_0050
HH_002375,Mass Market,T1,Northeast,511,2,173200,23,3,Advisor,Web,39,true,ADV_0005
HH_002376,Mass Affluent,T2,Midwest,609,2,276000,28,2,Digital,Referral,31,true,ADV_0110
HH_002377,Affluent,T3,Northeast,511,1,1263800,27,1,Email,Web,58,true,ADV_0066
HH_002378,Mass Market,T1,Midwest,510,1,249200,28,2,Digital,Referral,8,false,ADV_0094
HH_002379,Affluent,T3,Northeast,504,1,787500,19,5,Email,Web,71,true,ADV_0077
HH_002380,Mass Affluent,T2,West,807,3,537500,22,5,Digital,Referral,71,true,ADV_0072
HH_002381,Affluent,T3,Southeast,528,3,1473800,6,1,Advisor,Advisor Prospecting,38,true,ADV_0118
HH_002382,Mass Market,T1,Northeast,504,2,137600,30,3,Advisor,Advisor Prospecting,38,true,ADV_0112
HH_002383,Affluent,T3,Southeast,524,2,1746300,24,1,Advisor,Seminar,47,true,ADV_0020
HH_002384,Mass Market,T1,Midwest,609,1,218800,4,5,Direct Mail,Advisor Prospecting,57,false,ADV_0003
HH_002385,Mass Affluent,T2,Midwest,510,1,603500,7,1,Advisor,Referral,6,true,ADV_0047
HH_002386,Mass Market,T1,Northeast,511,1,128800,5,6,Direct Mail,Web,10,true,ADV_0096
HH_002387,Affluent,T3,Midwest,609,3,1012500,22,1,Digital,Referral,49,false,ADV_0018
HH_002388,Mass Market,T1,West,803,2,162200,18,1,Email,Referral,65,true,ADV_0073
HH_002389,Affluent,T3,Southeast,560,1,815000,23,4,Email,Seminar,78,true,ADV_0017
HH_002390,Mass Market,T1,Northeast,504,1,235200,7,3,Advisor,Referral,55,true,ADV_0058
HH_002391,High Net Worth,T4,Northeast,512,2,2056000,29,1,Digital,Seminar,69,true,ADV_0116
HH_002392,Mass Market,T1,Southeast,528,1,130000,18,4,Email,Referral,22,true,ADV_0057
HH_002393,Mass Affluent,T2,Midwest,616,2,622500,8,6,Email,Web,44,true,ADV_0082
HH_002394,Affluent,T3,Midwest,510,2,1677500,23,6,Advisor,Web,59,true,ADV_0003
HH_002395,Mass Affluent,T2,Midwest,510,2,655500,28,4,Phone,Digital Ad,55,true,ADV_0117
HH_002396,Mass Market,T1,Northeast,511,2,199000,29,2,Digital,Web,15,true,ADV_0070
HH_002397,Affluent,T3,Northeast,511,2,1663800,30,6,Advisor,Digital Ad,41,true,ADV_0094
HH_002398,Affluent,T3,South,635,3,846300,6,6,Digital,Seminar,55,true,ADV_0071
HH_002399,Mass Affluent,T2,Northeast,501,1,652500,23,1,Phone,Advisor Prospecting,63,true,ADV_0081
HH_002400,Mass Affluent,T2,South,623,1,432000,6,5,Email,Web,2,true,ADV_0003
HH_002401,High Net Worth,T4,Midwest,617,1,2416000,14,1,Digital,Web,44,true,ADV_0056
HH_002402,Affluent,T3,West,807,2,1793800,18,6,Digital,Seminar,59,true,ADV_0118
HH_002403,Mass Affluent,T2,Midwest,616,2,602500,6,4,Digital,Digital Ad,78,true,ADV_0051
HH_002404,Mass Affluent,T2,Northeast,501,1,617000,27,5,Advisor,Advisor Prospecting,91,true,ADV_0047
HH_002405,Mass Market,T1,Northeast,501,2,165200,19,5,Direct Mail,Referral,44,true,ADV_0031
HH_002406,Mass Market,T1,Northeast,501,2,77400,6,5,Phone,Referral,69,true,ADV_0105
HH_002407,Mass Market,T1,South,641,2,58600,13,6,Advisor,Digital Ad,36,false,ADV_0099
HH_002408,Mass Market,T1,Southeast,528,1,68800,6,1,Direct Mail,Digital Ad,81,true,ADV_0085
HH_002409,Mass Market,T1,Southeast,560,1,122200,29,5,Digital,Referral,38,true,ADV_0115
HH_002410,Mass Affluent,T2,Southeast,524,1,522000,19,5,Phone,Advisor Prospecting,85,true,ADV_0082
HH_002411,Mass Affluent,T2,Midwest,510,1,701000,9,6,Direct Mail,Digital Ad,20,true,ADV_0065
HH_002412,High Net Worth,T4,Midwest,616,1,8304000,29,3,Digital,Seminar,35,true,ADV_0118
HH_002413,Affluent,T3,Southeast,528,2,1858800,17,3,Direct Mail,Digital Ad,54,false,ADV_0115
HH_002414,Mass Market,T1,Northeast,504,1,200200,12,1,Advisor,Advisor Prospecting,85,true,ADV_0055
HH_002415,Affluent,T3,South,659,2,1707500,25,4,Digital,Web,40,true,ADV_0084
HH_002416,Affluent,T3,West,753,2,1941300,9,3,Digital,Referral,40,true,ADV_0050
HH_002417,Mass Market,T1,Northeast,511,2,139000,20,3,Email,Digital Ad,59,true,ADV_0100
HH_002418,Mass Affluent,T2,Midwest,609,2,437000,18,5,Phone,Seminar,51,false,ADV_0075
HH_002419,Affluent,T3,West,753,2,1172500,14,5,Email,Web,64,true,ADV_0003
HH_002420,Mass Market,T1,South,641,1,117400,17,6,Direct Mail,Digital Ad,44,true,ADV_0108
HH_002421,High Net Worth,T4,Northeast,511,2,2336000,30,4,Advisor,Web,47,true,ADV_0103
HH_002422,High Net Worth,T4,West,753,2,3488000,24,6,Direct Mail,Web,28,true,ADV_0098
HH_002423,Mass Affluent,T2,Northeast,501,3,609500,13,3,Digital,Web,26,true,ADV_0054
HH_002424,High Net Worth,T4,South,659,2,5208000,18,3,Direct Mail,Web,24,true,ADV_0116
HH_002425,Mass Affluent,T2,Northeast,501,1,309000,14,2,Phone,Advisor Prospecting,65,true,ADV_0110
HH_002426,Affluent,T3,Southeast,528,1,955000,2,6,Email,Advisor Prospecting,82,true,ADV_0071
HH_002427,Mass Affluent,T2,Midwest,510,2,551000,29,5,Email,Advisor Prospecting,61,true,ADV_0054
HH_002428,Mass Affluent,T2,Northeast,511,1,348000,3,4,Email,Web,5,true,ADV_0103
HH_002429,Mass Market,T1,Northeast,501,2,225800,3,1,Direct Mail,Advisor Prospecting,28,true,ADV_0012
HH_002430,Affluent,T3,Midwest,609,3,1712500,18,5,Email,Advisor Prospecting,54,false,ADV_0063
HH_002431,Mass Market,T1,Southeast,560,1,233000,2,3,Email,Seminar,33,true,ADV_0030
HH_002432,Mass Market,T1,Midwest,616,1,62400,22,6,Phone,Digital Ad,2,true,ADV_0054
HH_002433,Mass Affluent,T2,West,753,3,640500,13,6,Phone,Referral,49,true,ADV_0088
HH_002434,Mass Affluent,T2,Midwest,617,1,315000,16,5,Digital,Seminar,39,true,ADV_0065
HH_002435,Affluent,T3,Southeast,528,3,1483800,19,6,Direct Mail,Web,39,true,ADV_0031
HH_002436,Mass Affluent,T2,Midwest,527,1,573500,12,1,Phone,Web,87,true,ADV_0005
HH_002437,Mass Affluent,T2,Southeast,560,1,427500,3,2,Phone,Advisor Prospecting,51,true,ADV_0041
HH_002438,Mass Affluent,T2,Northeast,511,1,487000,25,3,Digital,Referral,39,true,ADV_0054
HH_002439,Mass Market,T1,Southeast,524,2,219800,11,5,Digital,Advisor Prospecting,54,true,ADV_0070
HH_002440,Mass Market,T1,Midwest,616,2,233000,20,3,Digital,Web,74,true,ADV_0076
HH_002441,Mass Market,T1,Northeast,511,1,56200,24,6,Email,Web,45,true,ADV_0118
HH_002442,Mass Market,T1,South,635,2,169400,18,2,Phone,Advisor Prospecting,23,true,ADV_0116
HH_002443,Mass Market,T1,Midwest,510,3,113000,7,2,Digital,Seminar,54,true,ADV_0012
HH_002444,Mass Affluent,T2,Northeast,511,2,735500,9,2,Email,Referral,34,true,ADV_0087
HH_002445,Mass Affluent,T2,South,641,1,603500,7,5,Digital,Advisor Prospecting,92,true,ADV_0056
HH_002446,Mass Affluent,T2,Northeast,501,1,450500,26,5,Digital,Digital Ad,2,true,ADV_0050
HH_002447,Mass Market,T1,South,641,2,125200,14,2,Email,Referral,70,true,ADV_0080
HH_002448,Mass Affluent,T2,South,641,2,473500,8,3,Direct Mail,Web,62,true,ADV_0009
HH_002449,Mass Market,T1,Midwest,616,2,175200,24,1,Phone,Seminar,67,true,ADV_0026
HH_002450,Mass Affluent,T2,Midwest,616,1,450000,10,2,Advisor,Advisor Prospecting,94,true,ADV_0056
HH_002451,Mass Affluent,T2,West,803,1,561500,19,5,Phone,Digital Ad,62,true,ADV_0118
HH_002452,Mass Affluent,T2,Southeast,524,1,659500,2,2,Digital,Advisor Prospecting,35,true,ADV_0003
HH_002453,Mass Affluent,T2,South,635,1,448500,8,3,Direct Mail,Seminar,50,false,ADV_0008
HH_002454,Mass Affluent,T2,Northeast,511,3,716000,12,1,Direct Mail,Web,35,false,ADV_0083
HH_002455,Mass Affluent,T2,West,753,1,637500,3,6,Digital,Advisor Prospecting,55,true,ADV_0025
HH_002456,Mass Market,T1,West,803,1,147800,9,1,Digital,Seminar,66,true,ADV_0014
HH_002457,Mass Affluent,T2,Midwest,510,2,611000,2,2,Advisor,Digital Ad,20,true,ADV_0102
HH_002458,Mass Market,T1,Midwest,602,1,161000,2,1,Email,Web,60,false,ADV_0048
HH_002459,Affluent,T3,West,803,2,986300,8,2,Phone,Digital Ad,35,true,ADV_0059
HH_002460,High Net Worth,T4,South,659,1,4216000,18,2,Digital,Digital Ad,6,true,ADV_0060
HH_002461,Mass Affluent,T2,Midwest,510,1,468000,10,5,Advisor,Digital Ad,52,true,ADV_0053
HH_002462,Mass Affluent,T2,Midwest,505,3,548000,5,1,Advisor,Advisor Prospecting,39,true,ADV_0079
HH_002463,Affluent,T3,Southeast,524,1,1127500,9,5,Advisor,Advisor Prospecting,56,true,ADV_0093
HH_002464,Mass Market,T1,Midwest,617,2,148800,22,6,Digital,Referral,26,true,ADV_0113
HH_002465,Mass Market,T1,West,819,1,182600,28,1,Direct Mail,Seminar,49,true,ADV_0087
HH_002466,High Net Worth,T4,Northeast,511,3,5568000,19,6,Digital,Referral,21,true,ADV_0023
HH_002467,High Net Worth,T4,Northeast,501,1,6176000,22,2,Digital,Web,96,true,ADV_0011
HH_002468,Affluent,T3,Northeast,504,1,1225000,8,6,Phone,Digital Ad,66,false,ADV_0073
HH_002469,Mass Market,T1,Northeast,501,3,93600,23,5,Advisor,Referral,48,false,ADV_0057
HH_002470,Mass Market,T1,West,753,2,50000,16,2,Direct Mail,Seminar,93,true,ADV_0095
HH_002471,Affluent,T3,South,623,2,1567500,7,3,Direct Mail,Web,38,true,ADV_0050
HH_002472,Mass Market,T1,South,635,3,145000,7,5,Digital,Seminar,58,true,ADV_0067
HH_002473,Mass Affluent,T2,West,803,1,442000,7,2,Advisor,Seminar,68,false,ADV_0059
HH_002474,Affluent,T3,Midwest,616,1,777500,10,1,Advisor,Digital Ad,70,false,ADV_0056
HH_002475,Mass Affluent,T2,Midwest,616,2,706000,29,6,Phone,Web,72,true,ADV_0025
HH_002476,Mass Affluent,T2,Southeast,524,2,504000,26,4,Direct Mail,Advisor Prospecting,28,true,ADV_0080
HH_002477,Mass Affluent,T2,Midwest,616,3,696500,17,1,Phone,Digital Ad,37,true,ADV_0033
HH_002478,Mass Affluent,T2,Midwest,602,1,520500,2,5,Advisor,Web,76,true,ADV_0080
HH_002479,Mass Affluent,T2,South,635,3,501000,8,1,Digital,Digital Ad,73,false,ADV_0010
HH_002480,Mass Market,T1,Midwest,527,2,180800,28,5,Email,Referral,16,true,ADV_0072
HH_002481,Mass Market,T1,Southeast,528,1,154600,13,4,Email,Digital Ad,89,false,ADV_0031
HH_002482,Affluent,T3,Northeast,511,2,1868800,5,4,Advisor,Referral,39,true,ADV_0077
HH_002483,Mass Market,T1,Northeast,501,2,74600,21,3,Email,Seminar,61,true,ADV_0010
HH_002484,Mass Market,T1,South,659,1,82400,6,3,Email,Web,66,true,ADV_0045
HH_002485,Mass Affluent,T2,Northeast,504,1,437500,2,2,Direct Mail,Digital Ad,17,true,ADV_0105
HH_002486,Mass Affluent,T2,Midwest,609,2,347000,4,4,Email,Web,84,true,ADV_0040
HH_002487,Mass Market,T1,Northeast,511,2,127000,7,5,Direct Mail,Advisor Prospecting,54,true,ADV_0072
HH_002488,Mass Affluent,T2,South,659,2,720500,15,6,Email,Seminar,76,true,ADV_0075
HH_002489,Mass Market,T1,South,641,1,135000,6,6,Phone,Referral,49,true,ADV_0090
HH_002490,Mass Affluent,T2,Midwest,510,2,407000,4,5,Advisor,Web,62,true,ADV_0092
HH_002491,Mass Affluent,T2,Southeast,528,1,454500,18,6,Phone,Advisor Prospecting,60,true,ADV_0005
HH_002492,Mass Affluent,T2,Northeast,501,1,523000,16,5,Email,Web,11,false,ADV_0018
HH_002493,High Net Worth,T4,West,753,1,7816000,4,5,Phone,Digital Ad,22,true,ADV_0063
HH_002494,Mass Market,T1,South,659,2,197000,17,2,Advisor,Seminar,41,true,ADV_0012
HH_002495,Affluent,T3,West,753,1,1165000,18,2,Direct Mail,Seminar,8,false,ADV_0009
HH_002496,Mass Market,T1,Northeast,501,2,123000,11,3,Email,Advisor Prospecting,30,true,ADV_0113
HH_002497,Mass Market,T1,West,819,2,133200,23,2,Email,Digital Ad,67,true,ADV_0081
HH_002498,Mass Market,T1,West,807,2,90400,1,6,Email,Digital Ad,29,true,ADV_0118
HH_002499,Mass Market,T1,West,753,2,58200,18,3,Advisor,Referral,29,true,ADV_0013
HH_002500,High Net Worth,T4,West,819,2,7696000,2,5,Direct Mail,Advisor Prospecting,21,true,ADV_0020
HH_002501,Mass Market,T1,Midwest,609,1,185400,11,2,Direct Mail,Advisor Prospecting,1,false,ADV_0048
HH_002502,Affluent,T3,Northeast,511,2,930000,8,5,Email,Web,46,true,ADV_0005
HH_002503,Affluent,T3,South,623,3,1306300,14,4,Email,Seminar,61,true,ADV_0023
HH_002504,Mass Affluent,T2,Midwest,602,1,529000,22,2,Email,Seminar,19,true,ADV_0048
HH_002505,Affluent,T3,Midwest,510,1,1792500,1,2,Direct Mail,Seminar,57,true,ADV_0087
HH_002506,Mass Affluent,T2,Midwest,510,1,409500,18,3,Advisor,Advisor Prospecting,31,false,ADV_0084
HH_002507,Affluent,T3,Northeast,504,1,1793800,7,6,Email,Digital Ad,80,true,ADV_0016
HH_002508,Ultra HNW,T5,Midwest,510,2,17400000,21,4,Advisor,Web,6,true,ADV_0038
HH_002509,Mass Market,T1,South,641,2,220000,10,5,Advisor,Digital Ad,52,false,ADV_0097
HH_002510,Mass Affluent,T2,Northeast,501,1,653000,28,2,Advisor,Web,44,true,ADV_0118
HH_002511,Affluent,T3,Midwest,617,1,1602500,29,2,Advisor,Digital Ad,69,true,ADV_0080
HH_002512,Mass Market,T1,Midwest,510,2,52200,2,6,Email,Seminar,64,true,ADV_0058
HH_002513,Mass Affluent,T2,Midwest,510,2,501000,5,2,Email,Web,40,true,ADV_0054
HH_002514,Mass Market,T1,Southeast,524,2,69000,17,6,Email,Advisor Prospecting,45,true,ADV_0041
HH_002515,Mass Market,T1,Midwest,510,2,180600,17,4,Advisor,Digital Ad,78,true,ADV_0053
HH_002516,Affluent,T3,Midwest,510,3,1758800,11,4,Digital,Digital Ad,52,true,ADV_0008
HH_002517,Affluent,T3,South,623,2,1721300,9,3,Advisor,Seminar,39,true,ADV_0032
HH_002518,Affluent,T3,Midwest,527,2,1182500,14,1,Email,Seminar,63,true,ADV_0106
HH_002519,Mass Market,T1,West,819,3,87400,3,6,Phone,Referral,57,true,ADV_0052
HH_002520,Mass Affluent,T2,Midwest,510,2,498500,23,2,Digital,Web,45,true,ADV_0033
HH_002521,Affluent,T3,Northeast,504,2,1720000,16,1,Phone,Seminar,68,true,ADV_0028
HH_002522,Affluent,T3,Northeast,501,2,1608800,10,1,Advisor,Advisor Prospecting,28,true,ADV_0058
HH_002523,Affluent,T3,Southeast,528,2,1428800,28,5,Phone,Digital Ad,44,true,ADV_0018
HH_002524,Affluent,T3,Midwest,617,2,1073800,23,6,Digital,Digital Ad,43,false,ADV_0048
HH_002525,High Net Worth,T4,Northeast,512,3,2712000,27,2,Email,Advisor Prospecting,67,true,ADV_0033
HH_002526,Mass Market,T1,West,803,1,109400,20,2,Advisor,Web,62,true,ADV_0010
HH_002527,Mass Market,T1,Northeast,501,2,164000,27,2,Digital,Digital Ad,35,true,ADV_0005
HH_002528,Mass Market,T1,Southeast,528,1,60600,25,5,Advisor,Web,10,true,ADV_0096
HH_002529,Affluent,T3,Southeast,528,2,1625000,14,5,Phone,Referral,38,true,ADV_0066
HH_002530,Affluent,T3,South,623,1,1227500,4,1,Advisor,Web,91,true,ADV_0017
HH_002531,Mass Market,T1,South,635,1,234000,20,5,Phone,Web,68,true,ADV_0079
HH_002532,Affluent,T3,Northeast,512,1,1231300,25,1,Email,Digital Ad,25,false,ADV_0031
HH_002533,Affluent,T3,West,819,2,1943800,8,2,Phone,Digital Ad,32,true,ADV_0076
HH_002534,Mass Affluent,T2,Midwest,505,1,675500,29,5,Digital,Advisor Prospecting,43,true,ADV_0089
HH_002535,Affluent,T3,West,753,1,1660000,4,6,Phone,Advisor Prospecting,6,true,ADV_0055
HH_002536,Mass Affluent,T2,South,659,3,741000,7,2,Direct Mail,Digital Ad,63,true,ADV_0062
HH_002537,Affluent,T3,Southeast,528,2,1536300,29,5,Direct Mail,Digital Ad,34,true,ADV_0078
HH_002538,Mass Market,T1,Northeast,504,2,111800,14,2,Email,Web,84,false,ADV_0059
HH_002539,Affluent,T3,Southeast,528,2,775000,12,4,Digital,Web,55,false,ADV_0039
HH_002540,Mass Market,T1,Northeast,512,2,113600,20,6,Phone,Advisor Prospecting,70,false,ADV_0093
HH_002541,Affluent,T3,Midwest,510,1,1542500,13,3,Advisor,Web,44,true,ADV_0050
HH_002542,Mass Affluent,T2,Northeast,501,2,657500,5,3,Direct Mail,Seminar,23,true,ADV_0063
HH_002543,Mass Affluent,T2,Midwest,616,1,456500,19,3,Direct Mail,Seminar,54,true,ADV_0087
HH_002544,Affluent,T3,Midwest,527,1,991300,18,1,Phone,Digital Ad,71,true,ADV_0048
HH_002545,Affluent,T3,Northeast,511,1,800000,30,5,Digital,Referral,82,true,ADV_0072
HH_002546,Mass Market,T1,Northeast,512,1,99200,27,1,Phone,Referral,62,false,ADV_0050
HH_002547,Mass Market,T1,South,623,2,69800,14,6,Digital,Referral,48,true,ADV_0074
HH_002548,Mass Affluent,T2,South,641,1,418000,17,6,Phone,Seminar,53,false,ADV_0088
HH_002549,Mass Affluent,T2,Northeast,506,1,262500,21,5,Digital,Seminar,28,true,ADV_0063
HH_002550,Affluent,T3,Northeast,504,2,772500,5,5,Advisor,Seminar,65,true,ADV_0034
HH_002551,Mass Affluent,T2,Northeast,506,2,553500,29,6,Digital,Advisor Prospecting,76,true,ADV_0063
HH_002552,Mass Market,T1,West,753,1,156400,21,2,Email,Referral,43,true,ADV_0021
HH_002553,Mass Affluent,T2,Northeast,511,1,422000,14,4,Direct Mail,Advisor Prospecting,81,false,ADV_0003
HH_002554,High Net Worth,T4,Midwest,510,2,5984000,5,1,Phone,Web,24,true,ADV_0012
HH_002555,Mass Market,T1,West,807,2,157400,2,6,Advisor,Web,36,false,ADV_0052
HH_002556,Ultra HNW,T5,Midwest,510,1,22360000,20,2,Direct Mail,Web,93,false,ADV_0019
HH_002557,Mass Market,T1,Northeast,506,1,129400,16,2,Digital,Referral,75,true,ADV_0045
HH_002558,Mass Affluent,T2,Northeast,501,1,436500,15,6,Advisor,Advisor Prospecting,81,false,ADV_0002
HH_002559,Mass Market,T1,Midwest,602,1,62200,25,6,Email,Web,42,true,ADV_0011
HH_002560,Affluent,T3,Midwest,609,1,1220000,6,3,Digital,Seminar,44,true,ADV_0016
HH_002561,Mass Market,T1,South,641,2,213600,10,5,Direct Mail,Digital Ad,80,true,ADV_0117
HH_002562,Mass Affluent,T2,Northeast,511,3,317000,3,3,Phone,Referral,54,true,ADV_0111
HH_002563,Mass Market,T1,Northeast,501,1,126400,8,1,Advisor,Referral,19,false,ADV_0112
HH_002564,Mass Affluent,T2,Southeast,528,2,272500,17,1,Email,Web,37,true,ADV_0056
HH_002565,Mass Market,T1,South,659,2,169000,24,4,Phone,Web,61,true,ADV_0015
HH_002566,Mass Market,T1,Northeast,511,1,93600,25,2,Phone,Web,58,true,ADV_0022
HH_002567,Mass Affluent,T2,West,807,3,541500,21,6,Phone,Referral,42,true,ADV_0092
HH_002568,Mass Market,T1,South,635,1,123200,5,5,Phone,Seminar,93,true,ADV_0078
HH_002569,Mass Market,T1,South,635,2,76400,23,3,Email,Advisor Prospecting,60,true,ADV_0103
HH_002570,Affluent,T3,Southeast,528,2,997500,28,2,Advisor,Digital Ad,21,true,ADV_0086
HH_002571,Mass Affluent,T2,West,807,1,452000,22,5,Phone,Advisor Prospecting,63,true,ADV_0093
HH_002572,Mass Affluent,T2,Midwest,617,1,509000,17,1,Email,Seminar,85,true,ADV_0044
HH_002573,Affluent,T3,Midwest,609,1,1623800,9,4,Email,Web,55,true,ADV_0006
HH_002574,Mass Affluent,T2,Northeast,501,2,445500,19,5,Advisor,Web,48,true,ADV_0043
HH_002575,Mass Affluent,T2,Northeast,511,2,601500,27,1,Phone,Digital Ad,72,true,ADV_0014
HH_002576,Mass Affluent,T2,Northeast,511,1,461500,28,6,Direct Mail,Digital Ad,48,true,ADV_0044
HH_002577,Mass Affluent,T2,West,819,2,564000,21,6,Direct Mail,Advisor Prospecting,67,false,ADV_0075
HH_002578,Mass Affluent,T2,Southeast,560,2,642000,4,2,Advisor,Advisor Prospecting,46,true,ADV_0054
HH_002579,Mass Affluent,T2,West,807,2,569000,4,5,Advisor,Advisor Prospecting,63,true,ADV_0070
HH_002580,Mass Affluent,T2,Southeast,528,1,737500,28,6,Advisor,Referral,72,true,ADV_0056
HH_002581,Affluent,T3,Northeast,512,3,1555000,13,5,Phone,Digital Ad,58,true,ADV_0038
HH_002582,Mass Market,T1,Midwest,602,2,156400,11,6,Advisor,Advisor Prospecting,42,true,ADV_0039
HH_002583,Mass Market,T1,Northeast,501,2,117400,14,5,Direct Mail,Advisor Prospecting,64,true,ADV_0027
HH_002584,Mass Affluent,T2,Northeast,501,2,734000,30,5,Phone,Web,44,true,ADV_0087
HH_002585,High Net Worth,T4,Northeast,511,1,5328000,18,5,Direct Mail,Digital Ad,62,true,ADV_0087
HH_002586,Affluent,T3,Midwest,510,1,1415000,30,3,Email,Web,34,true,ADV_0029
HH_002587,Mass Affluent,T2,West,753,2,310500,14,3,Email,Digital Ad,43,true,ADV_0111
HH_002588,Mass Affluent,T2,Midwest,602,1,252500,18,2,Email,Web,73,true,ADV_0050
HH_002589,Mass Market,T1,Midwest,510,1,55200,10,4,Email,Advisor Prospecting,63,true,ADV_0110
HH_002590,Mass Market,T1,Midwest,527,2,92400,30,2,Digital,Digital Ad,26,true,ADV_0076
HH_002591,Mass Market,T1,West,819,2,80800,2,5,Email,Advisor Prospecting,54,true,ADV_0024
HH_002592,Mass Market,T1,Midwest,602,2,80800,9,6,Email,Digital Ad,44,false,ADV_0051
HH_002593,Mass Affluent,T2,Northeast,511,1,541000,21,6,Email,Digital Ad,48,true,ADV_0115
HH_002594,Mass Affluent,T2,Northeast,511,2,668500,28,3,Digital,Web,36,false,ADV_0083
HH_002595,High Net Worth,T4,Southeast,528,1,7160000,11,2,Phone,Digital Ad,65,true,ADV_0027
HH_002596,Affluent,T3,Midwest,609,2,1342500,26,6,Advisor,Seminar,28,true,ADV_0039
HH_002597,Mass Affluent,T2,South,623,1,266000,18,2,Phone,Seminar,89,true,ADV_0065
HH_002598,Mass Affluent,T2,South,641,3,614500,1,3,Email,Advisor Prospecting,63,true,ADV_0075
HH_002599,Mass Market,T1,West,803,1,210800,10,5,Phone,Advisor Prospecting,49,true,ADV_0024
HH_002600,Affluent,T3,Midwest,510,2,1320000,12,4,Email,Referral,51,false,ADV_0094
HH_002601,Mass Market,T1,West,753,1,91800,21,3,Email,Seminar,65,true,ADV_0034
HH_002602,Mass Market,T1,Midwest,609,2,201400,20,2,Email,Web,77,false,ADV_0045
HH_002603,Mass Affluent,T2,Northeast,511,2,464500,27,3,Advisor,Web,35,true,ADV_0005
HH_002604,Mass Affluent,T2,Southeast,528,2,319000,18,3,Digital,Web,73,true,ADV_0120
HH_002605,Mass Affluent,T2,Northeast,501,2,461000,22,2,Digital,Digital Ad,10,true,ADV_0063
HH_002606,Mass Market,T1,South,623,1,179000,18,5,Phone,Web,60,true,ADV_0023
HH_002607,Mass Market,T1,Northeast,504,1,190200,1,4,Direct Mail,Advisor Prospecting,7,true,ADV_0078
HH_002608,Affluent,T3,Northeast,511,1,1473800,22,2,Direct Mail,Seminar,71,true,ADV_0093
HH_002609,Mass Affluent,T2,Midwest,510,1,309000,11,5,Email,Advisor Prospecting,42,true,ADV_0108
HH_002610,Mass Affluent,T2,Northeast,511,1,464500,29,2,Phone,Web,7,true,ADV_0053
HH_002611,Mass Affluent,T2,Midwest,616,1,558500,23,6,Email,Referral,40,true,ADV_0027
HH_002612,Affluent,T3,Midwest,602,2,932500,5,1,Phone,Digital Ad,52,true,ADV_0082
HH_002613,Mass Affluent,T2,West,803,1,419500,28,6,Direct Mail,Referral,67,true,ADV_0107
HH_002614,Mass Market,T1,Northeast,504,2,200200,7,6,Advisor,Web,85,true,ADV_0041
HH_002615,Mass Affluent,T2,Northeast,501,1,548500,20,1,Advisor,Digital Ad,91,true,ADV_0054
HH_002616,Mass Market,T1,Northeast,506,1,194600,20,4,Email,Digital Ad,29,true,ADV_0051
HH_002617,Mass Market,T1,Southeast,528,1,68800,23,1,Digital,Advisor Prospecting,57,true,ADV_0114
HH_002618,Mass Affluent,T2,Northeast,512,2,662000,11,5,Digital,Advisor Prospecting,41,true,ADV_0079
HH_002619,Mass Affluent,T2,Southeast,524,2,412500,8,3,Phone,Web,67,true,ADV_0065
HH_002620,Mass Market,T1,Midwest,617,1,103200,24,5,Direct Mail,Web,83,true,ADV_0037
HH_002621,Mass Market,T1,West,753,1,77800,16,6,Digital,Referral,62,true,ADV_0100
HH_002622,High Net Worth,T4,Northeast,504,1,8200000,30,6,Advisor,Referral,98,true,ADV_0048
HH_002623,Affluent,T3,South,659,3,1170000,12,5,Email,Web,65,true,ADV_0085
HH_002624,Ultra HNW,T5,Midwest,617,2,32280000,16,3,Direct Mail,Web,73,true,ADV_0002
HH_002625,Mass Affluent,T2,West,807,1,544500,17,2,Digital,Advisor Prospecting,64,true,ADV_0001
HH_002626,Mass Affluent,T2,West,819,1,675500,28,5,Direct Mail,Digital Ad,80,false,ADV_0094
HH_002627,Affluent,T3,Southeast,528,2,1131300,8,3,Digital,Seminar,48,true,ADV_0103
HH_002628,Mass Market,T1,Northeast,511,2,128600,17,4,Direct Mail,Advisor Prospecting,47,true,ADV_0060
HH_002629,Affluent,T3,West,807,3,1288800,14,1,Email,Seminar,60,true,ADV_0051
HH_002630,Mass Market,T1,South,641,2,110800,3,1,Direct Mail,Web,38,true,ADV_0018
HH_002631,Mass Affluent,T2,Midwest,617,3,584000,16,1,Phone,Seminar,56,false,ADV_0046
HH_002632,Mass Market,T1,West,753,2,138000,8,6,Phone,Advisor Prospecting,59,true,ADV_0044
HH_002633,Affluent,T3,Midwest,602,1,1561300,11,1,Email,Seminar,27,true,ADV_0087
HH_002634,Affluent,T3,Midwest,602,2,1216300,26,1,Direct Mail,Digital Ad,50,true,ADV_0012
HH_002635,Mass Market,T1,South,623,3,153800,22,4,Direct Mail,Advisor Prospecting,54,true,ADV_0070
HH_002636,Mass Affluent,T2,Northeast,511,2,455500,24,2,Digital,Referral,45,false,ADV_0054
HH_002637,Mass Affluent,T2,Midwest,510,1,578500,22,1,Digital,Advisor Prospecting,12,true,ADV_0094
HH_002638,Mass Market,T1,Midwest,510,1,117600,1,6,Email,Advisor Prospecting,48,false,ADV_0048
HH_002639,Mass Affluent,T2,Midwest,616,1,291500,26,2,Email,Seminar,85,true,ADV_0079
HH_002640,High Net Worth,T4,Midwest,510,2,5960000,15,3,Digital,Seminar,28,true,ADV_0095
HH_002641,Affluent,T3,West,807,2,1392500,27,1,Email,Digital Ad,57,true,ADV_0022
HH_002642,Affluent,T3,Southeast,528,2,1232500,4,3,Direct Mail,Digital Ad,39,true,ADV_0036
HH_002643,Mass Market,T1,Midwest,609,1,54600,27,4,Phone,Advisor Prospecting,60,false,ADV_0033
HH_002644,Mass Affluent,T2,Midwest,527,2,294500,19,3,Phone,Web,48,true,ADV_0051
HH_002645,Mass Market,T1,West,807,2,123000,3,5,Email,Referral,53,true,ADV_0011
HH_002646,Mass Market,T1,South,659,1,128400,19,1,Advisor,Advisor Prospecting,81,false,ADV_0020
HH_002647,Mass Affluent,T2,Midwest,527,1,320000,21,2,Digital,Referral,67,true,ADV_0061
HH_002648,Mass Market,T1,Northeast,511,1,122200,2,1,Digital,Web,46,true,ADV_0022
HH_002649,Affluent,T3,West,807,1,1086300,25,3,Digital,Advisor Prospecting,14,true,ADV_0019
HH_002650,Mass Affluent,T2,South,659,2,492000,10,3,Direct Mail,Referral,41,false,ADV_0076
HH_002651,Affluent,T3,Southeast,560,1,1890000,4,5,Direct Mail,Seminar,18,false,ADV_0074
HH_002652,Mass Affluent,T2,Southeast,528,2,504500,24,5,Advisor,Web,48,true,ADV_0011
HH_002653,Affluent,T3,Northeast,511,2,1687500,4,3,Advisor,Web,82,true,ADV_0037
HH_002654,Mass Market,T1,South,659,3,234000,5,5,Email,Referral,34,true,ADV_0053
HH_002655,Mass Affluent,T2,Midwest,510,2,493500,27,6,Direct Mail,Advisor Prospecting,14,true,ADV_0009
HH_002656,Mass Market,T1,West,753,2,62800,17,4,Digital,Referral,51,true,ADV_0071
HH_002657,Mass Affluent,T2,Midwest,505,2,605000,2,3,Email,Referral,56,true,ADV_0010
HH_002658,Mass Market,T1,Midwest,609,2,173200,28,4,Direct Mail,Referral,49,true,ADV_0093
HH_002659,Mass Market,T1,Northeast,511,2,238000,22,3,Phone,Web,26,true,ADV_0034
HH_002660,Mass Affluent,T2,Midwest,617,2,339000,21,1,Direct Mail,Advisor Prospecting,62,true,ADV_0030
HH_002661,Mass Market,T1,Midwest,510,2,191800,29,3,Direct Mail,Seminar,29,true,ADV_0037
HH_002662,Mass Affluent,T2,South,659,1,673500,8,1,Digital,Digital Ad,30,true,ADV_0108
HH_002663,Mass Affluent,T2,Northeast,501,3,655500,10,2,Advisor,Advisor Prospecting,72,false,ADV_0072
HH_002664,Affluent,T3,Southeast,528,1,946300,27,1,Phone,Seminar,55,false,ADV_0071
HH_002665,Mass Market,T1,Northeast,501,1,128800,15,1,Email,Digital Ad,23,true,ADV_0009
HH_002666,Mass Market,T1,West,753,1,181600,20,6,Direct Mail,Web,70,false,ADV_0075
HH_002667,Affluent,T3,Midwest,527,1,1090000,6,5,Advisor,Seminar,27,true,ADV_0116
HH_002668,Affluent,T3,Midwest,602,2,1146300,17,4,Email,Advisor Prospecting,58,true,ADV_0071
HH_002669,Mass Market,T1,Northeast,512,1,192000,12,3,Advisor,Seminar,73,false,ADV_0013
HH_002670,Mass Market,T1,Northeast,501,1,62600,5,3,Digital,Seminar,57,true,ADV_0022
HH_002671,Mass Market,T1,Midwest,609,2,81800,17,3,Phone,Advisor Prospecting,68,true,ADV_0071
HH_002672,Mass Affluent,T2,West,807,3,400500,16,1,Advisor,Advisor Prospecting,69,true,ADV_0008
HH_002673,Mass Affluent,T2,West,753,1,354500,10,4,Email,Advisor Prospecting,39,false,ADV_0059
HH_002674,Affluent,T3,Midwest,602,1,1571300,6,6,Phone,Digital Ad,65,true,ADV_0069
HH_002675,Mass Affluent,T2,Midwest,505,1,401500,9,6,Phone,Seminar,47,true,ADV_0017
HH_002676,Affluent,T3,Midwest,616,1,1852500,4,3,Digital,Advisor Prospecting,4,true,ADV_0113
HH_002677,Mass Market,T1,South,659,2,199400,6,3,Email,Web,75,true,ADV_0054
HH_002678,Mass Market,T1,South,659,2,69600,12,4,Direct Mail,Advisor Prospecting,33,true,ADV_0065
HH_002679,Mass Market,T1,South,623,1,228400,16,6,Advisor,Web,85,true,ADV_0019
HH_002680,Mass Market,T1,Midwest,602,1,105800,18,5,Advisor,Digital Ad,83,false,ADV_0081
HH_002681,Mass Affluent,T2,Midwest,617,1,674000,6,3,Direct Mail,Advisor Prospecting,65,true,ADV_0035
HH_002682,Mass Market,T1,Northeast,501,1,213800,30,3,Direct Mail,Digital Ad,26,true,ADV_0040
HH_002683,Affluent,T3,West,807,1,1222500,19,2,Digital,Advisor Prospecting,10,true,ADV_0120
HH_002684,Mass Market,T1,Midwest,505,2,104400,29,4,Digital,Advisor Prospecting,53,true,ADV_0085
HH_002685,Mass Affluent,T2,West,753,1,441000,25,6,Advisor,Web,64,true,ADV_0113
HH_002686,Mass Market,T1,West,807,1,77800,12,6,Email,Digital Ad,45,true,ADV_0059
HH_002687,Mass Market,T1,Southeast,528,1,101800,2,5,Digital,Digital Ad,89,true,ADV_0037
HH_002688,Affluent,T3,Midwest,602,1,990000,20,4,Direct Mail,Web,82,true,ADV_0025
HH_002689,Mass Market,T1,Northeast,511,1,79200,2,5,Phone,Advisor Prospecting,4,true,ADV_0043
HH_002690,Mass Market,T1,Northeast,501,1,208800,29,5,Phone,Advisor Prospecting,72,true,ADV_0049
HH_002691,Affluent,T3,West,753,1,1800000,11,5,Direct Mail,Web,19,true,ADV_0055
HH_002692,Mass Market,T1,Midwest,616,2,186600,27,1,Email,Advisor Prospecting,72,true,ADV_0049
HH_002693,Mass Affluent,T2,Northeast,501,2,698500,8,5,Phone,Web,59,true,ADV_0078
HH_002694,Mass Market,T1,West,753,2,162800,15,6,Phone,Referral,59,true,ADV_0080
HH_002695,Affluent,T3,Northeast,501,2,1617500,26,3,Direct Mail,Referral,75,true,ADV_0072
HH_002696,Mass Market,T1,Northeast,511,2,123800,16,5,Advisor,Digital Ad,64,true,ADV_0013
HH_002697,Mass Market,T1,West,819,1,174400,5,1,Direct Mail,Digital Ad,45,true,ADV_0016
HH_002698,Affluent,T3,West,807,2,1500000,29,1,Digital,Seminar,46,true,ADV_0038
HH_002699,Mass Affluent,T2,Midwest,609,1,417500,18,5,Email,Seminar,89,true,ADV_0075
HH_002700,Affluent,T3,Southeast,528,2,1072500,6,6,Email,Advisor Prospecting,50,true,ADV_0053
HH_002701,Mass Affluent,T2,South,659,1,726000,17,1,Phone,Seminar,32,true,ADV_0050
HH_002702,Affluent,T3,West,753,1,1603800,7,1,Phone,Seminar,37,false,ADV_0021
HH_002703,Mass Market,T1,South,659,2,89000,26,4,Advisor,Advisor Prospecting,20,true,ADV_0029
HH_002704,Affluent,T3,Midwest,510,2,887500,21,2,Direct Mail,Referral,58,true,ADV_0065
HH_002705,Affluent,T3,South,623,1,1388800,21,5,Digital,Referral,80,true,ADV_0024
HH_002706,Affluent,T3,Northeast,506,3,1637500,13,5,Email,Web,76,true,ADV_0027
HH_002707,Mass Market,T1,Southeast,528,3,234800,12,3,Email,Advisor Prospecting,57,true,ADV_0045
HH_002708,Affluent,T3,West,807,1,1416300,26,6,Phone,Seminar,53,true,ADV_0038
HH_002709,Mass Affluent,T2,Northeast,504,1,676500,3,2,Advisor,Digital Ad,85,true,ADV_0093
HH_002710,Mass Affluent,T2,Northeast,511,2,730000,14,5,Phone,Referral,60,true,ADV_0078
HH_002711,Mass Market,T1,Southeast,528,2,145400,11,1,Email,Web,52,true,ADV_0026
HH_002712,Mass Affluent,T2,Northeast,504,2,271000,16,2,Email,Web,44,true,ADV_0035
HH_002713,Mass Affluent,T2,Midwest,616,3,286000,27,3,Phone,Advisor Prospecting,77,true,ADV_0116
HH_002714,Mass Market,T1,Midwest,510,2,76600,26,1,Advisor,Seminar,87,true,ADV_0035
HH_002715,Mass Affluent,T2,West,753,1,453500,7,6,Digital,Advisor Prospecting,62,true,ADV_0094
HH_002716,Mass Market,T1,Midwest,602,2,84400,21,5,Phone,Digital Ad,50,true,ADV_0051
HH_002717,Mass Market,T1,West,819,2,196400,8,1,Direct Mail,Seminar,44,true,ADV_0081
HH_002718,Mass Market,T1,Southeast,528,2,196400,13,3,Phone,Web,2,true,ADV_0018
HH_002719,Mass Affluent,T2,West,819,2,685000,10,3,Direct Mail,Advisor Prospecting,47,true,ADV_0001
HH_002720,Mass Affluent,T2,Northeast,501,1,562500,20,2,Advisor,Seminar,36,true,ADV_0038
HH_002721,Mass Market,T1,Midwest,602,1,50600,3,5,Advisor,Web,40,true,ADV_0098
HH_002722,Mass Affluent,T2,Northeast,504,2,552500,26,5,Direct Mail,Digital Ad,28,false,ADV_0024
HH_002723,Mass Market,T1,Midwest,602,2,238200,2,1,Email,Web,48,true,ADV_0071
HH_002724,Mass Affluent,T2,Midwest,505,1,692000,24,1,Advisor,Web,93,true,ADV_0111
HH_002725,Affluent,T3,Northeast,501,1,1641300,10,6,Direct Mail,Advisor Prospecting,0,true,ADV_0106
HH_002726,High Net Worth,T4,West,807,1,3440000,25,6,Email,Advisor Prospecting,61,true,ADV_0096
HH_002727,Affluent,T3,South,659,1,1498800,29,5,Digital,Advisor Prospecting,62,true,ADV_0007
HH_002728,Mass Market,T1,Midwest,510,1,175000,15,2,Email,Web,92,true,ADV_0044
HH_002729,Affluent,T3,Northeast,504,3,765000,16,2,Phone,Seminar,38,false,ADV_0074
HH_002730,Mass Market,T1,South,659,1,181000,4,6,Advisor,Web,97,false,ADV_0035
HH_002731,Mass Market,T1,Northeast,511,3,210800,28,2,Phone,Referral,48,true,ADV_0065
HH_002732,Mass Affluent,T2,Northeast,511,2,450000,5,1,Phone,Referral,56,true,ADV_0092
HH_002733,Mass Market,T1,Southeast,528,2,221800,30,1,Digital,Referral,57,true,ADV_0010
HH_002734,Mass Market,T1,Midwest,510,2,230000,19,3,Digital,Referral,58,true,ADV_0080
HH_002735,Affluent,T3,Midwest,602,2,1873800,24,1,Direct Mail,Advisor Prospecting,52,true,ADV_0062
HH_002736,Mass Affluent,T2,Southeast,528,1,629500,23,3,Phone,Referral,42,true,ADV_0094
HH_002737,Affluent,T3,Midwest,602,2,1897500,27,6,Phone,Seminar,43,true,ADV_0094
HH_002738,Mass Affluent,T2,Midwest,510,2,723500,26,1,Digital,Referral,60,false,ADV_0110
HH_002739,Mass Affluent,T2,Northeast,504,2,306500,3,4,Direct Mail,Seminar,49,true,ADV_0074
HH_002740,Affluent,T3,Southeast,560,3,1387500,10,3,Advisor,Referral,67,true,ADV_0009
HH_002741,Mass Market,T1,Northeast,511,2,199600,10,3,Direct Mail,Advisor Prospecting,52,true,ADV_0114
HH_002742,Mass Market,T1,Midwest,609,2,182800,13,6,Direct Mail,Digital Ad,62,false,ADV_0043
HH_002743,Mass Affluent,T2,Midwest,527,2,568500,28,4,Digital,Advisor Prospecting,66,true,ADV_0076
HH_002744,Affluent,T3,Midwest,609,3,837500,17,1,Advisor,Advisor Prospecting,28,true,ADV_0120
HH_002745,Mass Market,T1,Northeast,511,3,105800,12,2,Advisor,Web,40,true,ADV_0039
HH_002746,Affluent,T3,West,819,2,1401300,27,6,Advisor,Referral,60,true,ADV_0071
HH_002747,Mass Affluent,T2,Midwest,616,1,521500,20,5,Phone,Seminar,89,true,ADV_0058
HH_002748,Affluent,T3,Northeast,511,1,1008800,15,6,Phone,Referral,26,false,ADV_0022
HH_002749,Mass Affluent,T2,Northeast,501,2,674500,25,3,Direct Mail,Referral,38,true,ADV_0028
HH_002750,Mass Affluent,T2,Northeast,511,1,551500,28,2,Advisor,Digital Ad,77,true,ADV_0100
HH_002751,Mass Affluent,T2,South,659,1,675500,21,3,Advisor,Digital Ad,13,false,ADV_0009
HH_002752,Mass Market,T1,South,659,1,53800,12,2,Phone,Web,56,false,ADV_0034
HH_002753,Mass Market,T1,Midwest,602,2,201000,2,1,Direct Mail,Digital Ad,31,true,ADV_0045
HH_002754,Affluent,T3,Northeast,511,2,1035000,21,6,Direct Mail,Advisor Prospecting,29,false,ADV_0045
HH_002755,Mass Market,T1,Northeast,501,3,219000,7,5,Digital,Referral,74,true,ADV_0098
HH_002756,Affluent,T3,West,753,1,828800,29,4,Email,Seminar,30,true,ADV_0049
HH_002757,Mass Market,T1,South,659,1,248400,12,3,Digital,Advisor Prospecting,27,true,ADV_0114
HH_002758,Mass Affluent,T2,West,819,2,506000,26,2,Phone,Advisor Prospecting,56,true,ADV_0024
HH_002759,Mass Affluent,T2,Southeast,524,1,603500,28,4,Email,Web,78,true,ADV_0108
HH_002760,Mass Market,T1,Northeast,501,1,135000,11,6,Advisor,Seminar,61,false,ADV_0120
HH_002761,Mass Market,T1,South,659,2,174600,18,4,Direct Mail,Advisor Prospecting,53,true,ADV_0040
HH_002762,Mass Affluent,T2,Midwest,510,1,557500,7,6,Phone,Digital Ad,52,true,ADV_0083
HH_002763,Mass Affluent,T2,Midwest,602,2,376500,26,5,Direct Mail,Referral,49,true,ADV_0011
HH_002764,Mass Affluent,T2,South,635,3,541000,15,3,Phone,Advisor Prospecting,43,true,ADV_0067
HH_002765,Affluent,T3,Midwest,505,2,1806300,18,2,Advisor,Referral,58,true,ADV_0094
HH_002766,Mass Market,T1,Midwest,609,1,122400,9,3,Advisor,Digital Ad,43,true,ADV_0007
HH_002767,Mass Affluent,T2,Northeast,512,1,612500,17,6,Digital,Digital Ad,62,true,ADV_0008
HH_002768,Affluent,T3,Midwest,510,1,1150000,29,4,Digital,Referral,34,true,ADV_0084
HH_002769,Mass Affluent,T2,Midwest,510,1,579500,23,1,Direct Mail,Web,22,true,ADV_0087
HH_002770,Mass Market,T1,Northeast,511,1,243200,26,5,Direct Mail,Digital Ad,7,true,ADV_0090
HH_002771,Affluent,T3,Midwest,510,3,1730000,2,3,Email,Referral,57,true,ADV_0061
HH_002772,Mass Affluent,T2,Northeast,504,2,386500,9,2,Direct Mail,Web,51,true,ADV_0087
HH_002773,Mass Market,T1,West,753,2,210600,5,6,Digital,Seminar,27,false,ADV_0082
HH_002774,Mass Market,T1,West,753,2,143600,1,6,Advisor,Web,17,true,ADV_0084
HH_002775,Mass Market,T1,Northeast,504,2,91400,22,4,Phone,Web,48,true,ADV_0103
HH_002776,Affluent,T3,Northeast,511,1,1982500,23,4,Direct Mail,Referral,89,true,ADV_0029
HH_002777,Mass Affluent,T2,West,753,3,291500,25,3,Phone,Web,44,true,ADV_0083
HH_002778,Affluent,T3,Northeast,501,1,1070000,27,1,Digital,Digital Ad,37,true,ADV_0048
HH_002779,Affluent,T3,Northeast,506,2,1856300,17,3,Digital,Web,84,true,ADV_0077
HH_002780,Mass Affluent,T2,Northeast,501,1,272500,8,1,Digital,Digital Ad,18,true,ADV_0008
HH_002781,Mass Affluent,T2,Midwest,609,2,405500,30,2,Phone,Advisor Prospecting,80,true,ADV_0021
HH_002782,Mass Affluent,T2,Southeast,528,1,346500,15,1,Email,Seminar,49,true,ADV_0056
HH_002783,Mass Affluent,T2,Midwest,527,2,394500,4,4,Advisor,Referral,52,true,ADV_0037
HH_002784,Affluent,T3,Midwest,616,1,1205000,16,3,Phone,Referral,20,true,ADV_0022
HH_002785,Mass Market,T1,Midwest,616,1,240000,30,3,Advisor,Advisor Prospecting,19,false,ADV_0051
HH_002786,Mass Market,T1,West,753,1,165200,1,3,Email,Digital Ad,73,true,ADV_0098
HH_002787,Mass Affluent,T2,West,753,2,551000,11,5,Phone,Digital Ad,57,true,ADV_0017
HH_002788,Mass Market,T1,Midwest,602,1,92400,14,1,Email,Seminar,51,true,ADV_0066
HH_002789,Affluent,T3,South,659,2,1520000,8,2,Advisor,Web,15,true,ADV_0086
HH_002790,Mass Market,T1,Northeast,501,3,75600,26,3,Email,Web,27,true,ADV_0101
HH_002791,Mass Market,T1,South,635,2,112800,6,6,Digital,Digital Ad,83,true,ADV_0094
HH_002792,Mass Affluent,T2,Midwest,616,2,535500,20,2,Phone,Seminar,49,false,ADV_0084
HH_002793,Mass Affluent,T2,Northeast,501,2,383500,27,6,Direct Mail,Referral,63,false,ADV_0097
HH_002794,Mass Affluent,T2,South,641,2,425500,10,4,Digital,Seminar,38,true,ADV_0047
HH_002795,Mass Market,T1,West,753,1,229400,5,5,Email,Advisor Prospecting,91,false,ADV_0014
HH_002796,Mass Market,T1,Southeast,528,1,99000,16,2,Email,Digital Ad,12,true,ADV_0118
HH_002797,Mass Market,T1,West,807,2,164400,27,6,Email,Digital Ad,60,true,ADV_0075
HH_002798,Mass Market,T1,South,641,2,52200,16,5,Email,Referral,42,true,ADV_0011
HH_002799,Affluent,T3,Northeast,511,2,1238800,25,1,Phone,Seminar,70,true,ADV_0035
HH_002800,Affluent,T3,West,807,2,1901300,9,6,Digital,Web,40,true,ADV_0108
HH_002801,Mass Affluent,T2,Northeast,501,2,466000,2,3,Advisor,Seminar,48,true,ADV_0012
HH_002802,Mass Market,T1,Midwest,616,3,164600,19,4,Phone,Seminar,51,false,ADV_0021
HH_002803,Mass Affluent,T2,Northeast,511,2,657500,22,5,Advisor,Digital Ad,80,true,ADV_0098
HH_002804,Mass Market,T1,Midwest,527,1,184400,22,6,Direct Mail,Digital Ad,58,false,ADV_0056
HH_002805,High Net Worth,T4,Northeast,504,2,4480000,20,2,Email,Seminar,13,true,ADV_0119
HH_002806,Affluent,T3,Midwest,609,2,1977500,11,1,Email,Referral,56,true,ADV_0107
HH_002807,Mass Market,T1,Midwest,527,2,72800,2,3,Advisor,Referral,44,true,ADV_0064
HH_002808,Mass Market,T1,South,635,2,63600,26,1,Digital,Digital Ad,63,true,ADV_0032
HH_002809,Mass Affluent,T2,Midwest,602,1,631500,3,6,Direct Mail,Referral,43,false,ADV_0108
HH_002810,Mass Affluent,T2,Southeast,560,1,266000,7,5,Digital,Web,46,false,ADV_0030
HH_002811,High Net Worth,T4,Northeast,511,2,3296000,11,2,Advisor,Digital Ad,31,true,ADV_0104
HH_002812,Mass Market,T1,Southeast,528,3,169000,17,3,Phone,Referral,40,false,ADV_0071
HH_002813,Mass Market,T1,Midwest,505,2,113200,3,5,Advisor,Web,23,true,ADV_0052
HH_002814,High Net Worth,T4,Northeast,501,1,5496000,16,2,Advisor,Seminar,74,true,ADV_0102
HH_002815,Affluent,T3,Northeast,501,2,1918800,17,3,Direct Mail,Seminar,44,true,ADV_0038
HH_002816,Affluent,T3,Northeast,501,2,816300,17,3,Direct Mail,Referral,83,false,ADV_0107
HH_002817,Mass Market,T1,Midwest,617,3,167600,1,6,Email,Digital Ad,28,false,ADV_0029
HH_002818,Mass Market,T1,Northeast,501,2,197400,19,1,Direct Mail,Referral,36,true,ADV_0006
HH_002819,Mass Market,T1,Southeast,528,1,185200,20,3,Direct Mail,Advisor Prospecting,36,true,ADV_0008
HH_002820,Mass Affluent,T2,Midwest,510,2,443000,1,6,Phone,Seminar,7,true,ADV_0070
HH_002821,Mass Affluent,T2,South,659,2,642000,19,1,Email,Web,24,true,ADV_0119
HH_002822,Mass Market,T1,Northeast,501,1,243000,10,4,Phone,Web,6,true,ADV_0023
HH_002823,Mass Affluent,T2,West,819,2,440000,16,3,Advisor,Referral,54,true,ADV_0029
HH_002824,High Net Worth,T4,South,659,1,7736000,24,2,Digital,Digital Ad,56,true,ADV_0050
HH_002825,Affluent,T3,Northeast,511,1,763800,5,4,Phone,Digital Ad,78,true,ADV_0070
HH_002826,Mass Market,T1,Midwest,602,3,229200,18,2,Digital,Advisor Prospecting,37,true,ADV_0084
HH_002827,Mass Affluent,T2,Midwest,510,1,627500,17,4,Email,Advisor Prospecting,55,true,ADV_0046
HH_002828,Affluent,T3,Southeast,528,1,955000,13,6,Digital,Seminar,66,false,ADV_0114
HH_002829,Mass Market,T1,South,641,2,207600,19,5,Email,Referral,28,true,ADV_0068
HH_002830,Mass Affluent,T2,West,807,1,360500,22,1,Digital,Web,40,false,ADV_0064
HH_002831,Mass Affluent,T2,Northeast,501,3,267000,25,2,Direct Mail,Seminar,62,true,ADV_0110
HH_002832,Mass Affluent,T2,Northeast,512,2,411000,6,5,Phone,Advisor Prospecting,52,true,ADV_0022
HH_002833,Mass Market,T1,Southeast,528,2,52000,11,1,Phone,Web,66,true,ADV_0102
HH_002834,Mass Affluent,T2,West,819,1,395500,1,2,Digital,Web,23,true,ADV_0060
HH_002835,Mass Market,T1,South,623,2,225000,4,2,Phone,Advisor Prospecting,49,true,ADV_0101
HH_002836,Mass Market,T1,Northeast,501,1,197800,8,5,Phone,Referral,74,true,ADV_0091
HH_002837,High Net Worth,T4,Midwest,510,1,8616000,12,6,Digital,Web,43,false,ADV_0029
HH_002838,High Net Worth,T4,Midwest,505,1,4552000,29,4,Email,Seminar,32,false,ADV_0120
HH_002839,Mass Market,T1,Northeast,511,2,177600,18,6,Email,Digital Ad,64,true,ADV_0102
HH_002840,Mass Affluent,T2,Midwest,527,3,429500,7,4,Advisor,Web,66,true,ADV_0090
HH_002841,Mass Market,T1,West,803,1,241400,28,2,Email,Web,46,true,ADV_0085
HH_002842,Mass Affluent,T2,Northeast,504,2,391000,1,5,Advisor,Referral,39,true,ADV_0037
HH_002843,Mass Market,T1,Midwest,510,1,129600,20,6,Direct Mail,Seminar,8,true,ADV_0032
HH_002844,Mass Affluent,T2,Midwest,617,1,329000,4,3,Advisor,Seminar,46,true,ADV_0034
HH_002845,Mass Affluent,T2,Midwest,510,1,587500,5,2,Direct Mail,Seminar,49,true,ADV_0024
HH_002846,Mass Market,T1,Northeast,501,2,188000,3,5,Digital,Web,78,true,ADV_0104
HH_002847,Mass Market,T1,South,641,3,209200,3,4,Digital,Seminar,70,true,ADV_0116
HH_002848,Affluent,T3,West,807,1,1155000,23,5,Advisor,Digital Ad,56,true,ADV_0048
HH_002849,Mass Market,T1,West,807,1,146400,23,1,Direct Mail,Advisor Prospecting,66,true,ADV_0053
HH_002850,Mass Market,T1,West,753,3,172600,1,2,Phone,Digital Ad,25,true,ADV_0079
HH_002851,Mass Affluent,T2,Northeast,501,2,285500,21,5,Direct Mail,Web,63,true,ADV_0078
HH_002852,Affluent,T3,Midwest,609,2,1551300,7,2,Phone,Advisor Prospecting,81,true,ADV_0030
HH_002853,Mass Market,T1,South,623,2,198400,19,1,Advisor,Web,41,true,ADV_0104
HH_002854,Mass Market,T1,South,641,2,214800,5,4,Advisor,Seminar,66,true,ADV_0090
HH_002855,Mass Market,T1,Midwest,617,2,80400,4,4,Advisor,Web,32,true,ADV_0021
HH_002856,Mass Affluent,T2,Southeast,528,2,361000,24,2,Digital,Web,45,true,ADV_0094
HH_002857,Mass Affluent,T2,Northeast,501,1,492500,9,6,Direct Mail,Web,93,true,ADV_0052
HH_002858,Mass Market,T1,Midwest,617,2,113600,25,4,Digital,Seminar,39,true,ADV_0118
HH_002859,Mass Market,T1,Midwest,510,1,112000,17,3,Advisor,Web,52,false,ADV_0114
HH_002860,Ultra HNW,T5,Southeast,528,2,17720000,10,3,Phone,Referral,82,true,ADV_0020
HH_002861,Mass Market,T1,Midwest,616,2,225200,16,2,Phone,Web,48,true,ADV_0068
HH_002862,Mass Affluent,T2,South,641,1,468000,17,1,Direct Mail,Advisor Prospecting,37,true,ADV_0058
HH_002863,Mass Affluent,T2,Midwest,527,3,284000,1,5,Phone,Digital Ad,52,true,ADV_0006
HH_002864,Mass Affluent,T2,Midwest,510,1,430500,29,3,Email,Seminar,40,true,ADV_0031
HH_002865,Affluent,T3,Northeast,512,1,1921300,10,4,Direct Mail,Referral,63,true,ADV_0102
HH_002866,Mass Market,T1,Southeast,528,1,171600,1,2,Direct Mail,Seminar,71,true,ADV_0015
HH_002867,Mass Affluent,T2,Northeast,511,1,594000,2,6,Email,Referral,66,true,ADV_0067
HH_002868,Mass Affluent,T2,West,753,2,618000,16,6,Digital,Web,67,true,ADV_0103
HH_002869,Mass Affluent,T2,Midwest,616,1,741500,17,3,Phone,Digital Ad,20,true,ADV_0023
HH_002870,Mass Affluent,T2,Southeast,524,2,586000,22,5,Email,Web,67,true,ADV_0106
HH_002871,Mass Market,T1,Midwest,505,1,232600,13,3,Digital,Referral,55,true,ADV_0019
HH_002872,Mass Affluent,T2,Northeast,512,1,602500,21,5,Digital,Digital Ad,22,true,ADV_0053
HH_002873,Mass Market,T1,South,641,1,117200,22,3,Advisor,Advisor Prospecting,40,true,ADV_0002
HH_002874,Mass Market,T1,Southeast,560,2,55000,23,2,Advisor,Referral,68,false,ADV_0086
HH_002875,Mass Affluent,T2,South,641,2,496500,18,5,Digital,Digital Ad,44,true,ADV_0106
HH_002876,Mass Affluent,T2,Southeast,528,2,455000,3,2,Advisor,Web,52,true,ADV_0012
HH_002877,Affluent,T3,Northeast,511,2,1486300,7,4,Advisor,Web,49,false,ADV_0003
HH_002878,Affluent,T3,Midwest,602,3,1160000,19,1,Direct Mail,Web,37,false,ADV_0105
HH_002879,Affluent,T3,Southeast,524,2,936300,19,1,Digital,Web,43,true,ADV_0047
HH_002880,Mass Market,T1,Midwest,602,1,80400,28,6,Phone,Digital Ad,76,true,ADV_0088
HH_002881,High Net Worth,T4,Northeast,511,1,9792000,2,6,Direct Mail,Seminar,67,true,ADV_0099
HH_002882,High Net Worth,T4,Southeast,528,1,3352000,20,3,Phone,Advisor Prospecting,86,false,ADV_0111
HH_002883,Mass Affluent,T2,Southeast,528,1,428500,29,6,Advisor,Digital Ad,13,true,ADV_0064
HH_002884,Mass Market,T1,West,807,2,198200,21,1,Advisor,Seminar,44,true,ADV_0056
HH_002885,High Net Worth,T4,Northeast,511,2,6792000,12,3,Advisor,Referral,52,true,ADV_0085
HH_002886,Mass Affluent,T2,Midwest,527,2,736000,9,6,Phone,Referral,33,true,ADV_0102
HH_002887,Mass Affluent,T2,Midwest,510,1,592000,23,5,Email,Advisor Prospecting,66,true,ADV_0060
HH_002888,Affluent,T3,Northeast,501,2,907500,25,6,Email,Advisor Prospecting,73,true,ADV_0095
HH_002889,Mass Market,T1,Northeast,501,1,189000,7,1,Direct Mail,Seminar,82,true,ADV_0048
HH_002890,Mass Market,T1,Northeast,504,2,115200,22,6,Phone,Referral,36,true,ADV_0076
HH_002891,Mass Market,T1,Northeast,506,1,55800,15,1,Email,Digital Ad,45,false,ADV_0027
HH_002892,Mass Affluent,T2,Midwest,616,2,669500,18,1,Advisor,Web,67,true,ADV_0051
HH_002893,Mass Market,T1,Southeast,528,1,114000,30,4,Digital,Referral,47,true,ADV_0089
HH_002894,Affluent,T3,West,753,3,1496300,2,2,Phone,Seminar,81,false,ADV_0081
HH_002895,Mass Affluent,T2,West,807,2,509500,22,6,Advisor,Seminar,87,true,ADV_0051
HH_002896,Mass Affluent,T2,Southeast,560,3,363500,2,1,Advisor,Web,82,true,ADV_0099
HH_002897,Affluent,T3,South,659,1,1197500,23,5,Email,Digital Ad,65,true,ADV_0111
HH_002898,Affluent,T3,Midwest,616,1,1301300,25,5,Phone,Web,20,true,ADV_0020
HH_002899,Mass Affluent,T2,Northeast,506,2,365000,11,4,Digital,Digital Ad,50,false,ADV_0028
HH_002900,High Net Worth,T4,West,753,2,6064000,2,4,Digital,Advisor Prospecting,97,false,ADV_0023
HH_002901,Mass Affluent,T2,Midwest,510,1,517000,22,3,Digital,Web,12,true,ADV_0016
HH_002902,Mass Affluent,T2,Northeast,501,2,663000,11,6,Email,Advisor Prospecting,39,true,ADV_0029
HH_002903,Mass Market,T1,Midwest,616,2,74800,29,3,Digital,Seminar,60,false,ADV_0092
HH_002904,Mass Market,T1,South,659,3,85000,22,5,Phone,Seminar,64,true,ADV_0066
HH_002905,Affluent,T3,Midwest,609,2,1208800,15,5,Digital,Seminar,54,true,ADV_0023
HH_002906,Affluent,T3,South,623,1,937500,14,6,Direct Mail,Web,83,true,ADV_0059
HH_002907,Mass Market,T1,West,819,1,98600,17,4,Advisor,Web,92,false,ADV_0062
HH_002908,Mass Market,T1,Northeast,504,1,53000,9,6,Email,Referral,62,false,ADV_0075
HH_002909,Mass Market,T1,Northeast,511,1,122400,19,4,Direct Mail,Advisor Prospecting,10,true,ADV_0009
HH_002910,Affluent,T3,Midwest,617,3,1428800,3,4,Advisor,Web,41,true,ADV_0039
HH_002911,Affluent,T3,Northeast,501,2,1750000,1,2,Advisor,Digital Ad,48,true,ADV_0082
HH_002912,Affluent,T3,Southeast,528,1,1772500,23,5,Email,Referral,70,true,ADV_0094
HH_002913,Mass Affluent,T2,Midwest,616,1,453000,2,3,Phone,Referral,83,true,ADV_0067
HH_002914,Mass Market,T1,Northeast,504,2,50200,2,2,Email,Web,14,true,ADV_0034
HH_002915,Mass Affluent,T2,Midwest,602,1,664000,6,5,Direct Mail,Advisor Prospecting,11,true,ADV_0007
HH_002916,Mass Affluent,T2,Midwest,602,2,257500,4,2,Direct Mail,Digital Ad,63,true,ADV_0108
HH_002917,Mass Market,T1,West,807,2,221200,17,4,Phone,Advisor Prospecting,54,false,ADV_0073
HH_002918,High Net Worth,T4,Northeast,501,2,4720000,6,6,Phone,Advisor Prospecting,44,true,ADV_0055
HH_002919,Mass Market,T1,Northeast,501,2,197600,15,4,Phone,Referral,55,true,ADV_0104
HH_002920,Mass Affluent,T2,West,803,1,441500,21,4,Direct Mail,Seminar,19,false,ADV_0068
HH_002921,High Net Worth,T4,Northeast,504,2,4472000,12,3,Advisor,Web,73,true,ADV_0004
HH_002922,Mass Affluent,T2,Northeast,504,1,615000,28,6,Phone,Advisor Prospecting,15,true,ADV_0005
HH_002923,High Net Worth,T4,Northeast,512,1,3400000,14,1,Digital,Web,85,true,ADV_0032
HH_002924,Mass Market,T1,Midwest,527,1,74600,7,2,Email,Web,60,true,ADV_0061
HH_002925,Mass Market,T1,West,807,2,174800,3,3,Phone,Digital Ad,36,true,ADV_0075
HH_002926,Mass Market,T1,South,641,1,152000,24,5,Digital,Web,73,true,ADV_0008
HH_002927,Affluent,T3,Northeast,501,2,1547500,1,1,Advisor,Seminar,38,true,ADV_0056
HH_002928,Mass Affluent,T2,South,641,2,587000,5,1,Phone,Advisor Prospecting,15,false,ADV_0083
HH_002929,High Net Worth,T4,Midwest,510,2,5320000,29,5,Advisor,Seminar,28,true,ADV_0058
HH_002930,Mass Market,T1,Southeast,528,2,233000,3,4,Advisor,Seminar,62,true,ADV_0010
HH_002931,Mass Market,T1,Midwest,602,1,221200,24,5,Digital,Seminar,72,false,ADV_0060
HH_002932,Mass Market,T1,South,659,3,80000,27,1,Email,Digital Ad,22,false,ADV_0021
HH_002933,Affluent,T3,South,641,2,1367500,20,4,Direct Mail,Digital Ad,38,true,ADV_0003
HH_002934,Mass Affluent,T2,Midwest,510,3,292500,9,6,Email,Web,54,false,ADV_0088
HH_002935,Mass Market,T1,Northeast,511,1,135800,1,3,Direct Mail,Seminar,62,false,ADV_0113
HH_002936,Mass Affluent,T2,Midwest,510,2,491000,6,4,Advisor,Web,80,true,ADV_0003
HH_002937,Affluent,T3,Midwest,505,2,1685000,11,6,Email,Advisor Prospecting,76,true,ADV_0039
HH_002938,Mass Market,T1,Northeast,504,2,234200,1,2,Phone,Referral,26,true,ADV_0100
HH_002939,High Net Worth,T4,Midwest,527,2,7456000,3,5,Email,Advisor Prospecting,91,false,ADV_0007
HH_002940,High Net Worth,T4,Northeast,501,2,5240000,24,5,Phone,Web,89,false,ADV_0007
HH_002941,High Net Worth,T4,Southeast,524,1,7360000,21,5,Email,Referral,80,true,ADV_0068
HH_002942,Mass Affluent,T2,Midwest,602,2,594000,6,4,Advisor,Seminar,13,true,ADV_0045
HH_002943,Mass Market,T1,West,807,1,198000,16,3,Advisor,Web,27,true,ADV_0073
HH_002944,Mass Affluent,T2,West,807,1,679500,8,6,Direct Mail,Digital Ad,50,true,ADV_0063
HH_002945,Mass Market,T1,Northeast,501,2,249200,5,3,Phone,Web,48,false,ADV_0082
HH_002946,Affluent,T3,Midwest,510,2,1076300,16,1,Direct Mail,Referral,63,true,ADV_0029
HH_002947,Mass Market,T1,Southeast,528,1,148000,5,6,Email,Referral,67,true,ADV_0077
HH_002948,Affluent,T3,Southeast,528,2,1523800,5,5,Advisor,Referral,41,true,ADV_0065
HH_002949,Mass Affluent,T2,Midwest,510,1,499000,4,3,Phone,Digital Ad,77,true,ADV_0011
HH_002950,Mass Affluent,T2,Southeast,560,1,471500,2,6,Advisor,Advisor Prospecting,37,true,ADV_0083
HH_002951,Mass Affluent,T2,Midwest,602,2,649000,14,1,Phone,Digital Ad,72,true,ADV_0053
HH_002952,Mass Market,T1,South,635,1,102600,28,6,Advisor,Digital Ad,73,false,ADV_0120
HH_002953,Mass Market,T1,Midwest,617,2,150000,13,4,Email,Seminar,53,false,ADV_0058
HH_002954,Affluent,T3,West,753,1,1910000,22,1,Phone,Advisor Prospecting,39,true,ADV_0108
HH_002955,Mass Affluent,T2,West,807,2,487000,22,1,Phone,Web,84,true,ADV_0017
HH_002956,Mass Market,T1,Southeast,528,1,103400,4,5,Phone,Web,33,true,ADV_0051
HH_002957,High Net Worth,T4,Midwest,527,3,8464000,28,2,Advisor,Advisor Prospecting,59,true,ADV_0059
HH_002958,Mass Affluent,T2,South,623,1,573500,28,6,Advisor,Advisor Prospecting,14,true,ADV_0022
HH_002959,Affluent,T3,Midwest,616,2,1946300,25,6,Email,Digital Ad,35,true,ADV_0064
HH_002960,Mass Affluent,T2,Northeast,504,2,555500,17,1,Digital,Referral,80,true,ADV_0026
HH_002961,Mass Market,T1,West,819,2,164600,13,4,Digital,Referral,17,true,ADV_0109
HH_002962,Mass Market,T1,Southeast,528,1,166200,15,6,Phone,Advisor Prospecting,86,true,ADV_0028
HH_002963,Mass Affluent,T2,South,659,1,318500,30,1,Advisor,Digital Ad,46,true,ADV_0036
HH_002964,Mass Affluent,T2,Northeast,504,2,283000,9,3,Phone,Web,39,false,ADV_0027
HH_002965,Mass Affluent,T2,Southeast,528,2,589500,22,5,Phone,Referral,73,true,ADV_0089
HH_002966,Affluent,T3,Midwest,617,1,1947500,13,6,Advisor,Web,8,true,ADV_0052
HH_002967,Mass Affluent,T2,Midwest,510,2,660000,1,4,Email,Advisor Prospecting,64,true,ADV_0098
HH_002968,Mass Affluent,T2,Midwest,602,1,496000,27,3,Advisor,Web,72,true,ADV_0013
HH_002969,Affluent,T3,Midwest,602,2,1127500,29,5,Advisor,Digital Ad,69,true,ADV_0015
HH_002970,Mass Affluent,T2,Midwest,510,2,596000,2,3,Advisor,Web,71,true,ADV_0088
HH_002971,Affluent,T3,South,659,2,1588800,5,2,Advisor,Digital Ad,34,true,ADV_0112
HH_002972,Mass Affluent,T2,Midwest,510,1,722000,5,6,Direct Mail,Referral,68,true,ADV_0069
